{"type":"FeatureCollection","name":"VGN","source":"© OpenStreetMap contributors, ODbL 1.0 (https://opendatacommons.org/licenses/odbl/1-0/), via Nominatim","outline":[[[11.9362,49.22],[11.9445,49.2145],[11.9546,49.2149],[11.9476,49.2188],[11.9518,49.221],[11.9467,49.2228],[11.9456,49.2269],[11.9429,49.2259],[11.941,49.2357],[11.9433,49.236],[11.9471,49.2395],[11.9467,49.2409],[11.95,49.2427],[11.9831,49.2518],[11.9819,49.2547],[11.9723,49.2559],[11.9725,49.2575],[11.9663,49.2572],[11.9673,49.2642],[11.9564,49.2656],[11.9567,49.2678],[11.9537,49.2675],[11.9536,49.2687],[11.9445,49.2692],[11.945,49.2707],[11.9474,49.2708],[11.9446,49.2749],[11.9456,49.2755],[11.9429,49.2775],[11.9476,49.2817],[11.9506,49.278],[11.9546,49.2798],[11.9632,49.2804],[11.968,49.2793],[11.9743,49.2805],[11.9819,49.2788],[11.9819,49.2813],[11.9725,49.2841],[11.9737,49.2888],[11.9787,49.2895],[11.9715,49.2921],[11.9664,49.3045],[11.9734,49.3059],[11.9728,49.309],[11.9681,49.3087],[11.9728,49.3119],[11.9738,49.3145],[11.9917,49.3187],[11.9897,49.3238],[12.0001,49.3245],[11.9995,49.3301],[11.9974,49.3306],[11.9971,49.3324],[11.9985,49.3355],[12.001,49.3369],[12.0052,49.3366],[12.0069,49.3401],[12.0112,49.3419],[12.006,49.3432],[12.0011,49.3422],[12.0006,49.3445],[11.9984,49.3445],[11.9977,49.3464],[11.9944,49.3452],[11.9959,49.3461],[11.9942,49.3471],[11.997,49.347],[11.9973,49.3503],[11.994,49.3517],[11.9994,49.3521],[12,49.35],[12.0062,49.3517],[12.0078,49.3493],[12.0172,49.3478],[12.0183,49.3492],[12.017,49.3538],[12.0237,49.3563],[12.0221,49.3543],[12.0228,49.352],[12.0327,49.3542],[12.0369,49.354],[12.0386,49.3516],[12.0431,49.3525],[12.0399,49.3495],[12.0445,49.345],[12.0478,49.3523],[12.0631,49.3533],[12.0546,49.3583],[12.0563,49.3578],[12.0581,49.3599],[12.0588,49.3639],[12.0563,49.3651],[12.0566,49.3666],[12.0507,49.3669],[12.0506,49.3691],[12.0565,49.3695],[12.0631,49.3734],[12.0611,49.3738],[12.0604,49.3768],[12.0644,49.3802],[12.0532,49.3784],[12.0493,49.3824],[12.0523,49.389],[12.0612,49.3872],[12.0627,49.3891],[12.0471,49.3935],[12.0464,49.3924],[12.0274,49.3959],[12.0261,49.3947],[12.0215,49.397],[12.0086,49.3912],[11.9998,49.392],[12.0002,49.3942],[12.0076,49.3961],[11.9993,49.3961],[11.9995,49.3979],[12.0076,49.4062],[11.9997,49.4104],[11.9925,49.4119],[11.9911,49.4158],[11.9845,49.4169],[11.985,49.4196],[11.9775,49.4224],[11.9794,49.4264],[11.9953,49.4259],[11.9942,49.428],[11.979,49.4307],[11.9819,49.4327],[11.9787,49.4337],[11.9771,49.4368],[11.9855,49.4348],[11.979,49.4353],[11.9827,49.4338],[11.9971,49.4335],[12.004,49.4308],[12.0082,49.4317],[12.0137,49.4306],[12.0202,49.4338],[12.0218,49.4311],[12.0335,49.4298],[12.0346,49.4315],[12.034,49.4389],[12.0376,49.4466],[12.0345,49.4484],[12.0342,49.4514],[12.0395,49.4505],[12.039,49.4567],[12.0363,49.4586],[12.0368,49.4602],[12.0417,49.4608],[12.041,49.4627],[12.0368,49.4637],[12.0335,49.4669],[12.0355,49.4675],[12.0374,49.4706],[12.0326,49.4804],[12.0385,49.4826],[12.0389,49.4842],[12.0366,49.485],[12.0391,49.4854],[12.0353,49.4867],[12.0335,49.4847],[12.033,49.4868],[12.0365,49.4897],[12.0325,49.4897],[12.0304,49.4925],[12.0363,49.494],[12.0365,49.4927],[12.0406,49.4924],[12.042,49.4943],[12.0471,49.4951],[12.058,49.4915],[12.0629,49.495],[12.0659,49.4948],[12.07,49.4916],[12.0685,49.491],[12.0685,49.4864],[12.0666,49.4852],[12.0683,49.4833],[12.0818,49.4844],[12.0821,49.4827],[12.085,49.4825],[12.0851,49.4806],[12.0849,49.4872],[12.0897,49.4863],[12.0883,49.4893],[12.0902,49.4911],[12.0938,49.4887],[12.0945,49.4908],[12.0921,49.4912],[12.0964,49.4934],[12.0957,49.4983],[12.0943,49.5018],[12.0908,49.501],[12.0901,49.5041],[12.088,49.5047],[12.0886,49.5063],[12.0846,49.509],[12.0863,49.5123],[12.0804,49.5121],[12.0797,49.5158],[12.0743,49.5177],[12.0722,49.521],[12.0735,49.522],[12.0722,49.5284],[12.0728,49.5298],[12.084,49.5323],[12.0834,49.5334],[12.0891,49.5328],[12.0867,49.5393],[12.0882,49.5429],[12.1078,49.5445],[12.1075,49.5457],[12.1142,49.5479],[12.1257,49.55],[12.134,49.5497],[12.1252,49.5562],[12.1257,49.5588],[12.128,49.5612],[12.1393,49.5636],[12.1481,49.5682],[12.1518,49.5659],[12.1587,49.5662],[12.1615,49.5637],[12.1614,49.5687],[12.1739,49.5668],[12.1765,49.5682],[12.1758,49.5697],[12.1838,49.5698],[12.1781,49.5716],[12.185,49.5747],[12.1844,49.5815],[12.18,49.5819],[12.1799,49.584],[12.1882,49.5829],[12.1875,49.5872],[12.1912,49.5911],[12.1947,49.5909],[12.1935,49.5931],[12.1948,49.594],[12.1986,49.5931],[12.1998,49.59],[12.2094,49.5867],[12.2156,49.5885],[12.2188,49.5872],[12.2194,49.5854],[12.2232,49.5884],[12.2277,49.5889],[12.2268,49.5831],[12.2329,49.5843],[12.2327,49.5805],[12.2349,49.5776],[12.2466,49.5748],[12.2425,49.5721],[12.2444,49.5697],[12.24,49.569],[12.2442,49.5669],[12.2408,49.5645],[12.2368,49.5654],[12.2366,49.5631],[12.2401,49.5616],[12.2388,49.5609],[12.2407,49.5588],[12.2454,49.5577],[12.2449,49.551],[12.2555,49.5522],[12.259,49.5502],[12.2608,49.5477],[12.2576,49.5444],[12.2596,49.54],[12.2586,49.5376],[12.2627,49.5393],[12.2651,49.5386],[12.2764,49.5441],[12.2817,49.5417],[12.2829,49.5369],[12.2883,49.538],[12.2904,49.5353],[12.2971,49.5375],[12.3002,49.5369],[12.2975,49.5305],[12.2922,49.5284],[12.2986,49.5265],[12.2912,49.5217],[12.2914,49.5182],[12.294,49.5174],[12.2985,49.5201],[12.2995,49.5188],[12.3028,49.5194],[12.3042,49.5179],[12.3036,49.514],[12.3057,49.513],[12.3104,49.5165],[12.3187,49.5131],[12.3229,49.5139],[12.3237,49.5156],[12.3253,49.5128],[12.326,49.5138],[12.3369,49.5111],[12.3417,49.5055],[12.3457,49.5069],[12.3492,49.5039],[12.3505,49.5059],[12.3531,49.5044],[12.354,49.5059],[12.3526,49.5071],[12.3556,49.5091],[12.3541,49.5106],[12.3511,49.5086],[12.3482,49.5102],[12.3484,49.5171],[12.3568,49.5151],[12.3637,49.5159],[12.3623,49.5176],[12.3658,49.513],[12.367,49.5182],[12.3737,49.5215],[12.3958,49.5197],[12.3996,49.526],[12.3988,49.5278],[12.4038,49.529],[12.4049,49.5308],[12.4027,49.532],[12.4041,49.5328],[12.406,49.5307],[12.4198,49.5317],[12.4304,49.5289],[12.4315,49.5272],[12.4275,49.5256],[12.429,49.5241],[12.4251,49.5217],[12.4281,49.5206],[12.4355,49.5223],[12.4414,49.5216],[12.445,49.5236],[12.4441,49.5252],[12.4501,49.527],[12.4493,49.5286],[12.4526,49.5315],[12.4506,49.5366],[12.447,49.5383],[12.4603,49.539],[12.4707,49.5416],[12.4728,49.5501],[12.4809,49.5538],[12.4849,49.5465],[12.4901,49.545],[12.4986,49.5454],[12.5031,49.5481],[12.5149,49.5403],[12.5282,49.5349],[12.536,49.5368],[12.541,49.5418],[12.547,49.5427],[12.5498,49.5477],[12.5488,49.5503],[12.5519,49.5509],[12.557,49.5505],[12.5554,49.5469],[12.5564,49.5437],[12.5623,49.5464],[12.5648,49.5522],[12.5694,49.5496],[12.5766,49.5484],[12.5828,49.5415],[12.5858,49.5416],[12.5884,49.5447],[12.5905,49.541],[12.589,49.5394],[12.5939,49.5422],[12.5844,49.5488],[12.5804,49.5557],[12.5741,49.5598],[12.5742,49.5644],[12.5708,49.5694],[12.5738,49.575],[12.5742,49.5811],[12.5767,49.5863],[12.5641,49.5968],[12.5623,49.609],[12.5569,49.6143],[12.5607,49.6196],[12.5458,49.6213],[12.5361,49.6179],[12.5281,49.6181],[12.5269,49.6223],[12.5326,49.6239],[12.5343,49.6261],[12.5232,49.6285],[12.5226,49.6338],[12.5281,49.6377],[12.5286,49.64],[12.5251,49.6421],[12.5183,49.6431],[12.5172,49.6454],[12.5214,49.6492],[12.5208,49.6505],[12.5244,49.6516],[12.5262,49.6543],[12.5231,49.6558],[12.5225,49.6607],[12.53,49.6661],[12.5297,49.6683],[12.5226,49.6768],[12.5218,49.6867],[12.5147,49.6878],[12.5053,49.6852],[12.4914,49.686],[12.4851,49.6879],[12.484,49.694],[12.4573,49.702],[12.453,49.7011],[12.4425,49.7038],[12.4352,49.7124],[12.4329,49.718],[12.4294,49.7201],[12.4257,49.7306],[12.4132,49.7322],[12.4125,49.7359],[12.4058,49.7403],[12.4043,49.7457],[12.4057,49.7482],[12.4006,49.7538],[12.4016,49.7594],[12.4048,49.7628],[12.4693,49.7871],[12.4727,49.7861],[12.4749,49.7902],[12.4742,49.792],[12.4698,49.7924],[12.4654,49.7951],[12.4706,49.7995],[12.4705,49.8023],[12.464,49.8101],[12.4673,49.8131],[12.4734,49.8151],[12.4763,49.8249],[12.4731,49.8337],[12.4832,49.8419],[12.498,49.8375],[12.4991,49.8473],[12.4974,49.8515],[12.4979,49.8569],[12.5077,49.8576],[12.5121,49.8594],[12.5186,49.8691],[12.5187,49.8772],[12.5216,49.8817],[12.5355,49.8908],[12.5399,49.8912],[12.55,49.9015],[12.5512,49.9093],[12.5477,49.9205],[12.5386,49.9248],[12.5038,49.9296],[12.4983,49.9325],[12.493,49.9332],[12.4943,49.9368],[12.4783,49.9355],[12.4749,49.9385],[12.4701,49.9458],[12.47,49.9483],[12.4783,49.9568],[12.4816,49.9583],[12.4906,49.9586],[12.494,49.9699],[12.4996,49.972],[12.49,49.9816],[12.4766,49.9807],[12.4754,49.9838],[12.4685,49.9894],[12.47,49.9909],[12.4672,49.9928],[12.459,49.9948],[12.4407,49.9864],[12.4315,49.9844],[12.4314,49.9886],[12.4257,49.991],[12.4353,49.9935],[12.4353,49.9984],[12.432,50.0002],[12.4317,50.0025],[12.4243,50.0003],[12.4145,50.0046],[12.4021,50.005],[12.4023,50.0077],[12.3974,50.0089],[12.4028,50.0131],[12.4004,50.015],[12.3866,50.0125],[12.3797,50.0139],[12.3778,50.0165],[12.3787,50.0191],[12.3675,50.0174],[12.3657,50.0228],[12.3574,50.0256],[12.355,50.0288],[12.349,50.0321],[12.3497,50.0333],[12.3474,50.0367],[12.3397,50.0393],[12.3357,50.0385],[12.3335,50.0348],[12.3288,50.0322],[12.3259,50.0328],[12.3245,50.0338],[12.3255,50.037],[12.3245,50.0388],[12.3157,50.046],[12.3192,50.0487],[12.3173,50.0534],[12.3144,50.0525],[12.3112,50.0554],[12.299,50.0586],[12.2793,50.0552],[12.2781,50.0577],[12.2713,50.0614],[12.261,50.0584],[12.2597,50.0611],[12.2608,50.0644],[12.2754,50.0765],[12.2655,50.079],[12.253,50.0874],[12.2524,50.0916],[12.2486,50.0908],[12.2484,50.0928],[12.2461,50.0924],[12.2444,50.0947],[12.2479,50.0956],[12.2467,50.0975],[12.2314,50.0943],[12.2303,50.0964],[12.2274,50.0971],[12.2287,50.1024],[12.2213,50.1039],[12.2105,50.1017],[12.2067,50.1066],[12.201,50.1086],[12.1996,50.1108],[12.2026,50.1154],[12.1996,50.1173],[12.1963,50.1229],[12.1974,50.1262],[12.1961,50.1327],[12.1974,50.1356],[12.1946,50.1377],[12.1952,50.1432],[12.1985,50.1437],[12.2004,50.1458],[12.2036,50.1457],[12.2013,50.1483],[12.2035,50.1506],[12.2001,50.1515],[12.2114,50.1589],[12.216,50.1682],[12.2073,50.1695],[12.2083,50.1744],[12.2039,50.1807],[12.2012,50.1886],[12.1889,50.1955],[12.1913,50.1977],[12.1976,50.1979],[12.1972,50.199],[12.1916,50.1987],[12.1901,50.2008],[12.1827,50.1992],[12.1816,50.2006],[12.1862,50.2031],[12.1841,50.2051],[12.1783,50.2048],[12.1754,50.2128],[12.1664,50.212],[12.1649,50.2135],[12.1597,50.2112],[12.1579,50.2145],[12.164,50.218],[12.163,50.2199],[12.1603,50.2198],[12.162,50.2235],[12.1573,50.2232],[12.1587,50.2257],[12.1575,50.2272],[12.1454,50.2304],[12.1518,50.2343],[12.1511,50.2357],[12.142,50.2337],[12.1413,50.2305],[12.1269,50.2324],[12.1089,50.238],[12.1066,50.2466],[12.0976,50.2464],[12.0906,50.2524],[12.1023,50.2555],[12.1017,50.259],[12.0976,50.2623],[12.106,50.2637],[12.1123,50.2677],[12.1162,50.2681],[12.1188,50.2665],[12.1205,50.2685],[12.1301,50.271],[12.1391,50.2761],[12.1401,50.2779],[12.1356,50.281],[12.1359,50.2838],[12.123,50.2907],[12.122,50.296],[12.1192,50.2988],[12.126,50.3072],[12.115,50.3131],[12.1049,50.3146],[12.0996,50.319],[12.0981,50.3231],[12.096,50.3226],[12.0941,50.3251],[12.0903,50.3243],[12.0929,50.3289],[12.0896,50.331],[12.0914,50.3325],[12.086,50.3316],[12.0876,50.3302],[12.0853,50.3311],[12.0824,50.33],[12.0831,50.3286],[12.08,50.3269],[12.0754,50.3279],[12.0747,50.3296],[12.0705,50.3293],[12.0642,50.333],[12.0613,50.3308],[12.063,50.3294],[12.0617,50.3289],[12.0568,50.3321],[12.0559,50.3313],[12.0576,50.3301],[12.0562,50.3301],[12.0581,50.3264],[12.0527,50.3309],[12.0537,50.3266],[12.0499,50.3313],[12.046,50.3312],[12.0488,50.3286],[12.0491,50.3257],[12.0477,50.3254],[12.0489,50.3238],[12.0455,50.3273],[12.0459,50.3296],[12.0379,50.336],[12.0412,50.3321],[12.0325,50.3298],[12.0293,50.3364],[12.031,50.3391],[12.0275,50.341],[12.0218,50.3394],[12.018,50.3409],[12.014,50.3441],[12.0149,50.3477],[12.0079,50.3457],[12.0039,50.3457],[12.0046,50.3471],[12.0033,50.346],[11.9968,50.3467],[11.9983,50.3524],[11.997,50.3541],[11.995,50.3522],[11.9922,50.3527],[11.9813,50.3493],[11.9727,50.3521],[11.9817,50.3587],[11.9806,50.3619],[11.9772,50.3614],[11.9797,50.3648],[11.9848,50.3649],[11.9824,50.3652],[11.9822,50.3663],[11.9845,50.3662],[11.9786,50.3691],[11.9847,50.3754],[11.9787,50.3799],[11.9813,50.3822],[11.9806,50.3843],[11.9828,50.3861],[11.9837,50.3899],[11.9755,50.3887],[11.9695,50.3946],[11.9693,50.3969],[11.9646,50.3998],[11.9604,50.3954],[11.9573,50.3971],[11.9529,50.3965],[11.9512,50.3944],[11.9489,50.3952],[11.9474,50.3975],[11.9487,50.4005],[11.9535,50.4049],[11.9523,50.406],[11.9541,50.4075],[11.9459,50.4101],[11.9433,50.4129],[11.9456,50.4162],[11.9392,50.4182],[11.9348,50.4237],[11.9303,50.4209],[11.9189,50.4248],[11.906,50.4198],[11.9058,50.4171],[11.8853,50.4159],[11.8803,50.4141],[11.8753,50.4079],[11.8681,50.4053],[11.866,50.4008],[11.8575,50.3993],[11.8523,50.4018],[11.836,50.3956],[11.835,50.3935],[11.8321,50.3952],[11.8245,50.3897],[11.8193,50.3911],[11.8183,50.3938],[11.8225,50.3978],[11.8278,50.4],[11.8253,50.4041],[11.8173,50.4005],[11.7987,50.4149],[11.798,50.4171],[11.7927,50.4184],[11.789,50.4153],[11.7862,50.4152],[11.7804,50.4188],[11.7746,50.4157],[11.7723,50.4113],[11.7549,50.416],[11.7513,50.4147],[11.7511,50.4132],[11.7632,50.4065],[11.7609,50.4051],[11.7458,50.4085],[11.7445,50.4105],[11.7382,50.4086],[11.7273,50.4004],[11.717,50.3993],[11.7139,50.3966],[11.7115,50.4018],[11.7075,50.4038],[11.6975,50.3998],[11.6953,50.396],[11.6875,50.3948],[11.6841,50.3928],[11.6729,50.3944],[11.66,50.3922],[11.649,50.3923],[11.6323,50.3879],[11.6277,50.3888],[11.6245,50.3868],[11.618,50.3886],[11.6097,50.3938],[11.6055,50.3985],[11.5944,50.4026],[11.5817,50.3991],[11.5732,50.4002],[11.5669,50.3954],[11.5652,50.3872],[11.5597,50.3839],[11.5526,50.3826],[11.5462,50.3843],[11.5343,50.3811],[11.5341,50.3794],[11.5313,50.3792],[11.5275,50.376],[11.5195,50.374],[11.5186,50.3773],[11.5207,50.381],[11.5181,50.3893],[11.5185,50.396],[11.5059,50.3965],[11.5035,50.3993],[11.4969,50.3996],[11.4895,50.3959],[11.4782,50.401],[11.4794,50.4072],[11.4861,50.4112],[11.4884,50.4162],[11.481,50.425],[11.4831,50.4298],[11.4819,50.4317],[11.4754,50.4336],[11.4752,50.4316],[11.4637,50.4323],[11.4609,50.4287],[11.4448,50.4237],[11.4436,50.4207],[11.4428,50.4218],[11.4446,50.4246],[11.4503,50.4284],[11.4514,50.4313],[11.441,50.4386],[11.4285,50.4404],[11.4198,50.4446],[11.4194,50.4546],[11.4236,50.4623],[11.4154,50.4681],[11.4205,50.4734],[11.4202,50.4792],[11.4176,50.4818],[11.4259,50.4845],[11.4213,50.486],[11.4224,50.489],[11.4203,50.4895],[11.4188,50.4934],[11.4196,50.4946],[11.4354,50.4921],[11.441,50.5001],[11.4345,50.504],[11.4336,50.508],[11.4303,50.5116],[11.4234,50.5162],[11.4088,50.5148],[11.3973,50.5164],[11.3952,50.518],[11.3962,50.5196],[11.3877,50.5157],[11.3791,50.5209],[11.3702,50.5232],[11.3578,50.5199],[11.3482,50.5201],[11.3467,50.5214],[11.3432,50.5188],[11.3463,50.5156],[11.347,50.5116],[11.3357,50.5096],[11.3254,50.5102],[11.3214,50.5086],[11.3227,50.4999],[11.3251,50.4984],[11.3232,50.491],[11.3202,50.4888],[11.3008,50.4883],[11.2995,50.4873],[11.3031,50.4866],[11.298,50.4826],[11.2977,50.4805],[11.296,50.4815],[11.2936,50.4792],[11.2917,50.4751],[11.2901,50.4765],[11.292,50.4788],[11.2891,50.4855],[11.278,50.4833],[11.2789,50.4814],[11.2727,50.4827],[11.2663,50.4789],[11.2645,50.4807],[11.257,50.4818],[11.2511,50.4806],[11.2473,50.4779],[11.245,50.4705],[11.2522,50.4635],[11.2551,50.4565],[11.2462,50.4492],[11.2637,50.4428],[11.2648,50.4378],[11.268,50.4346],[11.2667,50.4225],[11.2692,50.4193],[11.2646,50.4126],[11.2632,50.4067],[11.2608,50.4045],[11.2611,50.4018],[11.2584,50.3998],[11.2705,50.3943],[11.2645,50.3914],[11.2642,50.387],[11.2722,50.3855],[11.2765,50.3806],[11.2771,50.3754],[11.2808,50.3713],[11.2792,50.367],[11.2841,50.3607],[11.279,50.3559],[11.2623,50.3524],[11.2627,50.3512],[11.2663,50.3519],[11.2771,50.336],[11.2613,50.3379],[11.2622,50.3357],[11.2607,50.3298],[11.2625,50.3252],[11.2564,50.3223],[11.2619,50.3184],[11.2638,50.3134],[11.2668,50.3119],[11.2666,50.3096],[11.2705,50.3071],[11.2604,50.3001],[11.2514,50.299],[11.2541,50.2967],[11.2519,50.2934],[11.2597,50.2898],[11.2573,50.2883],[11.2606,50.2872],[11.2599,50.2786],[11.2623,50.2745],[11.2585,50.2736],[11.2521,50.2675],[11.2481,50.2668],[11.2472,50.2686],[11.2379,50.2723],[11.2355,50.2754],[11.2251,50.277],[11.2192,50.2813],[11.2148,50.2807],[11.2162,50.284],[11.2114,50.2846],[11.1978,50.2918],[11.1903,50.2816],[11.1901,50.2781],[11.1915,50.2774],[11.1894,50.2748],[11.1913,50.274],[11.188,50.2692],[11.1821,50.2705],[11.1755,50.2692],[11.1735,50.2709],[11.1763,50.2757],[11.1788,50.2745],[11.1839,50.2811],[11.1772,50.2812],[11.1717,50.2834],[11.1645,50.2829],[11.1591,50.2862],[11.1583,50.2891],[11.1543,50.2835],[11.1517,50.2861],[11.1453,50.2853],[11.1409,50.2893],[11.1428,50.2906],[11.143,50.2933],[11.1398,50.293],[11.1403,50.2951],[11.138,50.2994],[11.1322,50.3003],[11.1311,50.309],[11.1324,50.3119],[11.1357,50.3128],[11.1343,50.3134],[11.1385,50.3163],[11.1506,50.3211],[11.1523,50.3231],[11.1582,50.3239],[11.1591,50.3254],[11.1573,50.3266],[11.1595,50.3302],[11.1363,50.3495],[11.139,50.3536],[11.1357,50.3533],[11.1268,50.3562],[11.1219,50.3493],[11.1162,50.3498],[11.1141,50.3526],[11.1165,50.3538],[11.1194,50.3592],[11.1142,50.3672],[11.0897,50.366],[11.0876,50.3648],[11.088,50.3629],[11.0856,50.3621],[11.0865,50.3592],[11.082,50.354],[11.086,50.3523],[11.081,50.3517],[11.0733,50.3538],[11.0719,50.3518],[11.0645,50.3492],[11.0587,50.3493],[11.043,50.3448],[11.0412,50.3467],[11.0369,50.3452],[11.0351,50.3487],[11.0301,50.3514],[11.0434,50.3524],[11.0321,50.3551],[11.0315,50.354],[11.0332,50.3574],[11.0364,50.3587],[11.0334,50.3613],[11.0243,50.3604],[11.0199,50.3623],[11.0193,50.3608],[11.0081,50.3651],[10.9934,50.3654],[10.9922,50.3605],[10.994,50.3574],[10.9931,50.3553],[10.9942,50.3536],[10.9977,50.3538],[10.9989,50.3503],[10.9961,50.3467],[10.9926,50.3492],[10.9859,50.3473],[10.9826,50.352],[10.9617,50.3678],[10.9565,50.3686],[10.9628,50.3719],[10.9625,50.377],[10.9607,50.3775],[10.9597,50.3753],[10.9486,50.3815],[10.9496,50.3837],[10.9372,50.3922],[10.93,50.3919],[10.9118,50.3852],[10.9087,50.3873],[10.8991,50.3846],[10.8932,50.3802],[10.8848,50.3887],[10.8872,50.3926],[10.8782,50.3931],[10.8761,50.3966],[10.8732,50.3967],[10.8674,50.3938],[10.866,50.3893],[10.8606,50.3876],[10.8508,50.3882],[10.8498,50.3904],[10.8305,50.3927],[10.8201,50.3848],[10.8168,50.386],[10.8109,50.3841],[10.8105,50.3824],[10.8044,50.3792],[10.7903,50.3821],[10.7858,50.3853],[10.7805,50.3809],[10.774,50.3719],[10.7669,50.3705],[10.7653,50.3716],[10.7634,50.3702],[10.7648,50.3691],[10.7622,50.3682],[10.7604,50.3624],[10.7546,50.3581],[10.749,50.3579],[10.7386,50.363],[10.7153,50.3637],[10.7178,50.3555],[10.7123,50.3545],[10.714,50.3461],[10.7196,50.3495],[10.7226,50.3495],[10.7286,50.3488],[10.7267,50.3469],[10.7294,50.3447],[10.7273,50.3434],[10.7283,50.3381],[10.72,50.3333],[10.715,50.333],[10.7163,50.328],[10.7142,50.3251],[10.716,50.3208],[10.7217,50.3181],[10.7275,50.3184],[10.7367,50.3142],[10.7418,50.316],[10.7477,50.3103],[10.7508,50.3096],[10.752,50.3068],[10.7598,50.3035],[10.7625,50.2984],[10.7695,50.2931],[10.7931,50.2954],[10.7969,50.2928],[10.8025,50.292],[10.8043,50.2887],[10.8017,50.2831],[10.8042,50.2796],[10.8109,50.2795],[10.8115,50.2775],[10.8147,50.2788],[10.821,50.277],[10.8264,50.278],[10.8322,50.2736],[10.8359,50.2731],[10.8466,50.2762],[10.8452,50.27],[10.8512,50.2647],[10.8504,50.2601],[10.8521,50.2533],[10.8478,50.2452],[10.836,50.2421],[10.8358,50.2393],[10.8244,50.2375],[10.8074,50.2402],[10.8059,50.2436],[10.8069,50.2443],[10.8005,50.2516],[10.7929,50.2502],[10.782,50.2512],[10.7847,50.2485],[10.7694,50.2408],[10.7498,50.2422],[10.7459,50.2447],[10.7485,50.2476],[10.7323,50.2518],[10.727,50.2484],[10.7302,50.2445],[10.7297,50.2425],[10.7259,50.241],[10.728,50.2386],[10.727,50.2307],[10.7294,50.2303],[10.7288,50.2222],[10.7312,50.2129],[10.7246,50.2076],[10.7238,50.2052],[10.7195,50.2044],[10.717,50.2044],[10.7138,50.2085],[10.7096,50.2102],[10.7029,50.2106],[10.7001,50.2125],[10.6958,50.2117],[10.6874,50.2191],[10.6857,50.2223],[10.6869,50.2259],[10.6698,50.2211],[10.6579,50.2235],[10.6623,50.2269],[10.6597,50.2314],[10.6358,50.223],[10.6121,50.2241],[10.6101,50.2279],[10.5915,50.2205],[10.5959,50.2169],[10.5903,50.2161],[10.5853,50.2078],[10.5783,50.2068],[10.5748,50.2043],[10.5719,50.2059],[10.5691,50.2032],[10.5678,50.2055],[10.5645,50.2046],[10.5589,50.2079],[10.5557,50.2146],[10.5499,50.217],[10.5495,50.2187],[10.5516,50.2196],[10.5493,50.2229],[10.5392,50.226],[10.5393,50.2281],[10.5328,50.2324],[10.5258,50.2328],[10.5152,50.2366],[10.5149,50.2301],[10.5106,50.2274],[10.5038,50.226],[10.5019,50.2223],[10.4978,50.2216],[10.5019,50.2215],[10.4994,50.215],[10.4948,50.2147],[10.4985,50.212],[10.4818,50.212],[10.4729,50.217],[10.4751,50.2126],[10.483,50.211],[10.4884,50.2116],[10.4883,50.2105],[10.4864,50.2087],[10.4734,50.2087],[10.4622,50.2026],[10.456,50.2027],[10.4499,50.2003],[10.4515,50.1965],[10.4477,50.1956],[10.4466,50.1927],[10.438,50.1861],[10.4386,50.1793],[10.4408,50.1792],[10.441,50.1755],[10.4335,50.1732],[10.4325,50.1688],[10.4299,50.1686],[10.4303,50.1666],[10.4282,50.1664],[10.4289,50.1634],[10.4244,50.1614],[10.4252,50.1608],[10.4219,50.1566],[10.4225,50.1554],[10.4156,50.1533],[10.4101,50.1458],[10.4053,50.1457],[10.4012,50.1416],[10.3931,50.1416],[10.3958,50.1378],[10.4012,50.1364],[10.4006,50.1301],[10.4058,50.1263],[10.4066,50.1205],[10.4043,50.1201],[10.4033,50.1155],[10.3963,50.1075],[10.3939,50.1078],[10.394,50.1049],[10.3864,50.1048],[10.3867,50.103],[10.3789,50.1026],[10.3798,50.0939],[10.3771,50.0933],[10.3793,50.0907],[10.3832,50.0899],[10.3843,50.0917],[10.3968,50.0918],[10.3973,50.0882],[10.4013,50.0885],[10.4046,50.0854],[10.4133,50.0877],[10.4184,50.0841],[10.4292,50.0832],[10.4333,50.0792],[10.4312,50.0769],[10.4332,50.0761],[10.4243,50.0732],[10.424,50.0714],[10.4234,50.0741],[10.4209,50.0735],[10.4161,50.0661],[10.409,50.0669],[10.4035,50.0642],[10.4075,50.0578],[10.3968,50.0431],[10.3928,50.0449],[10.3808,50.0435],[10.3811,50.0448],[10.3836,50.045],[10.3833,50.0467],[10.3768,50.0454],[10.3762,50.0438],[10.3784,50.0435],[10.3776,50.0423],[10.3705,50.0397],[10.3751,50.0368],[10.3736,50.0362],[10.3785,50.0332],[10.3799,50.0304],[10.3788,50.0298],[10.3757,50.033],[10.3744,50.0325],[10.3733,50.0296],[10.3703,50.0277],[10.3709,50.0264],[10.3673,50.0268],[10.3617,50.0243],[10.3572,50.025],[10.3552,50.0274],[10.3579,50.0286],[10.3563,50.0305],[10.3587,50.0311],[10.3581,50.0325],[10.3561,50.032],[10.3557,50.0346],[10.351,50.035],[10.3417,50.0348],[10.3418,50.0314],[10.3394,50.03],[10.334,50.0337],[10.3205,50.0297],[10.3279,50.0214],[10.3346,50.0192],[10.3403,50.0201],[10.347,50.0185],[10.348,50.0196],[10.3587,50.0175],[10.3598,50.016],[10.3691,50.0166],[10.3805,50.0136],[10.384,50.0152],[10.3949,50.013],[10.3987,50.01],[10.3985,50.0076],[10.3896,50.0032],[10.3909,49.9992],[10.3886,49.9989],[10.3916,49.9981],[10.393,49.993],[10.3954,49.9914],[10.3977,49.9924],[10.3986,49.9906],[10.4038,49.9921],[10.4095,49.9899],[10.4075,49.9879],[10.4132,49.9875],[10.4125,49.9855],[10.4159,49.9867],[10.4192,49.9838],[10.4262,49.9829],[10.4332,49.9849],[10.4326,49.9828],[10.436,49.9816],[10.4377,49.9826],[10.4395,49.98],[10.4437,49.9788],[10.444,49.9762],[10.442,49.973],[10.439,49.9732],[10.4385,49.9716],[10.4427,49.9697],[10.442,49.9657],[10.4456,49.9636],[10.4443,49.9589],[10.4489,49.9578],[10.444,49.953],[10.4484,49.9535],[10.4523,49.9562],[10.4507,49.9569],[10.4547,49.9575],[10.4552,49.9537],[10.4568,49.9527],[10.4595,49.9536],[10.4572,49.9542],[10.4573,49.9554],[10.4638,49.9545],[10.4658,49.9521],[10.4662,49.9472],[10.4807,49.9385],[10.4946,49.9373],[10.5141,49.9316],[10.517,49.9282],[10.5085,49.9238],[10.5079,49.9255],[10.5057,49.9228],[10.5074,49.9205],[10.5045,49.92],[10.5086,49.9198],[10.5096,49.9183],[10.5084,49.9181],[10.5104,49.9179],[10.5095,49.9138],[10.5026,49.9134],[10.5105,49.9131],[10.5098,49.9104],[10.5112,49.9086],[10.5093,49.9074],[10.5138,49.9088],[10.5213,49.9032],[10.517,49.9014],[10.5231,49.901],[10.5259,49.8983],[10.5312,49.8969],[10.5303,49.8946],[10.5216,49.8965],[10.5169,49.8998],[10.5152,49.8999],[10.5175,49.8981],[10.5159,49.8976],[10.5096,49.899],[10.4968,49.9056],[10.4936,49.909],[10.4919,49.9069],[10.4947,49.9063],[10.4927,49.9059],[10.4944,49.9043],[10.4952,49.9054],[10.5043,49.8992],[10.5072,49.8992],[10.5043,49.8978],[10.5016,49.8986],[10.5029,49.8966],[10.5006,49.894],[10.4945,49.8945],[10.4869,49.8987],[10.4873,49.9027],[10.4829,49.9098],[10.4815,49.9084],[10.483,49.9066],[10.4808,49.9037],[10.4848,49.9014],[10.4863,49.8971],[10.4824,49.8917],[10.4755,49.8954],[10.4768,49.8981],[10.4753,49.8998],[10.4698,49.9003],[10.4725,49.8973],[10.4691,49.8944],[10.4614,49.8967],[10.4583,49.8991],[10.4584,49.896],[10.4665,49.893],[10.465,49.8886],[10.4756,49.8857],[10.4921,49.8847],[10.4944,49.8825],[10.4944,49.8792],[10.5024,49.8794],[10.5068,49.8815],[10.5073,49.88],[10.5051,49.8779],[10.5045,49.8725],[10.5025,49.8714],[10.4594,49.8788],[10.4555,49.8707],[10.4529,49.8722],[10.4535,49.8686],[10.4492,49.8554],[10.4444,49.8491],[10.4475,49.8485],[10.4407,49.8466],[10.4401,49.8451],[10.4422,49.8423],[10.445,49.8436],[10.4618,49.836],[10.4537,49.832],[10.4548,49.8314],[10.4529,49.8285],[10.447,49.8235],[10.4487,49.8223],[10.446,49.8233],[10.4438,49.8202],[10.4399,49.8229],[10.4116,49.8275],[10.412,49.8291],[10.4085,49.8313],[10.3953,49.8332],[10.3963,49.8358],[10.3827,49.8339],[10.3726,49.8344],[10.3733,49.8368],[10.3848,49.8356],[10.3842,49.8377],[10.3879,49.8371],[10.39,49.8379],[10.3898,49.8402],[10.3918,49.8404],[10.3899,49.8437],[10.3962,49.8436],[10.401,49.8467],[10.4011,49.849],[10.3882,49.8494],[10.3873,49.8521],[10.3924,49.8526],[10.3867,49.8576],[10.3893,49.8586],[10.3894,49.8618],[10.391,49.8615],[10.3908,49.8646],[10.3837,49.866],[10.3851,49.8673],[10.3768,49.8698],[10.3752,49.8648],[10.3738,49.8655],[10.3734,49.8642],[10.3671,49.862],[10.3656,49.8609],[10.3664,49.8592],[10.3483,49.8624],[10.3393,49.866],[10.3359,49.8632],[10.3364,49.8607],[10.3286,49.8582],[10.3298,49.8558],[10.3181,49.8546],[10.3171,49.8572],[10.3119,49.857],[10.3071,49.8608],[10.2995,49.8619],[10.3038,49.8635],[10.301,49.8664],[10.3004,49.8703],[10.2965,49.8703],[10.2965,49.8689],[10.2896,49.8714],[10.2919,49.8729],[10.293,49.8792],[10.2897,49.8915],[10.2845,49.8902],[10.2798,49.8925],[10.264,49.8858],[10.2611,49.8868],[10.2654,49.8888],[10.2615,49.8887],[10.2467,49.8811],[10.2423,49.8858],[10.237,49.8872],[10.2371,49.8901],[10.2341,49.8917],[10.2336,49.8934],[10.2371,49.8941],[10.2354,49.8974],[10.2377,49.898],[10.236,49.9014],[10.2323,49.9014],[10.233,49.9032],[10.2308,49.9068],[10.2364,49.908],[10.2372,49.9095],[10.2292,49.9109],[10.2287,49.916],[10.2153,49.9118],[10.2147,49.9136],[10.2095,49.9131],[10.2113,49.9097],[10.2096,49.9081],[10.2071,49.9085],[10.2068,49.9063],[10.2078,49.8998],[10.2115,49.8987],[10.2111,49.8963],[10.2087,49.8964],[10.2089,49.895],[10.2035,49.8932],[10.2037,49.8919],[10.1891,49.8921],[10.1856,49.8869],[10.1801,49.8841],[10.172,49.8849],[10.1669,49.8823],[10.1627,49.8753],[10.1637,49.8717],[10.1663,49.8695],[10.1643,49.8674],[10.1638,49.8599],[10.1653,49.8577],[10.1636,49.8471],[10.1388,49.8464],[10.1379,49.8495],[10.1289,49.8491],[10.1197,49.8452],[10.1213,49.8427],[10.1208,49.8405],[10.1241,49.8398],[10.122,49.8377],[10.1139,49.8387],[10.114,49.8374],[10.1073,49.836],[10.0967,49.8373],[10.0894,49.8359],[10.0867,49.8374],[10.0836,49.8341],[10.0847,49.833],[10.0687,49.8278],[10.0673,49.8271],[10.0685,49.8262],[10.065,49.8253],[10.0651,49.8231],[10.0606,49.8219],[10.0657,49.8204],[10.0648,49.8175],[10.0619,49.8154],[10.062,49.81],[10.0638,49.8087],[10.0596,49.8074],[10.0602,49.8057],[10.0583,49.805],[10.0604,49.8003],[10.0565,49.7999],[10.0578,49.796],[10.0563,49.7957],[10.061,49.7923],[10.0579,49.7919],[10.0616,49.7826],[10.0648,49.7829],[10.0626,49.7813],[10.0629,49.7771],[10.0612,49.7742],[10.0589,49.7754],[10.0561,49.7723],[10.0526,49.7736],[10.0522,49.7723],[10.0541,49.7686],[10.0599,49.7649],[10.0578,49.7624],[10.0615,49.7587],[10.0561,49.7559],[10.0562,49.7546],[10.0518,49.7543],[10.0522,49.7527],[10.0455,49.7516],[10.0462,49.7504],[10.0431,49.7499],[10.0436,49.7481],[10.0399,49.7479],[10.0406,49.7466],[10.0467,49.7466],[10.0508,49.7413],[10.0477,49.7406],[10.0521,49.7351],[10.0504,49.7333],[10.0515,49.7281],[10.0577,49.7248],[10.0577,49.7227],[10.0659,49.7222],[10.0659,49.7191],[10.0954,49.7182],[10.0976,49.7184],[10.0973,49.7197],[10.1018,49.7193],[10.103,49.7231],[10.106,49.7233],[10.1113,49.7231],[10.114,49.7211],[10.1088,49.7185],[10.1013,49.7189],[10.0961,49.7168],[10.0961,49.7154],[10.1026,49.7025],[10.1137,49.6982],[10.117,49.6932],[10.1276,49.6867],[10.1249,49.6839],[10.1209,49.6838],[10.1277,49.6769],[10.128,49.674],[10.1306,49.6706],[10.1323,49.6708],[10.1339,49.6674],[10.1234,49.667],[10.1092,49.6694],[10.1096,49.6646],[10.105,49.6622],[10.1041,49.6571],[10.1022,49.6605],[10.0997,49.6603],[10.0979,49.6623],[10.0905,49.6592],[10.0908,49.6579],[10.0879,49.6561],[10.0814,49.6469],[10.0862,49.643],[10.0836,49.6408],[10.0857,49.6376],[10.0841,49.6367],[10.0841,49.633],[10.0858,49.6333],[10.0894,49.6302],[10.0948,49.6306],[10.0988,49.6242],[10.1026,49.6275],[10.1042,49.6269],[10.1103,49.6215],[10.0996,49.6191],[10.1002,49.6175],[10.0975,49.6171],[10.0993,49.6125],[10.0899,49.611],[10.0908,49.6077],[10.0868,49.608],[10.0864,49.6027],[10.0822,49.6024],[10.083,49.5984],[10.0748,49.5963],[10.076,49.5948],[10.0695,49.5925],[10.0727,49.591],[10.0707,49.5882],[10.0731,49.5805],[10.0752,49.5806],[10.0754,49.5775],[10.0726,49.5723],[10.0744,49.5683],[10.0717,49.5673],[10.0747,49.5649],[10.0786,49.565],[10.0765,49.5634],[10.081,49.5602],[10.0807,49.5572],[10.0837,49.5547],[10.0826,49.5506],[10.0831,49.5474],[10.0845,49.5474],[10.0839,49.5422],[10.0874,49.5423],[10.0919,49.5344],[10.0886,49.5337],[10.0897,49.5304],[10.0877,49.5306],[10.088,49.5284],[10.0788,49.5273],[10.0805,49.5244],[10.079,49.5239],[10.0821,49.52],[10.0779,49.5188],[10.0835,49.5145],[10.0797,49.513],[10.0825,49.5112],[10.1057,49.5151],[10.1084,49.5113],[10.1155,49.5123],[10.1164,49.5104],[10.1213,49.511],[10.1207,49.5073],[10.1173,49.5072],[10.1186,49.5043],[10.1034,49.4986],[10.105,49.4957],[10.1011,49.4942],[10.1003,49.4914],[10.1023,49.4897],[10.101,49.4857],[10.1053,49.4836],[10.1048,49.4826],[10.108,49.4828],[10.1114,49.4779],[10.1163,49.4788],[10.1167,49.4761],[10.1149,49.4739],[10.1195,49.471],[10.1176,49.4702],[10.1179,49.4676],[10.1222,49.4638],[10.1159,49.4612],[10.1144,49.4625],[10.105,49.4631],[10.1076,49.4595],[10.0979,49.457],[10.0972,49.4514],[10.0949,49.4481],[10.1058,49.4444],[10.1118,49.4386],[10.1128,49.4389],[10.1102,49.4424],[10.1189,49.4439],[10.1218,49.4409],[10.1331,49.4379],[10.1343,49.4348],[10.1381,49.4332],[10.1337,49.4321],[10.1383,49.4282],[10.1374,49.4247],[10.1457,49.4188],[10.1473,49.4137],[10.15,49.4141],[10.1493,49.413],[10.1525,49.4116],[10.1478,49.4112],[10.1524,49.4042],[10.1512,49.4035],[10.1522,49.4012],[10.1442,49.4036],[10.1389,49.4031],[10.1448,49.4024],[10.1542,49.3988],[10.1551,49.3966],[10.1618,49.3953],[10.161,49.3904],[10.1576,49.391],[10.1563,49.3887],[10.1463,49.3883],[10.1446,49.3836],[10.1399,49.3835],[10.14,49.3858],[10.1364,49.3867],[10.132,49.3861],[10.1217,49.3879],[10.1218,49.3863],[10.1119,49.3851],[10.1072,49.3789],[10.1172,49.3691],[10.1173,49.367],[10.1135,49.3666],[10.1133,49.3597],[10.1179,49.3597],[10.1183,49.3579],[10.1246,49.3559],[10.123,49.3547],[10.1238,49.3505],[10.1222,49.3503],[10.1068,49.3529],[10.1093,49.3483],[10.1039,49.347],[10.1032,49.3414],[10.1046,49.3409],[10.1045,49.3385],[10.1089,49.3379],[10.1083,49.336],[10.1131,49.3357],[10.1129,49.3324],[10.1071,49.3324],[10.109,49.3323],[10.1105,49.3288],[10.1187,49.329],[10.1203,49.3253],[10.1231,49.3246],[10.1235,49.3257],[10.1308,49.3255],[10.1303,49.3277],[10.1398,49.3271],[10.1388,49.3257],[10.1405,49.3246],[10.1403,49.3226],[10.1427,49.3226],[10.1454,49.3164],[10.1355,49.3097],[10.1365,49.308],[10.1315,49.3051],[10.1323,49.3004],[10.1383,49.2915],[10.144,49.2904],[10.1412,49.2888],[10.1421,49.2878],[10.1499,49.288],[10.1493,49.2847],[10.1534,49.2848],[10.1566,49.2811],[10.1532,49.2819],[10.15,49.2784],[10.1464,49.2771],[10.148,49.2755],[10.1449,49.2752],[10.1464,49.272],[10.1449,49.2717],[10.1494,49.269],[10.1415,49.2675],[10.1338,49.2622],[10.1314,49.2639],[10.1276,49.2615],[10.1263,49.2624],[10.1273,49.2657],[10.1224,49.2727],[10.1312,49.2747],[10.1281,49.2759],[10.1232,49.2748],[10.1199,49.2668],[10.1178,49.2685],[10.1143,49.2666],[10.1168,49.2642],[10.116,49.2589],[10.1191,49.2577],[10.1093,49.2578],[10.1143,49.2559],[10.1259,49.2559],[10.1272,49.2534],[10.1304,49.2542],[10.1294,49.2563],[10.1331,49.2532],[10.1322,49.2513],[10.1198,49.247],[10.1243,49.2457],[10.1232,49.2441],[10.1248,49.2427],[10.1228,49.2408],[10.1265,49.2361],[10.1263,49.2302],[10.1279,49.2278],[10.1259,49.2272],[10.1266,49.2246],[10.1324,49.2173],[10.1392,49.216],[10.1405,49.2088],[10.1257,49.2108],[10.1248,49.2095],[10.1272,49.2098],[10.1274,49.2042],[10.1311,49.2031],[10.1245,49.2007],[10.1249,49.1989],[10.1301,49.199],[10.127,49.1973],[10.1291,49.1956],[10.1303,49.1963],[10.129,49.1972],[10.1328,49.1978],[10.1312,49.1992],[10.1351,49.2002],[10.1383,49.1971],[10.1412,49.1976],[10.142,49.1954],[10.157,49.1926],[10.1528,49.19],[10.1572,49.1901],[10.157,49.1877],[10.1605,49.1851],[10.1597,49.183],[10.1673,49.1812],[10.1662,49.1794],[10.1681,49.1782],[10.171,49.178],[10.1714,49.1792],[10.1762,49.1799],[10.1764,49.1816],[10.1813,49.1826],[10.1812,49.1767],[10.1784,49.1761],[10.1773,49.1732],[10.1831,49.1718],[10.1856,49.173],[10.1847,49.1711],[10.1867,49.1704],[10.1867,49.1725],[10.1894,49.1743],[10.188,49.1697],[10.1902,49.1709],[10.1952,49.1699],[10.1926,49.1676],[10.1972,49.1636],[10.1959,49.1626],[10.1996,49.1602],[10.1987,49.157],[10.1968,49.1558],[10.2051,49.1556],[10.2067,49.159],[10.2117,49.1603],[10.2129,49.1628],[10.2181,49.1635],[10.2198,49.1614],[10.2186,49.1601],[10.2226,49.16],[10.2241,49.1618],[10.228,49.1599],[10.232,49.1564],[10.231,49.1535],[10.2369,49.1519],[10.2384,49.1494],[10.2482,49.1493],[10.2485,49.1458],[10.2519,49.1437],[10.2515,49.1419],[10.2556,49.1381],[10.2515,49.134],[10.2557,49.1318],[10.2571,49.129],[10.2528,49.13],[10.2511,49.1262],[10.2431,49.1257],[10.24,49.1241],[10.2408,49.1221],[10.2372,49.1203],[10.2302,49.1191],[10.2251,49.1202],[10.2248,49.119],[10.2296,49.117],[10.2298,49.1133],[10.2265,49.1129],[10.2294,49.1112],[10.2278,49.1103],[10.2154,49.1134],[10.2153,49.1113],[10.2135,49.1114],[10.2161,49.106],[10.2122,49.1017],[10.2136,49.101],[10.2074,49.1009],[10.2074,49.0994],[10.2102,49.1006],[10.2108,49.0969],[10.2078,49.0994],[10.204,49.0974],[10.2117,49.0943],[10.2228,49.0981],[10.2253,49.0953],[10.2261,49.0901],[10.228,49.0892],[10.2331,49.0903],[10.2324,49.0918],[10.2335,49.092],[10.2351,49.0905],[10.2428,49.0931],[10.2444,49.0927],[10.244,49.0906],[10.2476,49.093],[10.2505,49.0923],[10.2478,49.0919],[10.2506,49.0903],[10.2459,49.0804],[10.2471,49.0798],[10.2425,49.0788],[10.2412,49.0801],[10.2433,49.0811],[10.2409,49.0821],[10.2393,49.0788],[10.234,49.0763],[10.2354,49.0739],[10.2395,49.0747],[10.2425,49.0723],[10.2456,49.0744],[10.2583,49.0702],[10.2592,49.0651],[10.2655,49.0617],[10.2586,49.0597],[10.2565,49.0615],[10.2569,49.053],[10.255,49.0542],[10.2553,49.0521],[10.2519,49.0496],[10.2557,49.0446],[10.2506,49.0433],[10.2503,49.0404],[10.2549,49.0387],[10.259,49.0427],[10.2631,49.0422],[10.2617,49.0437],[10.2658,49.0453],[10.268,49.0429],[10.2772,49.0426],[10.2744,49.0408],[10.2771,49.0383],[10.2847,49.0365],[10.2885,49.0402],[10.2855,49.0423],[10.2875,49.0431],[10.2877,49.0413],[10.2913,49.0422],[10.2928,49.0408],[10.2952,49.0425],[10.3043,49.0383],[10.302,49.0383],[10.3025,49.0314],[10.3095,49.0319],[10.3187,49.0287],[10.3211,49.0254],[10.3291,49.0242],[10.3274,49.0302],[10.331,49.0289],[10.3314,49.0266],[10.3332,49.0268],[10.3319,49.0302],[10.3329,49.032],[10.3366,49.0297],[10.3369,49.0274],[10.3501,49.0283],[10.3511,49.0221],[10.3458,49.0205],[10.3455,49.0174],[10.3484,49.017],[10.349,49.0151],[10.3555,49.0145],[10.3576,49.0115],[10.3541,49.0047],[10.373,49.0033],[10.376,48.9996],[10.382,48.9992],[10.3808,48.9967],[10.3829,48.9942],[10.3819,48.9916],[10.3787,48.9905],[10.3816,48.9884],[10.3947,48.9902],[10.3971,48.9867],[10.4012,48.9861],[10.4027,48.9821],[10.405,48.9824],[10.4058,48.9803],[10.412,48.9786],[10.4094,48.9756],[10.4015,48.9743],[10.4031,48.9729],[10.4038,48.9669],[10.4089,48.9669],[10.4117,48.9687],[10.4106,48.9697],[10.4202,48.9684],[10.4182,48.9679],[10.4184,48.9655],[10.4197,48.9663],[10.4252,48.964],[10.4251,48.9607],[10.4209,48.9611],[10.4195,48.9591],[10.4238,48.9592],[10.4263,48.9558],[10.4284,48.956],[10.4305,48.9518],[10.4322,48.9522],[10.4323,48.9506],[10.4296,48.9509],[10.4308,48.9463],[10.435,48.9442],[10.443,48.9459],[10.4458,48.9434],[10.4448,48.9403],[10.4515,48.9387],[10.4518,48.9373],[10.4477,48.9366],[10.449,48.9345],[10.44,48.9354],[10.4379,48.9332],[10.4453,48.9301],[10.4491,48.926],[10.452,48.9265],[10.4568,48.9204],[10.4569,48.9171],[10.4547,48.9171],[10.454,48.915],[10.4508,48.9143],[10.4489,48.9118],[10.4441,48.9107],[10.4439,48.9085],[10.4365,48.9091],[10.4359,48.9079],[10.4308,48.9079],[10.4308,48.906],[10.425,48.9076],[10.4213,48.9061],[10.4287,48.901],[10.4407,48.8987],[10.4421,48.8957],[10.4501,48.8932],[10.4494,48.891],[10.4533,48.8902],[10.453,48.8843],[10.4505,48.8849],[10.4483,48.8809],[10.4446,48.8804],[10.4484,48.879],[10.447,48.8774],[10.4526,48.8735],[10.4509,48.8724],[10.4527,48.8712],[10.4517,48.8679],[10.4484,48.8658],[10.4504,48.8648],[10.4499,48.8628],[10.4475,48.8636],[10.4483,48.8613],[10.4539,48.8603],[10.4526,48.8533],[10.4499,48.8529],[10.4499,48.8509],[10.448,48.8512],[10.448,48.8496],[10.429,48.8457],[10.4294,48.8432],[10.4274,48.8429],[10.4264,48.837],[10.4312,48.8373],[10.4419,48.8344],[10.4437,48.8334],[10.4432,48.8321],[10.448,48.8318],[10.4493,48.8304],[10.448,48.83],[10.4482,48.8278],[10.4498,48.827],[10.4476,48.8269],[10.4496,48.8251],[10.4465,48.8242],[10.449,48.821],[10.4469,48.8191],[10.449,48.818],[10.4467,48.8175],[10.4468,48.8135],[10.4507,48.8113],[10.4425,48.8082],[10.4407,48.8049],[10.4344,48.8013],[10.4292,48.7999],[10.4246,48.8008],[10.421,48.7991],[10.4211,48.7954],[10.4307,48.7937],[10.4281,48.7909],[10.4345,48.7896],[10.4348,48.7877],[10.4302,48.7883],[10.4273,48.7862],[10.428,48.7833],[10.4293,48.7832],[10.4289,48.7816],[10.4269,48.7817],[10.4281,48.7785],[10.4319,48.7788],[10.4344,48.7764],[10.4316,48.775],[10.43,48.777],[10.4312,48.7748],[10.4284,48.7733],[10.431,48.7702],[10.4284,48.7699],[10.4282,48.773],[10.4249,48.7732],[10.4243,48.7718],[10.4213,48.7734],[10.4182,48.7728],[10.4202,48.776],[10.4167,48.7763],[10.4159,48.7723],[10.4127,48.7724],[10.412,48.7705],[10.4175,48.7697],[10.4167,48.7677],[10.4171,48.7652],[10.419,48.7648],[10.4183,48.763],[10.4234,48.758],[10.4274,48.7577],[10.4282,48.7559],[10.4238,48.7565],[10.4248,48.7555],[10.4232,48.7533],[10.4185,48.7538],[10.417,48.7511],[10.4187,48.7487],[10.4231,48.7485],[10.416,48.7478],[10.424,48.7471],[10.4252,48.7458],[10.4236,48.7442],[10.4267,48.7444],[10.4346,48.7412],[10.4314,48.7375],[10.4396,48.7389],[10.4386,48.738],[10.44,48.7338],[10.4433,48.7312],[10.4469,48.7319],[10.4428,48.7306],[10.4436,48.7293],[10.4466,48.7299],[10.448,48.7275],[10.4501,48.735],[10.4546,48.7338],[10.464,48.7363],[10.4546,48.7301],[10.4653,48.7276],[10.4656,48.7239],[10.4623,48.7243],[10.4619,48.7226],[10.4681,48.7214],[10.4656,48.72],[10.4681,48.7195],[10.4682,48.7153],[10.4736,48.712],[10.4818,48.7127],[10.4826,48.7048],[10.4808,48.7065],[10.4779,48.7047],[10.4715,48.7047],[10.4717,48.7028],[10.4778,48.7018],[10.4802,48.7],[10.4797,48.6948],[10.4874,48.6967],[10.4886,48.6992],[10.4984,48.7002],[10.4994,48.7018],[10.4976,48.7035],[10.4996,48.7042],[10.4959,48.7049],[10.4984,48.7075],[10.4964,48.7086],[10.5012,48.7113],[10.5027,48.7145],[10.5058,48.7155],[10.5042,48.7206],[10.5015,48.7224],[10.5053,48.7235],[10.5048,48.7251],[10.5066,48.7255],[10.5053,48.7276],[10.5061,48.7301],[10.5088,48.7298],[10.5138,48.7323],[10.5137,48.734],[10.5108,48.7351],[10.5145,48.7364],[10.5134,48.7398],[10.52,48.7409],[10.5219,48.7452],[10.5243,48.7474],[10.5268,48.7471],[10.527,48.7489],[10.5314,48.7517],[10.5408,48.7521],[10.5508,48.7549],[10.5504,48.7527],[10.5537,48.7528],[10.5541,48.7499],[10.5584,48.7511],[10.5584,48.7493],[10.5711,48.749],[10.5702,48.7467],[10.5732,48.7447],[10.5712,48.7439],[10.5755,48.7431],[10.5763,48.7453],[10.5803,48.7455],[10.5823,48.7434],[10.5832,48.7454],[10.5874,48.7444],[10.5872,48.7456],[10.5922,48.747],[10.6,48.7475],[10.6016,48.7523],[10.6106,48.7576],[10.6163,48.7528],[10.614,48.7499],[10.6095,48.7508],[10.6118,48.7449],[10.6116,48.7423],[10.61,48.7415],[10.6141,48.7404],[10.6132,48.7384],[10.6271,48.7392],[10.6343,48.7375],[10.6502,48.7375],[10.6526,48.7342],[10.6606,48.731],[10.6569,48.7198],[10.6529,48.7146],[10.6533,48.7087],[10.6469,48.7085],[10.6469,48.7058],[10.6441,48.7055],[10.6414,48.7092],[10.6385,48.708],[10.6472,48.7008],[10.6515,48.6993],[10.6495,48.6956],[10.6527,48.6948],[10.6514,48.6933],[10.6491,48.6935],[10.6439,48.6903],[10.6285,48.6902],[10.6285,48.6888],[10.621,48.6868],[10.6304,48.6795],[10.6557,48.6723],[10.6547,48.6703],[10.6564,48.6697],[10.6545,48.6682],[10.6583,48.6655],[10.6562,48.6647],[10.6571,48.663],[10.66,48.6642],[10.6629,48.6605],[10.6662,48.6592],[10.6622,48.6584],[10.6629,48.6574],[10.6743,48.6555],[10.6733,48.6552],[10.6757,48.6536],[10.6825,48.654],[10.6885,48.6509],[10.6905,48.6539],[10.6927,48.6517],[10.69,48.6506],[10.6924,48.65],[10.7033,48.6527],[10.7073,48.657],[10.7074,48.6607],[10.7104,48.6607],[10.7158,48.6577],[10.7176,48.655],[10.7252,48.6554],[10.7262,48.6514],[10.7325,48.6511],[10.7298,48.649],[10.7329,48.6476],[10.7361,48.6482],[10.7373,48.6521],[10.7356,48.6588],[10.7367,48.6627],[10.7475,48.6629],[10.7444,48.6495],[10.7452,48.6364],[10.7519,48.6353],[10.7538,48.6326],[10.7597,48.6346],[10.7742,48.6455],[10.7764,48.645],[10.7803,48.6417],[10.778,48.6416],[10.775,48.6383],[10.7759,48.6369],[10.7677,48.6312],[10.7731,48.6288],[10.7736,48.6234],[10.7764,48.6192],[10.7985,48.6206],[10.8007,48.6237],[10.8045,48.6242],[10.806,48.6235],[10.8055,48.6223],[10.8154,48.6249],[10.823,48.6247],[10.823,48.627],[10.835,48.6305],[10.8349,48.6347],[10.8421,48.6351],[10.8417,48.6292],[10.85,48.6314],[10.8501,48.6346],[10.8663,48.6356],[10.8757,48.6374],[10.8755,48.6387],[10.8841,48.6369],[10.8837,48.623],[10.8789,48.6219],[10.879,48.6175],[10.883,48.611],[10.8861,48.6114],[10.8874,48.5993],[10.89,48.5977],[10.8938,48.5991],[10.8968,48.5983],[10.8978,48.5916],[10.901,48.5901],[10.9036,48.5896],[10.909,48.5927],[10.9089,48.5891],[10.9128,48.5874],[10.9118,48.5849],[10.915,48.5842],[10.9235,48.586],[10.9274,48.5925],[10.9298,48.5927],[10.9294,48.5965],[10.9352,48.5971],[10.9357,48.5981],[10.9336,48.5989],[10.9382,48.5997],[10.9381,48.601],[10.9454,48.6003],[10.9507,48.6017],[10.9534,48.5997],[10.9552,48.6005],[10.9604,48.5983],[10.9601,48.6014],[10.972,48.6015],[10.9766,48.5983],[10.9812,48.5981],[10.9835,48.6009],[10.9811,48.6034],[10.9855,48.6019],[10.9874,48.6035],[10.9908,48.6025],[10.9957,48.6066],[10.9977,48.6055],[11.001,48.6084],[11.0033,48.6068],[11.0044,48.6091],[11.0034,48.6096],[11.0067,48.6093],[11.0025,48.6101],[11.0028,48.6118],[11.0086,48.6104],[11.0088,48.6147],[11.0217,48.6192],[11.0229,48.6205],[11.0221,48.6232],[11.0259,48.6264],[11.0411,48.6275],[11.0414,48.6287],[11.0393,48.6285],[11.0404,48.6298],[11.039,48.6299],[11.0358,48.6368],[11.0315,48.6394],[11.0351,48.6425],[11.0332,48.644],[11.0347,48.646],[11.0366,48.6442],[11.0395,48.6458],[11.0318,48.6493],[11.0148,48.6527],[11.0199,48.6553],[11.019,48.6585],[11.0142,48.6568],[11.0122,48.6591],[11.0088,48.66],[11.0102,48.6631],[11.0076,48.6642],[11.0092,48.6642],[11.0095,48.6659],[11.0027,48.6658],[11.0005,48.6671],[11.0021,48.6731],[10.9989,48.6732],[10.999,48.6761],[10.9976,48.6777],[10.9957,48.6768],[10.9967,48.6794],[10.9946,48.6796],[10.998,48.6822],[10.9865,48.6891],[10.9835,48.693],[10.9862,48.6967],[10.9895,48.6981],[10.9896,48.6997],[10.9878,48.7021],[10.9885,48.7057],[10.9847,48.7175],[10.984,48.7188],[10.9812,48.7186],[10.9797,48.7244],[10.985,48.7246],[10.983,48.7202],[10.9846,48.7188],[10.9885,48.719],[10.9907,48.7257],[10.9929,48.7258],[10.9942,48.7229],[10.998,48.7213],[11.0011,48.722],[11.0011,48.7235],[10.9955,48.7277],[10.998,48.7316],[11.0047,48.731],[11.0007,48.7344],[10.9913,48.7345],[10.9896,48.7369],[10.9851,48.7345],[10.9815,48.7351],[10.9884,48.7384],[10.984,48.7389],[10.9837,48.7404],[10.9871,48.741],[10.9851,48.7443],[10.9856,48.7462],[10.9892,48.7462],[10.9891,48.7474],[10.9914,48.7474],[10.9912,48.749],[10.9965,48.7508],[10.9973,48.7559],[10.9928,48.7599],[10.9968,48.7608],[10.9959,48.7635],[10.9978,48.7632],[10.9983,48.7612],[10.9985,48.764],[10.988,48.7658],[10.9769,48.7707],[10.9709,48.769],[10.9716,48.7703],[10.9703,48.7712],[10.9745,48.7751],[10.9709,48.7757],[10.9691,48.7734],[10.9652,48.7743],[10.9701,48.7762],[10.9702,48.7776],[10.974,48.7774],[10.9862,48.79],[10.9794,48.792],[10.9795,48.7947],[10.977,48.7961],[10.9777,48.7992],[10.9716,48.7995],[10.9691,48.7968],[10.9602,48.796],[10.9595,48.7995],[10.9617,48.8001],[10.9611,48.8026],[10.9557,48.8025],[10.9572,48.8035],[10.9549,48.8055],[10.9562,48.8078],[10.9522,48.8075],[10.9525,48.8099],[10.9475,48.8108],[10.9505,48.8139],[10.9645,48.8092],[10.9785,48.8092],[10.9784,48.8108],[10.9849,48.8115],[10.9853,48.8146],[10.9954,48.8168],[11.0055,48.8228],[11.0032,48.8283],[11.0011,48.8289],[10.9952,48.836],[10.9986,48.8436],[10.988,48.8411],[10.9703,48.8416],[10.9678,48.8492],[10.9687,48.8534],[10.975,48.8583],[10.9827,48.8577],[10.9848,48.8605],[10.9807,48.8619],[10.9818,48.8625],[10.9765,48.8621],[10.9777,48.8649],[10.9662,48.86],[10.9634,48.8572],[10.9646,48.8553],[10.9619,48.8582],[10.9571,48.8589],[10.9488,48.8632],[10.9372,48.8627],[10.9482,48.8643],[10.9629,48.8583],[10.9661,48.8606],[10.9627,48.8614],[10.9633,48.8635],[10.9661,48.8629],[10.963,48.8651],[10.9638,48.8692],[10.9695,48.8719],[10.974,48.8787],[11.0081,48.8864],[11.0144,48.887],[11.0185,48.8846],[11.0318,48.887],[11.0271,48.8897],[11.0295,48.8953],[11.0395,48.8978],[11.0448,48.9009],[11.0383,48.9043],[11.0314,48.9056],[11.0333,48.9093],[11.0367,48.9096],[11.0381,48.9063],[11.0453,48.902],[11.0466,48.9057],[11.0501,48.9083],[11.0586,48.9094],[11.0583,48.9132],[11.0716,48.9113],[11.0741,48.9147],[11.0729,48.9178],[11.0627,48.9269],[11.0509,48.9319],[11.0711,48.9501],[11.0699,48.9506],[11.0714,48.9519],[11.0703,48.9536],[11.0781,48.9566],[11.0831,48.9605],[11.0942,48.9619],[11.1013,48.9662],[11.1422,48.9651],[11.1394,48.9664],[11.1393,48.9682],[11.1441,48.9704],[11.1448,48.9731],[11.1409,48.9733],[11.1468,48.9807],[11.148,48.9848],[11.1426,48.9889],[11.1455,48.9896],[11.1432,48.9914],[11.1548,48.9929],[11.1591,48.996],[11.1626,48.996],[11.1634,48.9992],[11.1565,49.0002],[11.1554,49.0026],[11.1647,49.0043],[11.1641,49.0064],[11.1599,49.0079],[11.1596,49.0118],[11.1637,49.0121],[11.1622,49.0136],[11.1633,49.0148],[11.1735,49.0155],[11.1757,49.0161],[11.1755,49.0177],[11.1787,49.0172],[11.1783,49.0154],[11.1801,49.0143],[11.1856,49.014],[11.1815,49.0164],[11.1834,49.0183],[11.1898,49.0186],[11.1896,49.0229],[11.1838,49.0234],[11.186,49.0268],[11.1816,49.0272],[11.1795,49.0259],[11.1876,49.0362],[11.2019,49.0475],[11.2095,49.0459],[11.2103,49.0479],[11.2159,49.0484],[11.2166,49.0509],[11.2248,49.0481],[11.2255,49.0517],[11.2473,49.0472],[11.2515,49.0489],[11.253,49.0528],[11.2554,49.0528],[11.2516,49.0462],[11.2489,49.0458],[11.2512,49.0434],[11.2516,49.0451],[11.2534,49.0453],[11.2541,49.0417],[11.2517,49.0398],[11.2558,49.0377],[11.2552,49.0344],[11.2594,49.0339],[11.2645,49.0283],[11.2696,49.0279],[11.2656,49.0273],[11.2669,49.0173],[11.2637,49.0178],[11.2634,49.0143],[11.2673,49.0136],[11.2659,49.0124],[11.2668,49.011],[11.2703,49.0115],[11.2699,49.0099],[11.2715,49.0094],[11.275,49.0101],[11.2767,49.0067],[11.283,49.0074],[11.2862,49.0043],[11.2933,49.0051],[11.2939,49.0063],[11.2948,49.0054],[11.297,49.0061],[11.2943,49.0075],[11.2962,49.0086],[11.2955,49.0095],[11.2982,49.0106],[11.2947,49.0114],[11.2936,49.0165],[11.2973,49.0164],[11.2998,49.0096],[11.3017,49.0098],[11.302,49.0078],[11.305,49.0075],[11.3049,49.0056],[11.307,49.0054],[11.3058,49.0038],[11.3119,49.0019],[11.319,49.0021],[11.3269,48.998],[11.3328,48.9995],[11.3322,49.0005],[11.3339,49.001],[11.3328,49.0033],[11.3353,49.0077],[11.3426,49.0073],[11.3426,49.0139],[11.3461,49.0141],[11.3476,49.0166],[11.3513,49.0165],[11.346,49.0197],[11.3507,49.0211],[11.3555,49.0167],[11.3626,49.0165],[11.3658,49.014],[11.3721,49.017],[11.3814,49.0171],[11.3791,49.0217],[11.3824,49.0247],[11.3849,49.0233],[11.3865,49.031],[11.4006,49.0301],[11.4069,49.0323],[11.4056,49.0337],[11.4131,49.036],[11.4126,49.0346],[11.4144,49.035],[11.414,49.0371],[11.4072,49.0379],[11.405,49.0501],[11.4013,49.0499],[11.4007,49.0536],[11.4077,49.0538],[11.4091,49.0508],[11.4266,49.0517],[11.4256,49.0555],[11.4154,49.0625],[11.4117,49.0631],[11.4142,49.0617],[11.4127,49.0592],[11.4081,49.0601],[11.4081,49.0587],[11.4039,49.0586],[11.4037,49.0616],[11.3997,49.0616],[11.3987,49.0652],[11.3974,49.0649],[11.4003,49.0665],[11.3964,49.0669],[11.3968,49.0719],[11.3867,49.0748],[11.3889,49.0785],[11.3855,49.0785],[11.3864,49.0803],[11.3914,49.0803],[11.3938,49.0825],[11.3902,49.086],[11.392,49.0877],[11.396,49.0874],[11.3958,49.0861],[11.398,49.0855],[11.395,49.0835],[11.3975,49.0811],[11.4178,49.0725],[11.4213,49.0723],[11.4275,49.0666],[11.4291,49.0675],[11.4364,49.0652],[11.4513,49.0638],[11.4575,49.064],[11.4568,49.0656],[11.4599,49.0656],[11.4611,49.0619],[11.4647,49.0637],[11.4655,49.0625],[11.4661,49.0658],[11.4883,49.0638],[11.4948,49.0691],[11.4963,49.0728],[11.4999,49.0739],[11.499,49.0755],[11.5036,49.0768],[11.5122,49.074],[11.5109,49.0722],[11.5132,49.0718],[11.5274,49.0724],[11.5266,49.0705],[11.5297,49.0709],[11.5302,49.0693],[11.5382,49.0698],[11.5386,49.0663],[11.5433,49.0662],[11.5449,49.0642],[11.5363,49.0612],[11.5407,49.0603],[11.5395,49.0578],[11.5374,49.0584],[11.534,49.0519],[11.5322,49.0513],[11.5338,49.0493],[11.5303,49.0443],[11.5335,49.0435],[11.5335,49.041],[11.5267,49.0419],[11.5223,49.0446],[11.5149,49.0432],[11.5227,49.038],[11.5185,49.0359],[11.5203,49.0347],[11.5167,49.0334],[11.5163,49.0319],[11.5206,49.0313],[11.5221,49.0292],[11.5296,49.0299],[11.5308,49.0284],[11.5406,49.0266],[11.5402,49.0251],[11.5425,49.0244],[11.5416,49.0175],[11.5444,49.016],[11.542,49.0163],[11.5413,49.0147],[11.5429,49.0142],[11.541,49.0094],[11.535,49.011],[11.5371,49.0085],[11.5364,49.0068],[11.5437,49.0059],[11.5458,49.0033],[11.553,49.0049],[11.5518,48.9972],[11.5546,48.9951],[11.5575,48.9953],[11.5531,48.9939],[11.5529,48.9921],[11.5561,48.9924],[11.5628,48.9885],[11.5704,48.9886],[11.5729,48.9906],[11.5762,48.9893],[11.5792,48.9841],[11.5789,48.9744],[11.5823,48.9726],[11.586,48.9652],[11.5916,48.9632],[11.5923,48.9619],[11.5898,48.9598],[11.595,48.9599],[11.5936,48.9573],[11.5948,48.9539],[11.5994,48.9515],[11.5977,48.9549],[11.599,48.9561],[11.5949,48.9574],[11.5989,48.9619],[11.6064,48.9645],[11.607,48.9716],[11.6088,48.9721],[11.6083,48.9742],[11.6106,48.976],[11.6096,48.9773],[11.6115,48.9775],[11.612,48.9802],[11.6183,48.9815],[11.6218,48.984],[11.6136,48.9861],[11.6178,48.9892],[11.6135,48.991],[11.6158,48.9927],[11.6106,48.9945],[11.6175,48.9978],[11.6136,49.0008],[11.6138,49.0086],[11.6171,49.0096],[11.6219,49.0067],[11.6258,49.0067],[11.6279,49.0041],[11.6279,49.0054],[11.6329,49.0066],[11.6346,49.0053],[11.6463,49.0047],[11.6496,49.0095],[11.6582,49.0137],[11.6571,49.0155],[11.6602,49.0158],[11.6592,49.0205],[11.66,49.023],[11.6624,49.0233],[11.6624,49.0268],[11.66,49.0273],[11.6605,49.0295],[11.6637,49.0295],[11.6647,49.0319],[11.6634,49.0325],[11.6656,49.0371],[11.6715,49.0445],[11.6781,49.0452],[11.6747,49.0511],[11.6827,49.0517],[11.6892,49.056],[11.6896,49.0584],[11.6834,49.0637],[11.6749,49.0636],[11.6763,49.0653],[11.6756,49.0677],[11.6792,49.0669],[11.6788,49.0715],[11.6756,49.0706],[11.6743,49.0729],[11.6779,49.0763],[11.6753,49.0774],[11.6765,49.0789],[11.6827,49.0799],[11.6936,49.0765],[11.691,49.0797],[11.6955,49.0825],[11.6947,49.0841],[11.6982,49.0876],[11.6925,49.0898],[11.6986,49.094],[11.7004,49.0948],[11.704,49.0923],[11.7086,49.0923],[11.7141,49.0974],[11.7189,49.0963],[11.7195,49.0978],[11.7367,49.1007],[11.7355,49.1034],[11.7406,49.1008],[11.7406,49.1033],[11.7466,49.1032],[11.7428,49.1061],[11.7443,49.1073],[11.7511,49.1047],[11.7496,49.1119],[11.7476,49.114],[11.7485,49.1168],[11.75,49.117],[11.7464,49.1203],[11.7502,49.1235],[11.7582,49.1235],[11.7594,49.1247],[11.7638,49.1236],[11.7631,49.127],[11.7651,49.1278],[11.7635,49.1277],[11.7613,49.131],[11.7695,49.1318],[11.7805,49.1293],[11.7801,49.1331],[11.7741,49.1361],[11.7772,49.1386],[11.7856,49.1413],[11.7868,49.1517],[11.7894,49.1537],[11.7959,49.1548],[11.7932,49.1599],[11.7943,49.1648],[11.7999,49.1695],[11.8072,49.1715],[11.8092,49.1741],[11.8143,49.1727],[11.8149,49.1691],[11.8171,49.1689],[11.8184,49.1666],[11.8186,49.1633],[11.8245,49.1608],[11.8244,49.1594],[11.821,49.1599],[11.8232,49.1572],[11.8289,49.1605],[11.8445,49.151],[11.8427,49.154],[11.8485,49.1543],[11.8504,49.1579],[11.8528,49.1577],[11.8536,49.1557],[11.8616,49.1555],[11.863,49.1593],[11.8583,49.1607],[11.8616,49.1656],[11.8614,49.1703],[11.8816,49.1701],[11.8855,49.1715],[11.8856,49.1737],[11.8906,49.1755],[11.9066,49.1733],[11.9108,49.1799],[11.9256,49.1887],[11.9363,49.1875],[11.9366,49.1976],[11.9426,49.2043],[11.9385,49.2056],[11.9421,49.2075],[11.9397,49.2169],[11.9362,49.22]]],"features":[{"type":"Feature","properties":{"name":"Amberg","osm_relation":62772},"geometry":{"type":"Polygon","coordinates":[[[11.7767,49.4429],[11.7828,49.4411],[11.7818,49.436],[11.7839,49.4331],[11.7798,49.4315],[11.7836,49.4252],[11.7913,49.4253],[11.7894,49.4278],[11.7956,49.4301],[11.7973,49.4252],[11.7986,49.4261],[11.8062,49.4244],[11.8108,49.4266],[11.8165,49.4262],[11.8179,49.4197],[11.8312,49.4137],[11.8326,49.4149],[11.8349,49.4117],[11.8363,49.412],[11.8388,49.4194],[11.8423,49.4208],[11.8414,49.4227],[11.845,49.4248],[11.8478,49.4211],[11.8596,49.4206],[11.8597,49.4238],[11.8639,49.4232],[11.8642,49.4253],[11.8687,49.4272],[11.8702,49.4258],[11.8728,49.4263],[11.8698,49.4268],[11.8703,49.431],[11.8763,49.4305],[11.8827,49.4266],[11.8897,49.4283],[11.8941,49.432],[11.889,49.4344],[11.8922,49.4344],[11.8922,49.4369],[11.8946,49.4359],[11.8954,49.4388],[11.8984,49.4382],[11.8983,49.4398],[11.9016,49.4404],[11.9009,49.4422],[11.9076,49.4424],[11.9144,49.4452],[11.9117,49.4501],[11.9069,49.4513],[11.9099,49.4529],[11.9083,49.4547],[11.9123,49.4555],[11.9131,49.463],[11.9037,49.4613],[11.9016,49.4641],[11.9013,49.4628],[11.8963,49.4619],[11.8936,49.4632],[11.8921,49.4673],[11.8882,49.4667],[11.8889,49.4763],[11.8872,49.4827],[11.8829,49.4884],[11.8779,49.4898],[11.877,49.4944],[11.8742,49.4968],[11.8741,49.4946],[11.867,49.4954],[11.8643,49.4884],[11.8572,49.4865],[11.8569,49.4851],[11.8486,49.4842],[11.8499,49.4891],[11.8466,49.4883],[11.8466,49.4863],[11.8454,49.487],[11.8458,49.4815],[11.8433,49.4765],[11.85,49.4758],[11.8497,49.4728],[11.8459,49.4726],[11.8461,49.4682],[11.8353,49.4715],[11.8307,49.4715],[11.8303,49.4672],[11.8244,49.4689],[11.8212,49.4666],[11.8182,49.4677],[11.8175,49.4656],[11.7924,49.4715],[11.7898,49.4681],[11.7858,49.4691],[11.7813,49.4648],[11.7825,49.4638],[11.7803,49.4603],[11.789,49.4595],[11.7889,49.4589],[11.7869,49.4592],[11.7868,49.4548],[11.7767,49.4429]]]}},{"type":"Feature","properties":{"name":"Ansbach","osm_relation":62654},"geometry":{"type":"Polygon","coordinates":[[[10.4543,49.2855],[10.4623,49.2781],[10.4638,49.2788],[10.4626,49.2766],[10.4638,49.276],[10.4687,49.2775],[10.4721,49.2745],[10.4749,49.2751],[10.4732,49.2773],[10.4756,49.2802],[10.4766,49.2783],[10.4808,49.2778],[10.4831,49.2744],[10.477,49.2734],[10.4734,49.2706],[10.4723,49.2695],[10.4739,49.2673],[10.4717,49.267],[10.4726,49.2655],[10.4873,49.2681],[10.4919,49.2672],[10.4925,49.2657],[10.4952,49.2669],[10.4984,49.2653],[10.5005,49.2661],[10.5065,49.2629],[10.5065,49.259],[10.5183,49.2571],[10.5205,49.2581],[10.5192,49.2594],[10.5219,49.2602],[10.5211,49.2625],[10.5251,49.2609],[10.531,49.2632],[10.5463,49.2586],[10.5539,49.2592],[10.556,49.2568],[10.5603,49.2557],[10.5595,49.2538],[10.561,49.254],[10.5609,49.2519],[10.5671,49.2528],[10.5801,49.2502],[10.5829,49.2472],[10.5801,49.2445],[10.5905,49.243],[10.5893,49.245],[10.5924,49.2451],[10.5933,49.2431],[10.5995,49.242],[10.6083,49.2441],[10.608,49.2421],[10.6102,49.242],[10.6103,49.239],[10.6088,49.2384],[10.6309,49.2367],[10.6327,49.234],[10.6353,49.2352],[10.6402,49.2344],[10.6397,49.2365],[10.6419,49.2384],[10.6396,49.2387],[10.6396,49.2422],[10.6364,49.2425],[10.6361,49.2463],[10.6377,49.2464],[10.6375,49.2503],[10.6453,49.2526],[10.6458,49.2574],[10.6366,49.2593],[10.6302,49.2618],[10.6296,49.2641],[10.6256,49.2643],[10.6244,49.2726],[10.6169,49.2727],[10.6178,49.2744],[10.6141,49.2765],[10.6146,49.2782],[10.6232,49.2789],[10.6256,49.2812],[10.6117,49.2828],[10.6156,49.2834],[10.6146,49.2852],[10.6184,49.2867],[10.6299,49.2884],[10.6284,49.2903],[10.6321,49.2909],[10.631,49.2929],[10.6333,49.2927],[10.6351,49.3023],[10.6458,49.3048],[10.6463,49.3085],[10.6537,49.3124],[10.6529,49.3147],[10.6563,49.3147],[10.6562,49.3174],[10.6552,49.3197],[10.6492,49.318],[10.65,49.3223],[10.6416,49.3223],[10.6391,49.325],[10.6307,49.3244],[10.6259,49.3255],[10.6288,49.3265],[10.6275,49.3275],[10.614,49.3274],[10.6078,49.3297],[10.6025,49.3296],[10.6015,49.3315],[10.5966,49.3332],[10.5917,49.3328],[10.5897,49.3349],[10.5874,49.3426],[10.5786,49.3438],[10.5707,49.3425],[10.5703,49.3383],[10.5485,49.3403],[10.535,49.3332],[10.532,49.3306],[10.5316,49.3277],[10.5268,49.3242],[10.5285,49.3227],[10.5234,49.3208],[10.519,49.3229],[10.5195,49.3251],[10.509,49.3245],[10.4964,49.3282],[10.4959,49.3246],[10.4932,49.3237],[10.4857,49.3271],[10.4736,49.326],[10.4752,49.3169],[10.4786,49.3133],[10.4763,49.3112],[10.4828,49.3092],[10.4856,49.3063],[10.4926,49.3062],[10.4961,49.2995],[10.4998,49.2991],[10.4955,49.2967],[10.4983,49.2957],[10.4977,49.293],[10.4992,49.2915],[10.4903,49.2905],[10.4906,49.289],[10.4887,49.288],[10.4812,49.2861],[10.4833,49.289],[10.4813,49.2928],[10.4655,49.2932],[10.4653,49.2883],[10.4582,49.2869],[10.4585,49.2855],[10.4543,49.2855]]]}},{"type":"Feature","properties":{"name":"Bamberg","osm_relation":62525},"geometry":{"type":"Polygon","coordinates":[[[10.8265,49.8984],[10.8284,49.8945],[10.8355,49.8932],[10.8361,49.8911],[10.8347,49.8901],[10.8362,49.8869],[10.8332,49.8856],[10.8332,49.8811],[10.8358,49.8804],[10.8368,49.8814],[10.8356,49.8826],[10.8395,49.884],[10.8441,49.8824],[10.838,49.8794],[10.8395,49.8774],[10.8384,49.8753],[10.8456,49.8755],[10.8448,49.8729],[10.8504,49.8762],[10.8549,49.8743],[10.8545,49.8722],[10.856,49.8708],[10.8592,49.8712],[10.8586,49.8689],[10.8699,49.8687],[10.8652,49.8642],[10.8723,49.8641],[10.8781,49.8595],[10.886,49.8614],[10.8808,49.8588],[10.8811,49.8564],[10.8858,49.8567],[10.8871,49.8547],[10.8941,49.852],[10.9008,49.8518],[10.9006,49.8489],[10.9056,49.8491],[10.9258,49.8428],[10.9303,49.8429],[10.9289,49.8468],[10.9302,49.8476],[10.9284,49.8506],[10.9374,49.8547],[10.9439,49.8538],[10.9479,49.8561],[10.9534,49.8548],[10.9561,49.8508],[10.9606,49.849],[10.947,49.8671],[10.9461,49.8714],[10.9491,49.8766],[10.9491,49.8821],[10.9427,49.882],[10.9492,49.8827],[10.9497,49.8854],[10.949,49.8958],[10.946,49.9041],[10.9348,49.917],[10.9167,49.9286],[10.9014,49.923],[10.8854,49.9219],[10.8847,49.9187],[10.876,49.9127],[10.8736,49.9148],[10.8682,49.9119],[10.8606,49.915],[10.8596,49.9176],[10.8434,49.9178],[10.8308,49.9147],[10.8475,49.9072],[10.8454,49.907],[10.8438,49.9046],[10.8401,49.9042],[10.8397,49.9028],[10.8332,49.9018],[10.8265,49.8984]]]}},{"type":"Feature","properties":{"name":"Bayreuth","osm_relation":62640},"geometry":{"type":"MultiPolygon","coordinates":[[[[11.4751,49.9528],[11.4767,49.9552],[11.4766,49.9562],[11.4759,49.956],[11.4751,49.9528]]],[[[11.4751,49.9571],[11.4765,49.9563],[11.4799,49.9597],[11.491,49.9623],[11.4895,49.9602],[11.4896,49.9572],[11.4913,49.9552],[11.487,49.9526],[11.4862,49.9511],[11.4796,49.9491],[11.479,49.9472],[11.4834,49.9499],[11.4862,49.9502],[11.4885,49.9484],[11.4872,49.9499],[11.4879,49.9525],[11.4933,49.9546],[11.4901,49.9573],[11.4909,49.9598],[11.4967,49.965],[11.4776,49.9598],[11.4751,49.9571]]],[[[11.4943,49.9478],[11.4958,49.9456],[11.5101,49.9455],[11.5115,49.9415],[11.5152,49.9422],[11.5208,49.9379],[11.5232,49.9384],[11.5293,49.9325],[11.5281,49.931],[11.5304,49.9301],[11.5274,49.9288],[11.5202,49.929],[11.5218,49.9268],[11.5245,49.9267],[11.5266,49.9229],[11.5328,49.9198],[11.5319,49.9236],[11.5354,49.9237],[11.5459,49.9191],[11.553,49.9118],[11.5597,49.9107],[11.5635,49.9084],[11.5627,49.9073],[11.5648,49.9051],[11.5672,49.9056],[11.5665,49.9032],[11.5679,49.902],[11.5556,49.9039],[11.5546,49.8926],[11.5593,49.8934],[11.5657,49.8906],[11.571,49.8928],[11.5691,49.8891],[11.5737,49.8882],[11.5776,49.8907],[11.5772,49.8924],[11.5867,49.8908],[11.594,49.8944],[11.5988,49.8946],[11.598,49.8922],[11.6011,49.8902],[11.6014,49.894],[11.6067,49.8951],[11.6133,49.8928],[11.6129,49.8947],[11.6167,49.8957],[11.6155,49.8994],[11.6205,49.9007],[11.6201,49.8995],[11.6226,49.8989],[11.6207,49.9013],[11.6233,49.9013],[11.6259,49.9046],[11.6251,49.9055],[11.6264,49.9053],[11.626,49.9078],[11.6222,49.908],[11.6227,49.9102],[11.6194,49.9126],[11.6198,49.9154],[11.6236,49.9192],[11.6236,49.9223],[11.6321,49.9255],[11.6343,49.9291],[11.6376,49.9293],[11.6385,49.9312],[11.6473,49.9324],[11.6538,49.936],[11.6591,49.9334],[11.6692,49.9326],[11.6728,49.9351],[11.6717,49.9368],[11.6665,49.9382],[11.6687,49.9399],[11.6654,49.9422],[11.6652,49.9439],[11.6608,49.944],[11.6592,49.9417],[11.6569,49.9438],[11.6571,49.9469],[11.6522,49.9484],[11.6478,49.9529],[11.638,49.9568],[11.6421,49.9613],[11.6484,49.9594],[11.6502,49.9636],[11.6525,49.9641],[11.6513,49.9654],[11.6542,49.967],[11.65,49.9694],[11.6551,49.9721],[11.6508,49.9727],[11.6392,49.9705],[11.6313,49.9727],[11.6283,49.9696],[11.6231,49.9689],[11.6228,49.967],[11.6208,49.9668],[11.6177,49.9686],[11.6062,49.9696],[11.6031,49.9716],[11.5983,49.9713],[11.5998,49.9716],[11.5974,49.9747],[11.5923,49.9728],[11.582,49.9773],[11.5779,49.9754],[11.5727,49.9767],[11.5594,49.9742],[11.5561,49.9729],[11.5585,49.9708],[11.5482,49.9689],[11.5507,49.966],[11.5488,49.9648],[11.5449,49.9656],[11.5444,49.9635],[11.548,49.9609],[11.5444,49.9619],[11.5444,49.9592],[11.5417,49.956],[11.5382,49.9565],[11.5352,49.9617],[11.5324,49.9607],[11.5317,49.9583],[11.5252,49.9599],[11.5251,49.9587],[11.5102,49.9561],[11.5089,49.9567],[11.5111,49.9584],[11.51,49.9601],[11.5043,49.9611],[11.4977,49.9566],[11.4986,49.9549],[11.4949,49.951],[11.4943,49.9478]]]]}},{"type":"Feature","properties":{"name":"Coburg","osm_relation":62717},"geometry":{"type":"Polygon","coordinates":[[[10.8869,50.2817],[10.8943,50.2803],[10.9067,50.2692],[10.917,50.2685],[10.9219,50.2655],[10.9164,50.2659],[10.9162,50.2629],[10.92,50.2589],[10.917,50.257],[10.9182,50.2548],[10.9146,50.2535],[10.9051,50.2546],[10.9009,50.2531],[10.8966,50.2548],[10.8921,50.2505],[10.9138,50.2399],[10.9283,50.2433],[10.9289,50.2415],[10.9328,50.2418],[10.9354,50.2395],[10.9389,50.2394],[10.9447,50.2436],[10.9575,50.2451],[10.9645,50.2439],[10.966,50.2427],[10.9649,50.2382],[10.9729,50.2358],[10.9749,50.2304],[10.9723,50.2286],[10.9751,50.2268],[10.9741,50.2262],[10.9761,50.2247],[10.9753,50.2233],[10.9812,50.2218],[10.9872,50.2239],[10.9904,50.229],[10.9899,50.2305],[10.9989,50.232],[10.9944,50.236],[10.9953,50.2386],[10.9941,50.2394],[11.0009,50.2436],[11.0105,50.246],[11.01,50.2472],[11.0191,50.2479],[11.0236,50.2515],[11.027,50.2496],[11.0305,50.2502],[11.035,50.2538],[11.0332,50.2567],[11.0354,50.2602],[11.0384,50.2585],[11.0459,50.2598],[11.0518,50.2635],[11.0638,50.2651],[11.0614,50.2686],[11.0528,50.2697],[11.0503,50.2712],[11.05,50.2742],[11.0447,50.2751],[11.0407,50.2732],[11.0416,50.2716],[11.0405,50.2698],[11.0354,50.2722],[11.0238,50.2665],[11.0232,50.2682],[11.0099,50.267],[11.0053,50.2743],[10.9942,50.276],[10.9938,50.2778],[10.9885,50.2754],[10.9867,50.2772],[10.9842,50.2764],[10.9808,50.2814],[10.9938,50.2882],[10.9894,50.2917],[10.9871,50.2904],[10.9744,50.2907],[10.9645,50.2923],[10.9624,50.2978],[10.9533,50.2958],[10.9508,50.2967],[10.9508,50.2981],[10.9461,50.2989],[10.9461,50.2974],[10.9425,50.2972],[10.9427,50.2952],[10.9385,50.2955],[10.9377,50.2938],[10.9358,50.2938],[10.9361,50.2925],[10.9315,50.2938],[10.9291,50.2965],[10.9268,50.2946],[10.92,50.2948],[10.9195,50.2922],[10.9183,50.2931],[10.9181,50.2915],[10.9132,50.2906],[10.9099,50.2876],[10.9063,50.2883],[10.9057,50.286],[10.8937,50.2851],[10.8869,50.2817]]]}},{"type":"Feature","properties":{"name":"Erlangen","osm_relation":62403},"geometry":{"type":"Polygon","coordinates":[[[10.9154,49.6369],[10.9186,49.63],[10.9212,49.6286],[10.9331,49.6288],[10.9333,49.6271],[10.9198,49.6247],[10.9209,49.6213],[10.9266,49.622],[10.9222,49.6192],[10.9219,49.6178],[10.9275,49.6057],[10.9258,49.5918],[10.9267,49.5844],[10.9253,49.5826],[10.9263,49.5806],[10.9251,49.5762],[10.9158,49.5694],[10.9174,49.5679],[10.9172,49.5633],[10.9195,49.5622],[10.9185,49.562],[10.9228,49.5608],[10.928,49.5622],[10.9298,49.561],[10.9358,49.5626],[10.9373,49.5618],[10.9371,49.5576],[10.934,49.5521],[10.9377,49.5482],[10.934,49.544],[10.9357,49.5406],[10.9342,49.5403],[10.9349,49.5382],[10.9327,49.5382],[10.933,49.5346],[10.9411,49.5359],[10.952,49.5328],[10.9697,49.5335],[10.9754,49.5413],[10.9887,49.5365],[10.9905,49.5371],[10.9891,49.5376],[10.9891,49.5405],[10.9916,49.5408],[11.0062,49.5396],[11.0065,49.538],[11.012,49.5379],[11.016,49.5358],[11.0174,49.5359],[11.0178,49.5379],[11.0227,49.5379],[11.0295,49.5348],[11.0315,49.5357],[11.0305,49.5403],[11.033,49.5396],[11.0329,49.5424],[11.0389,49.5435],[11.0338,49.5486],[11.0326,49.5528],[11.033,49.5583],[11.0347,49.5585],[11.0317,49.5681],[11.0321,49.5748],[11.0353,49.5882],[11.0446,49.5917],[11.047,49.5959],[11.0511,49.5955],[11.0535,49.5969],[11.0471,49.5981],[11.0493,49.6],[11.0468,49.6023],[11.0495,49.6046],[11.0482,49.6054],[11.0497,49.6082],[11.046,49.6082],[11.0466,49.6099],[11.0447,49.6108],[11.0379,49.6108],[11.0358,49.6139],[11.0391,49.6155],[11.037,49.616],[11.0302,49.6148],[11.0217,49.6163],[11.0162,49.6108],[11.0029,49.6126],[11.0031,49.6197],[11.0023,49.6177],[10.9979,49.6193],[10.9969,49.6173],[10.9917,49.6171],[10.9874,49.6138],[10.9779,49.615],[10.9751,49.6161],[10.9729,49.6206],[10.9717,49.6198],[10.9714,49.6229],[10.9617,49.6239],[10.9578,49.6269],[10.9564,49.629],[10.9605,49.6322],[10.9551,49.6339],[10.9536,49.6358],[10.95,49.6346],[10.9439,49.6359],[10.9405,49.642],[10.9376,49.6407],[10.9285,49.6456],[10.9232,49.6375],[10.9214,49.6369],[10.9229,49.6368],[10.9217,49.6351],[10.9176,49.638],[10.9154,49.6369]],[[10.9235,49.6192],[10.9238,49.62],[10.9243,49.6196],[10.9235,49.6192]]]}},{"type":"Feature","properties":{"name":"Fürth","osm_relation":62374},"geometry":{"type":"Polygon","coordinates":[[[10.8932,49.4954],[10.894,49.4932],[10.896,49.4938],[10.896,49.492],[10.8992,49.489],[10.902,49.4883],[10.9011,49.485],[10.9026,49.4847],[10.9004,49.4843],[10.9037,49.4766],[10.9071,49.4769],[10.9122,49.4735],[10.9125,49.4711],[10.9072,49.467],[10.9112,49.4627],[10.9181,49.4637],[10.933,49.4586],[10.9467,49.4596],[10.9469,49.4582],[10.9586,49.4586],[10.9713,49.4566],[10.9722,49.454],[10.9705,49.452],[10.9751,49.4513],[10.9762,49.4532],[10.9815,49.453],[10.9806,49.4514],[10.9825,49.4481],[10.9855,49.449],[10.9846,49.4452],[10.987,49.444],[10.9867,49.4415],[10.9913,49.436],[10.9979,49.4383],[10.9966,49.4419],[10.9993,49.4421],[10.9946,49.4487],[10.996,49.4498],[10.9999,49.4487],[11.009,49.4545],[11.0111,49.4644],[11.0125,49.4658],[11.0149,49.4646],[11.0168,49.4695],[11.0158,49.4727],[11.0246,49.4714],[11.0258,49.4728],[11.026,49.4812],[11.0231,49.4811],[11.0232,49.4846],[11.0206,49.4844],[11.0204,49.4874],[11.0182,49.4872],[11.016,49.4905],[11.0171,49.4921],[11.0142,49.4926],[11.0235,49.4987],[11.0233,49.5049],[11.0251,49.505],[11.025,49.5074],[11.0282,49.5071],[11.0287,49.5087],[11.0253,49.5101],[11.0248,49.5086],[11.0172,49.5093],[11.0168,49.5074],[11.014,49.5076],[11.0059,49.5102],[11.006,49.5123],[10.9995,49.5136],[10.9982,49.5163],[10.9993,49.5165],[10.9988,49.5206],[11.004,49.5226],[10.9927,49.5269],[10.9933,49.5356],[10.9754,49.5413],[10.9697,49.5335],[10.952,49.5328],[10.9411,49.5359],[10.934,49.5346],[10.9335,49.5304],[10.9291,49.5266],[10.9349,49.5268],[10.9346,49.5234],[10.9289,49.5233],[10.9287,49.5208],[10.933,49.5208],[10.9315,49.5156],[10.9328,49.5149],[10.9339,49.5069],[10.9264,49.5059],[10.9188,49.5088],[10.9082,49.5063],[10.9067,49.5058],[10.9043,49.4995],[10.9012,49.4999],[10.9023,49.4988],[10.9003,49.4956],[10.8932,49.4954]]]}},{"type":"Feature","properties":{"name":"Hof","osm_relation":62589},"geometry":{"type":"Polygon","coordinates":[[[11.8066,50.3092],[11.8169,50.3079],[11.8181,50.3072],[11.8167,50.3056],[11.8221,50.3015],[11.826,50.3026],[11.8271,50.2986],[11.8303,50.3002],[11.8322,50.2981],[11.8309,50.2971],[11.8383,50.2955],[11.8356,50.2946],[11.8399,50.2937],[11.8393,50.2861],[11.848,50.285],[11.8489,50.2863],[11.8512,50.2846],[11.8516,50.2867],[11.8594,50.2869],[11.8632,50.2857],[11.8687,50.2799],[11.8677,50.2783],[11.8702,50.2749],[11.8764,50.2757],[11.8844,50.2738],[11.8834,50.2712],[11.8869,50.2698],[11.8831,50.2681],[11.896,50.2687],[11.8953,50.2701],[11.8972,50.2702],[11.8991,50.2683],[11.9069,50.2687],[11.9083,50.2674],[11.9097,50.2676],[11.9094,50.2704],[11.9131,50.2704],[11.9136,50.2719],[11.9114,50.2733],[11.9128,50.2752],[11.9171,50.274],[11.9181,50.2756],[11.9218,50.2759],[11.9227,50.278],[11.9246,50.277],[11.9253,50.2796],[11.9317,50.2824],[11.9308,50.2831],[11.9346,50.283],[11.9341,50.2844],[11.9358,50.2859],[11.9341,50.2869],[11.934,50.2901],[11.9367,50.2913],[11.9356,50.2958],[11.9334,50.2969],[11.9361,50.2968],[11.9385,50.3019],[11.9425,50.3019],[11.946,50.3073],[11.9579,50.3093],[11.9565,50.3107],[11.9574,50.3114],[11.9555,50.3117],[11.956,50.3146],[11.9706,50.3152],[11.9718,50.317],[11.9696,50.3197],[11.9715,50.32],[11.9717,50.3216],[11.9673,50.3224],[11.9688,50.3228],[11.9676,50.3246],[11.9702,50.3305],[11.9619,50.3284],[11.9635,50.3298],[11.959,50.3333],[11.9607,50.3357],[11.9557,50.3407],[11.9581,50.3425],[11.9558,50.3422],[11.9491,50.3454],[11.9423,50.3451],[11.9402,50.3441],[11.9409,50.3431],[11.9319,50.3437],[11.9289,50.3381],[11.9243,50.339],[11.9254,50.3403],[11.9233,50.3427],[11.9254,50.344],[11.9215,50.3463],[11.9225,50.3483],[11.9206,50.3494],[11.9169,50.3483],[11.9178,50.3525],[11.9093,50.3513],[11.9096,50.3501],[11.9064,50.3524],[11.9042,50.3517],[11.9043,50.3504],[11.9074,50.3504],[11.9057,50.3497],[11.9054,50.3472],[11.9024,50.3478],[11.9047,50.3461],[11.9048,50.3451],[11.9013,50.3488],[11.8922,50.3462],[11.8887,50.3481],[11.891,50.3506],[11.8901,50.3518],[11.8837,50.3515],[11.8822,50.3541],[11.8792,50.3551],[11.8746,50.3541],[11.8788,50.3539],[11.8781,50.3523],[11.8804,50.3505],[11.8796,50.3489],[11.8724,50.3507],[11.882,50.3457],[11.8734,50.3393],[11.8712,50.3399],[11.8694,50.3385],[11.8737,50.336],[11.8755,50.3381],[11.8799,50.3347],[11.8813,50.3324],[11.874,50.3321],[11.8756,50.3299],[11.8795,50.3288],[11.8803,50.3274],[11.8784,50.326],[11.8686,50.3224],[11.8632,50.3253],[11.8582,50.3215],[11.8569,50.3229],[11.8546,50.322],[11.8549,50.3195],[11.8466,50.3188],[11.8461,50.3169],[11.8369,50.3152],[11.8333,50.3159],[11.8351,50.3193],[11.8314,50.3232],[11.8269,50.3207],[11.8276,50.319],[11.8228,50.3192],[11.8135,50.3151],[11.8098,50.3157],[11.8076,50.3137],[11.8066,50.3092]]]}},{"type":"Feature","properties":{"name":"Nürnberg","osm_relation":62780},"geometry":{"type":"MultiPolygon","coordinates":[[[[10.9887,49.5365],[10.9937,49.535],[10.9927,49.5269],[11.004,49.5226],[10.9988,49.5206],[10.9993,49.5165],[10.9982,49.5163],[10.9995,49.5136],[11.006,49.5123],[11.0059,49.5102],[11.014,49.5076],[11.0168,49.5074],[11.0172,49.5093],[11.0248,49.5086],[11.0253,49.5101],[11.0287,49.5087],[11.0282,49.5071],[11.025,49.5074],[11.0251,49.505],[11.0233,49.5049],[11.0235,49.4987],[11.0142,49.4926],[11.0171,49.4921],[11.016,49.4905],[11.0182,49.4872],[11.0204,49.4874],[11.0206,49.4844],[11.0232,49.4846],[11.0231,49.4811],[11.026,49.4812],[11.0258,49.4728],[11.0246,49.4714],[11.0158,49.4727],[11.0168,49.4695],[11.0149,49.4646],[11.0125,49.4658],[11.0111,49.4644],[11.009,49.4545],[10.9999,49.4487],[10.996,49.4498],[10.9946,49.4487],[10.9993,49.4421],[10.9966,49.4419],[10.9979,49.4383],[10.9914,49.4361],[10.9977,49.4303],[10.9961,49.4291],[10.9973,49.4266],[11.0028,49.4256],[11.006,49.4191],[11.0155,49.4172],[11.0186,49.4196],[11.0225,49.4182],[11.0222,49.4157],[11.0154,49.4108],[11.0165,49.4092],[11.017,49.4109],[11.0202,49.4113],[11.0162,49.408],[11.026,49.4031],[11.0236,49.4018],[11.0251,49.3981],[11.0217,49.3952],[11.0243,49.3939],[11.0128,49.3925],[11.0118,49.3889],[11.0094,49.389],[11.0084,49.387],[11.0027,49.3871],[11.0026,49.3886],[10.998,49.388],[10.9965,49.3864],[10.9976,49.3834],[10.9942,49.3812],[10.9925,49.3824],[10.9937,49.3766],[10.9975,49.377],[11.0018,49.3727],[11.0072,49.3734],[11.0163,49.3694],[11.0187,49.3715],[11.0302,49.3695],[11.0321,49.3722],[11.0334,49.3719],[11.044,49.3637],[11.0447,49.362],[11.0434,49.3611],[11.0452,49.3602],[11.0439,49.3568],[11.0405,49.3569],[11.0384,49.3554],[11.041,49.3559],[11.0423,49.3526],[11.0382,49.3523],[11.0386,49.351],[11.0415,49.3509],[11.0413,49.3522],[11.043,49.3509],[11.0455,49.3527],[11.0489,49.3451],[11.0504,49.3464],[11.0526,49.3457],[11.0514,49.3446],[11.054,49.3443],[11.0526,49.3431],[11.0535,49.3418],[11.0644,49.3396],[11.0673,49.3365],[11.0663,49.3339],[11.0694,49.3341],[11.0696,49.3314],[11.073,49.3327],[11.0712,49.3349],[11.0747,49.3349],[11.0736,49.3374],[11.0717,49.3377],[11.0747,49.3393],[11.0785,49.3378],[11.0787,49.3394],[11.0831,49.3394],[11.0912,49.3424],[11.0918,49.3441],[11.0905,49.3459],[11.0884,49.3455],[11.0881,49.3479],[11.091,49.3482],[11.0919,49.35],[11.0936,49.3485],[11.0957,49.3507],[11.0969,49.3491],[11.1023,49.3497],[11.1067,49.3529],[11.1096,49.3519],[11.1086,49.3535],[11.1121,49.3566],[11.1222,49.3574],[11.1203,49.3582],[11.1222,49.3596],[11.1215,49.3621],[11.1142,49.3627],[11.115,49.3643],[11.1113,49.3638],[11.1095,49.3649],[11.1107,49.3662],[11.1086,49.3689],[11.1078,49.3671],[11.1,49.3721],[11.1065,49.3705],[11.1071,49.3724],[11.111,49.3722],[11.1162,49.3684],[11.1228,49.3686],[11.1196,49.3712],[11.1125,49.3732],[11.1103,49.3762],[11.1066,49.3779],[11.1005,49.377],[11.1104,49.3867],[11.1107,49.3906],[11.1121,49.3912],[11.1108,49.3925],[11.1161,49.3906],[11.1286,49.3898],[11.1295,49.3916],[11.1332,49.3918],[11.1457,49.3872],[11.1535,49.3875],[11.1647,49.3905],[11.1722,49.388],[11.1894,49.3899],[11.1791,49.4084],[11.1752,49.4129],[11.1761,49.4137],[11.1854,49.4085],[11.195,49.4058],[11.1765,49.414],[11.1817,49.4167],[11.1976,49.4141],[11.1997,49.4163],[11.208,49.4186],[11.2073,49.4204],[11.2135,49.4206],[11.2117,49.4224],[11.2006,49.422],[11.2005,49.4234],[11.1936,49.4248],[11.1934,49.4282],[11.1797,49.4287],[11.1782,49.4231],[11.1814,49.4179],[11.1767,49.4146],[11.1326,49.4323],[11.1362,49.4385],[11.1289,49.4404],[11.1285,49.4423],[11.1337,49.4428],[11.1339,49.445],[11.1371,49.4453],[11.1372,49.4468],[11.1483,49.4436],[11.1522,49.4442],[11.1552,49.4466],[11.153,49.4488],[11.1529,49.4533],[11.139,49.4508],[11.1367,49.4529],[11.1439,49.4538],[11.1424,49.4562],[11.1483,49.4589],[11.1516,49.4578],[11.1612,49.4591],[11.1634,49.461],[11.1722,49.4618],[11.1733,49.4643],[11.1885,49.4675],[11.1835,49.4695],[11.1799,49.476],[11.1503,49.4731],[11.1513,49.4778],[11.1479,49.4793],[11.149,49.4827],[11.1462,49.4848],[11.1436,49.4845],[11.1429,49.4875],[11.1285,49.4886],[11.1264,49.4898],[11.1291,49.4917],[11.128,49.4921],[11.123,49.491],[11.1232,49.5062],[11.1193,49.5071],[11.1202,49.5129],[11.1141,49.515],[11.108,49.5122],[11.108,49.5086],[11.1032,49.51],[11.0959,49.5077],[11.0973,49.501],[11.0759,49.5038],[11.0745,49.5064],[11.0767,49.5081],[11.0687,49.5054],[11.058,49.5052],[11.0577,49.5084],[11.0591,49.5094],[11.0578,49.511],[11.0634,49.5111],[11.065,49.5137],[11.0669,49.5139],[11.0659,49.515],[11.0595,49.5144],[11.0597,49.5156],[11.0651,49.516],[11.0664,49.5202],[11.0692,49.5212],[11.0745,49.5188],[11.0784,49.5197],[11.0657,49.5235],[11.0632,49.5254],[11.0688,49.5251],[11.0623,49.5268],[11.0617,49.5283],[11.0578,49.528],[11.0554,49.5295],[11.0561,49.5303],[11.052,49.5304],[11.0523,49.5317],[11.0461,49.5298],[11.0431,49.5312],[11.0392,49.5304],[11.0328,49.5321],[11.0315,49.5357],[11.0275,49.535],[11.0276,49.5364],[11.0227,49.5379],[11.0178,49.5379],[11.0174,49.5359],[11.016,49.5358],[11.012,49.5379],[11.0065,49.538],[11.0062,49.5396],[10.9916,49.5408],[10.9891,49.5405],[10.9891,49.5376],[10.9905,49.5371],[10.9887,49.5365]],[[11.1767,49.3967],[11.1795,49.3973],[11.1819,49.3958],[11.1845,49.3971],[11.1865,49.3934],[11.1769,49.3922],[11.1767,49.3967]]],[[[11.1126,49.3665],[11.1139,49.365],[11.1142,49.3652],[11.1126,49.3665]]],[[[11.1302,49.4937],[11.1299,49.4926],[11.131,49.4934],[11.1302,49.4937]]],[[[11.2482,49.4264],[11.2549,49.4238],[11.2602,49.4253],[11.2617,49.4173],[11.2557,49.4168],[11.2584,49.4152],[11.2592,49.4094],[11.2644,49.4101],[11.2623,49.4164],[11.2826,49.4166],[11.2688,49.4345],[11.2681,49.44],[11.2663,49.4406],[11.2563,49.4391],[11.2555,49.4404],[11.2487,49.4408],[11.2511,49.4388],[11.2487,49.4358],[11.2523,49.4347],[11.2529,49.4324],[11.2559,49.4323],[11.2574,49.4297],[11.2482,49.4264]]]]}},{"type":"Feature","properties":{"name":"Schwabach","osm_relation":62720},"geometry":{"type":"Polygon","coordinates":[[[10.9704,49.3568],[10.9727,49.3517],[10.9793,49.3495],[10.9774,49.3461],[10.9827,49.3447],[10.9824,49.3428],[10.9926,49.3383],[10.9929,49.3327],[10.9861,49.3316],[10.9785,49.3263],[10.9793,49.3252],[10.9763,49.3243],[10.9792,49.3244],[10.9816,49.3186],[10.9951,49.3211],[10.9949,49.3166],[10.9974,49.3163],[10.997,49.3139],[10.9997,49.314],[10.9989,49.3123],[11.0053,49.3122],[11.0032,49.3112],[11.0023,49.3068],[11.008,49.306],[11.0094,49.304],[11.0152,49.3052],[11.0149,49.3028],[11.0105,49.3013],[11.0115,49.3002],[11.0096,49.298],[11.0141,49.294],[11.0245,49.2934],[11.0399,49.2969],[11.0408,49.2985],[11.0337,49.2996],[11.0418,49.2996],[11.0413,49.3065],[11.0451,49.3072],[11.0438,49.3093],[11.0473,49.3124],[11.0473,49.3141],[11.0523,49.3146],[11.0517,49.316],[11.0545,49.3166],[11.0575,49.3142],[11.0613,49.3152],[11.0627,49.3163],[11.0612,49.3187],[11.0715,49.3167],[11.0714,49.3181],[11.0776,49.3189],[11.0792,49.318],[11.0772,49.3165],[11.0792,49.3159],[11.0786,49.3133],[11.0873,49.3141],[11.0828,49.3327],[11.0788,49.3332],[11.078,49.3355],[11.0818,49.3352],[11.0798,49.3394],[11.0785,49.3378],[11.0748,49.3393],[11.0717,49.3377],[11.0736,49.3374],[11.0747,49.3349],[11.0712,49.3349],[11.073,49.3327],[11.0696,49.3314],[11.0694,49.3341],[11.0663,49.3339],[11.0673,49.3365],[11.0644,49.3396],[11.0535,49.3418],[11.0526,49.3431],[11.054,49.3443],[11.0514,49.3446],[11.0526,49.3457],[11.0504,49.3464],[11.0489,49.3451],[11.0455,49.3527],[11.043,49.3509],[11.0413,49.3522],[11.0415,49.3509],[11.0386,49.351],[11.0382,49.3523],[11.0423,49.3526],[11.041,49.3559],[11.0384,49.3554],[11.0439,49.3568],[11.0452,49.3602],[11.0434,49.3611],[11.0447,49.362],[11.044,49.3637],[11.033,49.3721],[11.0302,49.3695],[11.0187,49.3715],[11.0163,49.3694],[11.0072,49.3734],[11.0018,49.3727],[10.9997,49.3757],[10.996,49.376],[10.991,49.3735],[10.9879,49.3746],[10.9867,49.3736],[10.992,49.3695],[10.9876,49.3672],[10.9885,49.3651],[10.9825,49.3633],[10.9843,49.3617],[10.9785,49.3619],[10.9797,49.36],[10.9744,49.361],[10.9704,49.3568]]]}},{"type":"Feature","properties":{"name":"Weiden in der Oberpfalz","osm_relation":62554},"geometry":{"type":"MultiPolygon","coordinates":[[[[11.9894,49.7005],[11.9908,49.7002],[11.992,49.7007],[11.9905,49.7008],[11.9894,49.7005]]],[[[12.0644,49.6747],[12.0693,49.6713],[12.071,49.6728],[12.0864,49.6688],[12.0845,49.663],[12.0818,49.6621],[12.0832,49.6573],[12.0865,49.6574],[12.0977,49.6533],[12.096,49.648],[12.092,49.6446],[12.094,49.6438],[12.0931,49.6423],[12.1138,49.6423],[12.1149,49.6388],[12.119,49.6354],[12.1186,49.6296],[12.1154,49.629],[12.1156,49.6248],[12.1245,49.621],[12.1266,49.6157],[12.1299,49.6144],[12.1344,49.6162],[12.135,49.6185],[12.1389,49.618],[12.14,49.6161],[12.1384,49.6247],[12.1443,49.6241],[12.1487,49.6283],[12.1479,49.6321],[12.1455,49.6315],[12.1435,49.6339],[12.1497,49.6398],[12.1538,49.6402],[12.1557,49.6425],[12.1588,49.6419],[12.1589,49.6432],[12.1567,49.6438],[12.1584,49.6462],[12.1571,49.6486],[12.1621,49.6551],[12.1678,49.659],[12.1685,49.6628],[12.1726,49.6613],[12.1718,49.6627],[12.1784,49.6627],[12.1839,49.6579],[12.1848,49.6538],[12.1864,49.6531],[12.1935,49.6535],[12.1926,49.6543],[12.2031,49.653],[12.2055,49.6555],[12.2049,49.6602],[12.2092,49.6625],[12.2131,49.6622],[12.2116,49.6608],[12.2162,49.6575],[12.2203,49.6606],[12.2218,49.6523],[12.2252,49.6512],[12.2256,49.6498],[12.2343,49.6491],[12.2289,49.648],[12.229,49.6435],[12.2327,49.6432],[12.2376,49.6399],[12.2336,49.6324],[12.2388,49.6318],[12.2462,49.6322],[12.247,49.6347],[12.2517,49.6349],[12.253,49.6364],[12.2563,49.6339],[12.2552,49.6362],[12.2581,49.6399],[12.2547,49.6446],[12.2543,49.6484],[12.2615,49.6493],[12.2604,49.6507],[12.2639,49.6541],[12.2603,49.6566],[12.265,49.6574],[12.2646,49.6586],[12.2664,49.6594],[12.2611,49.6599],[12.2574,49.6642],[12.2577,49.667],[12.2556,49.67],[12.2535,49.6664],[12.2488,49.6641],[12.2476,49.6677],[12.2444,49.6667],[12.234,49.6692],[12.2293,49.668],[12.2273,49.6656],[12.2282,49.6679],[12.2316,49.6701],[12.2235,49.6728],[12.2243,49.6799],[12.2272,49.6798],[12.2265,49.6821],[12.2285,49.6826],[12.2267,49.6842],[12.2256,49.6835],[12.2241,49.6861],[12.2213,49.6821],[12.2192,49.6833],[12.2205,49.684],[12.2188,49.6854],[12.2129,49.6849],[12.2104,49.6875],[12.2086,49.6869],[12.2079,49.6892],[12.2078,49.6872],[12.2045,49.6855],[12.1917,49.6859],[12.1904,49.6864],[12.1933,49.6898],[12.1902,49.6907],[12.1915,49.6945],[12.1876,49.694],[12.187,49.6974],[12.1833,49.6971],[12.1858,49.6994],[12.1816,49.7026],[12.1726,49.7027],[12.1664,49.7071],[12.1532,49.7048],[12.154,49.7025],[12.152,49.7014],[12.1486,49.7079],[12.1463,49.7093],[12.1468,49.7138],[12.1414,49.7081],[12.1334,49.711],[12.1274,49.7104],[12.1229,49.7042],[12.1155,49.7013],[12.1138,49.695],[12.0947,49.7019],[12.0886,49.7016],[12.0942,49.7017],[12.1036,49.6983],[12.0804,49.7018],[12.0747,49.7002],[12.0744,49.6967],[12.0879,49.6922],[12.0845,49.6904],[12.0832,49.6843],[12.0751,49.6843],[12.0711,49.6801],[12.0777,49.6794],[12.0739,49.6753],[12.0711,49.6757],[12.0689,49.6791],[12.0644,49.6747]],[[12.1086,49.6887],[12.1072,49.6899],[12.1089,49.6894],[12.1086,49.6887]]],[[[12.0652,49.6821],[12.0672,49.6812],[12.0672,49.6813],[12.0652,49.6821]]]]}},{"type":"Feature","properties":{"name":"Landkreis Amberg-Sulzbach","osm_relation":62765},"geometry":{"type":"Polygon","coordinates":[[[11.5109,49.5533],[11.5138,49.5505],[11.5177,49.5515],[11.5135,49.5493],[11.5195,49.5493],[11.5213,49.5466],[11.5339,49.5467],[11.5345,49.545],[11.5314,49.5446],[11.5368,49.5425],[11.5363,49.5448],[11.5492,49.5445],[11.5512,49.5422],[11.5499,49.5405],[11.5511,49.5388],[11.5464,49.5378],[11.5433,49.5391],[11.5407,49.5364],[11.5468,49.5334],[11.5456,49.5321],[11.5465,49.531],[11.5435,49.5306],[11.5455,49.5303],[11.5444,49.5293],[11.5463,49.5293],[11.5464,49.5275],[11.5429,49.5268],[11.5448,49.5249],[11.5445,49.5225],[11.5484,49.5211],[11.5471,49.5187],[11.5437,49.5176],[11.5452,49.5168],[11.5345,49.5138],[11.5323,49.511],[11.5349,49.5102],[11.5337,49.5074],[11.5375,49.5055],[11.5673,49.5041],[11.5671,49.501],[11.5639,49.5001],[11.5638,49.4984],[11.5708,49.4906],[11.5752,49.4902],[11.5739,49.489],[11.5786,49.4891],[11.5788,49.4851],[11.5803,49.4869],[11.5837,49.4858],[11.5842,49.4869],[11.5858,49.4851],[11.5883,49.4863],[11.588,49.4846],[11.5923,49.4845],[11.5896,49.4811],[11.589,49.4769],[11.5958,49.4744],[11.5959,49.4721],[11.592,49.4657],[11.5899,49.4653],[11.5901,49.4639],[11.5809,49.4563],[11.5803,49.4528],[11.57,49.4452],[11.5683,49.4457],[11.5669,49.4441],[11.5676,49.4419],[11.5573,49.4331],[11.5555,49.4288],[11.5574,49.42],[11.5677,49.4156],[11.573,49.4151],[11.5706,49.4109],[11.5743,49.4089],[11.5746,49.4065],[11.5718,49.4049],[11.5748,49.4031],[11.5733,49.4021],[11.5835,49.3977],[11.5836,49.3952],[11.5855,49.3955],[11.5852,49.394],[11.5887,49.392],[11.5885,49.3897],[11.5972,49.388],[11.5973,49.3912],[11.6044,49.3906],[11.613,49.3969],[11.6217,49.3927],[11.6244,49.3873],[11.6281,49.3858],[11.6305,49.3868],[11.6303,49.3882],[11.634,49.3886],[11.6341,49.3847],[11.6379,49.383],[11.6376,49.3812],[11.6316,49.3806],[11.6322,49.3785],[11.6301,49.3767],[11.6343,49.374],[11.6408,49.3744],[11.6404,49.3733],[11.6418,49.3731],[11.6428,49.3725],[11.638,49.372],[11.6377,49.369],[11.6394,49.3693],[11.6408,49.3666],[11.6349,49.367],[11.6318,49.3649],[11.6323,49.3637],[11.6292,49.3629],[11.629,49.3613],[11.6239,49.3608],[11.632,49.3578],[11.6373,49.3516],[11.6309,49.3506],[11.6331,49.3487],[11.6297,49.3468],[11.6327,49.3451],[11.6292,49.3428],[11.6324,49.3395],[11.6365,49.3364],[11.6481,49.336],[11.6491,49.3372],[11.6499,49.3352],[11.6578,49.3337],[11.6573,49.3323],[11.6594,49.3322],[11.6597,49.3303],[11.6633,49.3297],[11.6642,49.3281],[11.6615,49.3265],[11.6646,49.3247],[11.6595,49.3225],[11.6619,49.3196],[11.6698,49.3199],[11.6729,49.3231],[11.6779,49.3197],[11.6806,49.3198],[11.6848,49.325],[11.6894,49.3239],[11.6887,49.3214],[11.6843,49.3207],[11.6841,49.3159],[11.687,49.3155],[11.6867,49.3122],[11.6885,49.3105],[11.6871,49.3087],[11.6896,49.3074],[11.6944,49.3095],[11.6922,49.3105],[11.6934,49.3136],[11.6977,49.3149],[11.7016,49.3129],[11.7031,49.3144],[11.702,49.3153],[11.7053,49.3165],[11.7024,49.3186],[11.7042,49.3211],[11.6989,49.3209],[11.6977,49.3231],[11.7006,49.327],[11.707,49.327],[11.7084,49.3297],[11.7072,49.3349],[11.7117,49.3367],[11.7147,49.3404],[11.7225,49.3376],[11.7376,49.3262],[11.7425,49.3242],[11.7367,49.3227],[11.7407,49.3177],[11.7576,49.3156],[11.7607,49.3139],[11.7596,49.3104],[11.7616,49.3112],[11.7769,49.3063],[11.7813,49.3029],[11.7806,49.302],[11.7833,49.302],[11.7902,49.2975],[11.79,49.296],[11.7936,49.2954],[11.7911,49.2948],[11.7909,49.2933],[11.7956,49.2951],[11.8083,49.2887],[11.8138,49.2908],[11.8159,49.289],[11.8281,49.2888],[11.8269,49.2879],[11.8328,49.284],[11.8458,49.2862],[11.852,49.2843],[11.8588,49.2853],[11.8789,49.2768],[11.914,49.2683],[11.9148,49.2668],[11.9127,49.264],[11.9201,49.2645],[11.9239,49.2594],[11.9279,49.2572],[11.9256,49.2523],[11.9287,49.247],[11.9305,49.2391],[11.9265,49.2385],[11.9305,49.2363],[11.9314,49.2336],[11.9292,49.2295],[11.9339,49.2257],[11.934,49.2234],[11.9382,49.2181],[11.9465,49.2144],[11.9546,49.2149],[11.9476,49.2188],[11.9518,49.221],[11.9467,49.2228],[11.9456,49.2269],[11.9429,49.2259],[11.941,49.2357],[11.9433,49.236],[11.9471,49.2395],[11.9467,49.2409],[11.95,49.2427],[11.9744,49.2488],[11.9787,49.2515],[11.982,49.2505],[11.9832,49.2519],[11.9819,49.2547],[11.9723,49.2559],[11.9725,49.2575],[11.9663,49.2572],[11.9673,49.2642],[11.9564,49.2656],[11.9567,49.2678],[11.9537,49.2675],[11.9536,49.2687],[11.9445,49.2692],[11.945,49.2707],[11.9474,49.2708],[11.9446,49.2749],[11.9456,49.2755],[11.9429,49.2775],[11.9476,49.2817],[11.9506,49.278],[11.9546,49.2798],[11.9632,49.2804],[11.968,49.2793],[11.9743,49.2805],[11.9819,49.2788],[11.9819,49.2813],[11.9725,49.2841],[11.9737,49.2888],[11.9787,49.2895],[11.9715,49.2921],[11.9664,49.3045],[11.9734,49.3059],[11.9728,49.309],[11.9681,49.3087],[11.9728,49.3119],[11.9738,49.3145],[11.9917,49.3187],[11.9897,49.3238],[12.0001,49.3245],[11.9995,49.3301],[11.9974,49.3306],[11.9971,49.3324],[11.9985,49.3355],[12.001,49.3369],[12.0052,49.3366],[12.0069,49.3401],[12.0112,49.3419],[12.006,49.3432],[12.0011,49.3422],[12.0006,49.3445],[11.9984,49.3445],[11.9977,49.3464],[11.9944,49.3452],[11.9959,49.3461],[11.9942,49.3471],[11.997,49.347],[11.9973,49.3503],[11.994,49.3517],[11.9994,49.3521],[12,49.35],[12.0062,49.3517],[12.0078,49.3493],[12.0172,49.3478],[12.0183,49.3492],[12.017,49.3538],[12.0237,49.3563],[12.0221,49.3543],[12.0228,49.352],[12.0327,49.3542],[12.0369,49.354],[12.0386,49.3516],[12.0431,49.3525],[12.0399,49.3495],[12.0445,49.345],[12.0478,49.3523],[12.0631,49.3533],[12.0546,49.3583],[12.0563,49.3578],[12.0581,49.3599],[12.0588,49.3639],[12.0563,49.3651],[12.0566,49.3666],[12.0507,49.3669],[12.0506,49.3691],[12.0565,49.3695],[12.0631,49.3734],[12.0611,49.3738],[12.0604,49.3768],[12.0644,49.3802],[12.0532,49.3784],[12.0493,49.3824],[12.0523,49.389],[12.0612,49.3872],[12.0627,49.3891],[12.0471,49.3935],[12.0464,49.3924],[12.0274,49.3959],[12.0261,49.3947],[12.0215,49.397],[12.0086,49.3912],[11.9998,49.392],[12.0002,49.3942],[12.0076,49.3961],[11.9993,49.3961],[11.9995,49.3979],[12.0076,49.4062],[11.9997,49.4104],[11.9925,49.4119],[11.9911,49.4158],[11.9845,49.4169],[11.985,49.4196],[11.9775,49.4224],[11.9794,49.4264],[11.9953,49.4259],[11.9942,49.428],[11.979,49.4307],[11.9819,49.4327],[11.9787,49.4337],[11.9771,49.4368],[11.9855,49.4348],[11.979,49.4353],[11.9827,49.4338],[11.9971,49.4335],[12.004,49.4308],[12.0082,49.4317],[12.0137,49.4306],[12.0202,49.4338],[12.0218,49.4311],[12.0335,49.4298],[12.0346,49.4315],[12.034,49.4389],[12.0376,49.4466],[12.0345,49.4484],[12.0342,49.4514],[12.0395,49.4505],[12.039,49.4567],[12.0363,49.4586],[12.0368,49.4602],[12.0417,49.4608],[12.041,49.4627],[12.0368,49.4637],[12.0335,49.4669],[12.0355,49.4675],[12.0374,49.4706],[12.0326,49.4804],[12.0385,49.4826],[12.0389,49.4842],[12.0366,49.485],[12.0391,49.4854],[12.0353,49.4867],[12.0335,49.4847],[12.033,49.4868],[12.0365,49.4897],[12.0325,49.4897],[12.0304,49.4925],[12.0363,49.494],[12.0365,49.4927],[12.0406,49.4924],[12.042,49.4943],[12.0471,49.4951],[12.058,49.4915],[12.0629,49.495],[12.0659,49.4948],[12.07,49.4916],[12.0685,49.491],[12.0685,49.4864],[12.0666,49.4852],[12.0683,49.4833],[12.0818,49.4844],[12.0821,49.4827],[12.085,49.4825],[12.0851,49.4806],[12.0849,49.4872],[12.0897,49.4863],[12.0883,49.4893],[12.0902,49.4911],[12.0938,49.4887],[12.0945,49.4908],[12.0921,49.4912],[12.0964,49.4934],[12.0958,49.4979],[12.0943,49.5018],[12.0908,49.501],[12.0901,49.5041],[12.088,49.5047],[12.0886,49.5063],[12.0846,49.509],[12.0863,49.5123],[12.0804,49.5121],[12.0797,49.5158],[12.0743,49.5177],[12.0722,49.521],[12.0735,49.522],[12.0728,49.5298],[12.084,49.5323],[12.0834,49.5334],[12.0891,49.5328],[12.0867,49.5393],[12.0882,49.5429],[12.1078,49.5445],[12.1075,49.5457],[12.1155,49.5481],[12.1164,49.5514],[12.1204,49.5523],[12.1191,49.5529],[12.1223,49.5574],[12.1131,49.5596],[12.1104,49.5613],[12.1096,49.5644],[12.1046,49.5675],[12.1011,49.5658],[12.1026,49.5632],[12.0985,49.5633],[12.1001,49.5596],[12.0832,49.5614],[12.0761,49.5647],[12.0758,49.5623],[12.0725,49.5627],[12.0724,49.5649],[12.0682,49.5649],[12.0679,49.5681],[12.0693,49.5698],[12.0671,49.5722],[12.0728,49.5739],[12.0701,49.5773],[12.071,49.5781],[12.052,49.5789],[12.0503,49.5785],[12.0506,49.5767],[12.0445,49.5771],[12.0362,49.574],[12.0342,49.575],[12.0356,49.5737],[12.0324,49.5727],[12.0325,49.5696],[12.0311,49.569],[12.0285,49.5754],[12.0309,49.5765],[12.03,49.578],[12.0111,49.5775],[12.0021,49.5755],[11.9984,49.5766],[11.9958,49.5742],[11.9921,49.5745],[11.9901,49.5772],[11.9842,49.5778],[11.9836,49.5813],[11.98,49.5814],[11.9776,49.5836],[11.9881,49.5859],[11.9829,49.5973],[11.9873,49.5989],[11.9933,49.6046],[11.9859,49.6104],[11.9735,49.6102],[11.9719,49.6136],[11.9679,49.6144],[11.974,49.6182],[11.9779,49.6182],[11.9816,49.622],[11.9747,49.6274],[11.978,49.6274],[11.9793,49.6294],[11.9761,49.6333],[11.9745,49.6402],[11.9599,49.6403],[11.9596,49.6415],[11.9538,49.6412],[11.9416,49.6443],[11.9364,49.6439],[11.9363,49.639],[11.9271,49.6396],[11.9179,49.6381],[11.9141,49.6384],[11.9148,49.6423],[11.9128,49.6443],[11.9061,49.6418],[11.8992,49.6436],[11.8949,49.6416],[11.9006,49.6389],[11.8899,49.641],[11.8844,49.6377],[11.8794,49.6378],[11.8806,49.6359],[11.8752,49.6345],[11.8628,49.6369],[11.8607,49.6388],[11.8565,49.6381],[11.8434,49.6405],[11.8408,49.6422],[11.8307,49.6405],[11.8316,49.6428],[11.8252,49.647],[11.8091,49.6537],[11.8012,49.6509],[11.7891,49.6524],[11.7796,49.6494],[11.7742,49.642],[11.7696,49.6387],[11.762,49.6369],[11.7573,49.6376],[11.7592,49.6329],[11.7529,49.6347],[11.7464,49.6326],[11.7405,49.6336],[11.74,49.6328],[11.7426,49.6319],[11.7404,49.6301],[11.7421,49.6255],[11.7369,49.6237],[11.7148,49.6233],[11.7128,49.6263],[11.7101,49.6258],[11.7016,49.629],[11.6927,49.6281],[11.6892,49.6231],[11.6641,49.6242],[11.6605,49.6264],[11.6555,49.6261],[11.6548,49.6287],[11.6409,49.6297],[11.6403,49.6328],[11.6448,49.6395],[11.6418,49.648],[11.6488,49.6488],[11.6542,49.6549],[11.6518,49.6633],[11.6486,49.6637],[11.6509,49.6709],[11.6533,49.6729],[11.6592,49.6728],[11.6617,49.6743],[11.656,49.6794],[11.6565,49.6805],[11.653,49.6806],[11.649,49.6833],[11.6487,49.686],[11.6506,49.6875],[11.6474,49.6879],[11.6479,49.6895],[11.6516,49.6918],[11.65,49.6933],[11.6545,49.6951],[11.6557,49.6989],[11.6546,49.7017],[11.6697,49.7022],[11.6648,49.7036],[11.6644,49.7075],[11.6663,49.7075],[11.6659,49.7099],[11.6595,49.7132],[11.6651,49.7175],[11.6611,49.7167],[11.6561,49.7118],[11.6511,49.7134],[11.6536,49.7153],[11.654,49.7188],[11.6505,49.7243],[11.6478,49.7257],[11.6507,49.7326],[11.6497,49.737],[11.6434,49.7366],[11.6436,49.739],[11.6488,49.7388],[11.6496,49.7426],[11.6456,49.7424],[11.6473,49.7491],[11.6372,49.7528],[11.6372,49.7551],[11.6397,49.757],[11.6326,49.7581],[11.6315,49.7606],[11.6291,49.7609],[11.6197,49.7602],[11.6089,49.7555],[11.5967,49.755],[11.5939,49.7533],[11.5928,49.7518],[11.5948,49.7516],[11.599,49.7448],[11.5968,49.7432],[11.5978,49.7391],[11.5957,49.7355],[11.5919,49.7349],[11.5877,49.7313],[11.5871,49.7285],[11.5769,49.7268],[11.5699,49.7277],[11.5711,49.7293],[11.5676,49.7313],[11.5681,49.7322],[11.5621,49.7321],[11.559,49.7344],[11.5524,49.7338],[11.5541,49.7315],[11.5575,49.731],[11.5541,49.7286],[11.5643,49.7239],[11.5634,49.7189],[11.5587,49.7122],[11.5621,49.7062],[11.5584,49.7064],[11.5574,49.7045],[11.5582,49.7014],[11.5633,49.6964],[11.5567,49.697],[11.5558,49.6957],[11.5439,49.6947],[11.544,49.6925],[11.5619,49.689],[11.5653,49.686],[11.5601,49.6813],[11.5602,49.6786],[11.5738,49.6691],[11.5735,49.6657],[11.5757,49.6643],[11.5702,49.6612],[11.5649,49.6616],[11.563,49.6601],[11.5634,49.6557],[11.5692,49.6515],[11.5681,49.6501],[11.5712,49.6499],[11.5748,49.6465],[11.5705,49.6429],[11.5708,49.6399],[11.5827,49.6406],[11.5823,49.6423],[11.5851,49.6431],[11.5893,49.6414],[11.5953,49.6363],[11.5939,49.6362],[11.5939,49.6341],[11.596,49.6336],[11.5994,49.6262],[11.6011,49.6261],[11.5978,49.6233],[11.6016,49.6232],[11.5912,49.6115],[11.5806,49.6186],[11.5804,49.6151],[11.577,49.6161],[11.5782,49.6143],[11.5605,49.6125],[11.5628,49.6095],[11.5614,49.609],[11.5624,49.6069],[11.5594,49.6074],[11.559,49.6051],[11.5561,49.6067],[11.5516,49.6058],[11.5502,49.6039],[11.5529,49.6007],[11.5579,49.6004],[11.5563,49.5983],[11.56,49.5983],[11.5603,49.596],[11.5583,49.5962],[11.5567,49.5956],[11.5595,49.5937],[11.5637,49.5951],[11.5627,49.5966],[11.5686,49.5974],[11.5677,49.5943],[11.5706,49.5924],[11.5644,49.5894],[11.5647,49.585],[11.572,49.5799],[11.5743,49.5813],[11.5761,49.5791],[11.5706,49.5791],[11.5635,49.5757],[11.5579,49.5757],[11.5558,49.5731],[11.5516,49.5738],[11.5498,49.5704],[11.5533,49.5686],[11.5543,49.5645],[11.5448,49.5602],[11.5423,49.5598],[11.5377,49.5617],[11.5379,49.5629],[11.531,49.5633],[11.5307,49.565],[11.5251,49.5634],[11.5273,49.5628],[11.5257,49.5618],[11.5271,49.5598],[11.5132,49.5572],[11.5164,49.5543],[11.5136,49.5548],[11.5109,49.5533]],[[11.7767,49.4429],[11.7868,49.4548],[11.7869,49.4592],[11.7889,49.4589],[11.789,49.4595],[11.7803,49.4603],[11.7825,49.4638],[11.7813,49.4648],[11.7858,49.4691],[11.7898,49.4681],[11.7924,49.4715],[11.8175,49.4656],[11.8182,49.4677],[11.8212,49.4666],[11.8244,49.4689],[11.8303,49.4672],[11.8307,49.4715],[11.8353,49.4715],[11.8461,49.4682],[11.8459,49.4726],[11.8497,49.4728],[11.85,49.4758],[11.8433,49.4765],[11.8458,49.4815],[11.8454,49.487],[11.8466,49.4863],[11.8466,49.4883],[11.8499,49.4891],[11.8486,49.4842],[11.8569,49.4851],[11.8572,49.4865],[11.8643,49.4884],[11.867,49.4954],[11.8741,49.4946],[11.8742,49.4968],[11.877,49.4944],[11.8779,49.4898],[11.8829,49.4884],[11.8872,49.4827],[11.8889,49.4763],[11.8882,49.4667],[11.8921,49.4673],[11.8936,49.4632],[11.8963,49.4619],[11.9013,49.4628],[11.9016,49.4641],[11.9037,49.4613],[11.9131,49.463],[11.9123,49.4555],[11.9083,49.4547],[11.9099,49.4529],[11.9069,49.4513],[11.9117,49.4501],[11.9144,49.4452],[11.9076,49.4424],[11.9009,49.4422],[11.9016,49.4404],[11.8983,49.4398],[11.8984,49.4382],[11.8954,49.4388],[11.8946,49.4359],[11.8922,49.4369],[11.8922,49.4344],[11.889,49.4344],[11.8941,49.432],[11.8897,49.4283],[11.8827,49.4266],[11.8763,49.4305],[11.8703,49.431],[11.8698,49.4268],[11.8728,49.4263],[11.8702,49.4258],[11.8687,49.4272],[11.8642,49.4253],[11.8639,49.4232],[11.8597,49.4238],[11.8596,49.4206],[11.8478,49.4211],[11.845,49.4248],[11.8414,49.4227],[11.8423,49.4208],[11.8388,49.4194],[11.8363,49.412],[11.8349,49.4117],[11.8326,49.4149],[11.8312,49.4137],[11.8179,49.4197],[11.8165,49.4262],[11.8108,49.4266],[11.8062,49.4244],[11.7986,49.4261],[11.7973,49.4252],[11.7956,49.4301],[11.7894,49.4278],[11.7913,49.4253],[11.7836,49.4252],[11.7798,49.4315],[11.7839,49.4331],[11.7818,49.436],[11.7828,49.4411],[11.7767,49.4429]]]}},{"type":"Feature","properties":{"name":"Landkreis Ansbach","osm_relation":62609},"geometry":{"type":"MultiPolygon","coordinates":[[[[10.7843,49.2021],[10.7805,49.2007],[10.783,49.2004],[10.7788,49.1967],[10.786,49.2011],[10.7924,49.2017],[10.7941,49.2016],[10.7948,49.1988],[10.7931,49.1977],[10.7942,49.197],[10.8056,49.1989],[10.8164,49.1967],[10.8199,49.1992],[10.8246,49.1948],[10.8249,49.1961],[10.8348,49.1964],[10.8493,49.2048],[10.8627,49.2079],[10.8623,49.2123],[10.8591,49.2121],[10.8586,49.2105],[10.8549,49.2115],[10.856,49.2156],[10.8627,49.2161],[10.8589,49.2205],[10.8718,49.2259],[10.8738,49.2295],[10.8773,49.231],[10.8871,49.2331],[10.893,49.2319],[10.8934,49.2353],[10.8981,49.2432],[10.9065,49.2429],[10.9134,49.2466],[10.9114,49.2549],[10.9086,49.2545],[10.9079,49.2529],[10.9035,49.2526],[10.9012,49.2548],[10.9027,49.2598],[10.9039,49.2598],[10.903,49.2632],[10.9009,49.2638],[10.903,49.2651],[10.9009,49.2668],[10.8981,49.2659],[10.896,49.27],[10.9009,49.2747],[10.9021,49.2781],[10.9,49.2798],[10.9035,49.2804],[10.9015,49.2836],[10.9078,49.2864],[10.9072,49.2922],[10.9027,49.2949],[10.9002,49.2946],[10.8998,49.3001],[10.8965,49.3048],[10.8972,49.3079],[10.8876,49.3065],[10.8856,49.3092],[10.886,49.3119],[10.8841,49.3126],[10.8875,49.3165],[10.8822,49.3152],[10.8759,49.3169],[10.8678,49.3149],[10.8646,49.3158],[10.8648,49.318],[10.8719,49.3197],[10.8691,49.3225],[10.873,49.323],[10.8727,49.3249],[10.8693,49.3249],[10.8684,49.3283],[10.8655,49.3297],[10.8651,49.3346],[10.8665,49.3351],[10.8667,49.3389],[10.8636,49.3398],[10.8631,49.3431],[10.8616,49.3431],[10.8623,49.349],[10.8667,49.3522],[10.8678,49.3562],[10.8553,49.3595],[10.8553,49.3616],[10.8406,49.3633],[10.8406,49.3663],[10.8238,49.3743],[10.82,49.3746],[10.817,49.3725],[10.8112,49.3736],[10.8034,49.3787],[10.8013,49.3783],[10.801,49.383],[10.7896,49.3849],[10.7856,49.3887],[10.7844,49.3881],[10.7871,49.3847],[10.7816,49.3831],[10.7764,49.3871],[10.7773,49.388],[10.774,49.3919],[10.7679,49.3923],[10.7661,49.3955],[10.7607,49.3945],[10.7564,49.3977],[10.7518,49.3977],[10.7486,49.4004],[10.7432,49.4003],[10.7423,49.4074],[10.7373,49.4103],[10.7386,49.4149],[10.7412,49.4163],[10.7457,49.4146],[10.7464,49.4169],[10.7497,49.4159],[10.7523,49.4173],[10.7509,49.4175],[10.7517,49.4196],[10.7499,49.4197],[10.7506,49.4225],[10.7398,49.4245],[10.7444,49.4307],[10.7384,49.4314],[10.7393,49.4338],[10.7338,49.4332],[10.7338,49.4355],[10.7241,49.4343],[10.7166,49.4354],[10.7134,49.433],[10.7053,49.4338],[10.7033,49.4351],[10.7055,49.4363],[10.7004,49.4371],[10.6918,49.4327],[10.6726,49.4299],[10.6718,49.4249],[10.6533,49.4256],[10.648,49.4229],[10.641,49.4218],[10.6382,49.4223],[10.6378,49.4252],[10.6337,49.4211],[10.6316,49.4215],[10.6276,49.4264],[10.6132,49.4301],[10.6133,49.4266],[10.6108,49.4257],[10.611,49.4239],[10.6091,49.4239],[10.6112,49.4224],[10.6055,49.4233],[10.6012,49.4219],[10.5969,49.4234],[10.5989,49.4284],[10.5961,49.4319],[10.6119,49.4318],[10.6102,49.4351],[10.6131,49.4386],[10.6119,49.44],[10.6189,49.441],[10.6136,49.4434],[10.6127,49.4459],[10.6141,49.4463],[10.6114,49.4485],[10.6089,49.447],[10.6105,49.4463],[10.605,49.4446],[10.6035,49.4467],[10.5877,49.4433],[10.5731,49.4382],[10.5703,49.4384],[10.5709,49.4401],[10.5683,49.4425],[10.5626,49.4418],[10.5572,49.4448],[10.5536,49.4412],[10.5548,49.4372],[10.5497,49.4384],[10.547,49.4365],[10.5467,49.4394],[10.538,49.4381],[10.5367,49.4407],[10.5389,49.4414],[10.5387,49.4431],[10.5301,49.4437],[10.5273,49.4459],[10.5292,49.448],[10.5227,49.4475],[10.5204,49.4508],[10.515,49.4488],[10.5081,49.449],[10.5094,49.4467],[10.5071,49.447],[10.5101,49.4452],[10.5078,49.4414],[10.5091,49.4384],[10.5149,49.4392],[10.5145,49.4368],[10.5106,49.4354],[10.5059,49.4352],[10.5049,49.4372],[10.4957,49.436],[10.4969,49.4328],[10.4952,49.4317],[10.4916,49.4314],[10.4884,49.4334],[10.4828,49.4309],[10.4854,49.4298],[10.4778,49.4264],[10.4806,49.4211],[10.4715,49.4235],[10.4812,49.4163],[10.4757,49.4119],[10.474,49.4153],[10.468,49.4135],[10.469,49.4148],[10.4653,49.4242],[10.4611,49.4232],[10.4598,49.4188],[10.461,49.4163],[10.4469,49.4125],[10.4446,49.4148],[10.4486,49.4177],[10.4423,49.4207],[10.4359,49.4283],[10.4303,49.428],[10.4024,49.4327],[10.3962,49.4281],[10.4036,49.4258],[10.4051,49.4225],[10.3976,49.4223],[10.3911,49.4201],[10.3869,49.4123],[10.38,49.4143],[10.3665,49.4149],[10.3634,49.4124],[10.3494,49.4103],[10.3471,49.4226],[10.3411,49.4278],[10.3444,49.431],[10.343,49.4336],[10.3383,49.4332],[10.3327,49.4288],[10.3163,49.4229],[10.311,49.4186],[10.2957,49.4126],[10.2879,49.4145],[10.2797,49.421],[10.2824,49.4251],[10.2762,49.4275],[10.2767,49.4292],[10.2751,49.4315],[10.2762,49.4331],[10.2734,49.4355],[10.2651,49.4337],[10.2594,49.4413],[10.2567,49.4404],[10.2534,49.4447],[10.2533,49.448],[10.2508,49.4475],[10.246,49.4524],[10.2539,49.4527],[10.2527,49.4568],[10.2582,49.4589],[10.2568,49.4604],[10.2606,49.4608],[10.2595,49.4619],[10.263,49.4655],[10.2676,49.4659],[10.2691,49.4671],[10.2675,49.4692],[10.2626,49.4729],[10.2581,49.4734],[10.2562,49.4717],[10.2534,49.4764],[10.2437,49.4748],[10.2409,49.4784],[10.2408,49.4822],[10.2394,49.4823],[10.2402,49.4848],[10.2344,49.4884],[10.2225,49.4888],[10.2208,49.4908],[10.2055,49.492],[10.2034,49.4905],[10.198,49.4915],[10.1961,49.4898],[10.1876,49.4884],[10.1852,49.4919],[10.1847,49.49],[10.1781,49.4886],[10.1792,49.4869],[10.175,49.4832],[10.1755,49.4804],[10.1713,49.4791],[10.1729,49.4756],[10.166,49.474],[10.1642,49.478],[10.1601,49.477],[10.1604,49.479],[10.1524,49.4786],[10.1516,49.48],[10.1471,49.48],[10.1397,49.4779],[10.138,49.4789],[10.1386,49.476],[10.134,49.4755],[10.1347,49.4724],[10.1316,49.4713],[10.1183,49.4724],[10.1195,49.471],[10.1176,49.4702],[10.1179,49.4676],[10.1218,49.4635],[10.1159,49.4612],[10.1144,49.4625],[10.1053,49.4632],[10.1081,49.4603],[10.1072,49.4589],[10.0971,49.4561],[10.0972,49.4514],[10.0949,49.4481],[10.1058,49.4444],[10.1118,49.4386],[10.1128,49.4389],[10.1102,49.4424],[10.1189,49.4439],[10.1218,49.4409],[10.1331,49.4379],[10.1343,49.4348],[10.1381,49.4332],[10.1337,49.4321],[10.1383,49.4282],[10.1374,49.4247],[10.1457,49.4188],[10.1473,49.4137],[10.15,49.4141],[10.1493,49.413],[10.1525,49.4116],[10.1478,49.4112],[10.1524,49.4042],[10.1512,49.4035],[10.1522,49.4012],[10.1442,49.4036],[10.1389,49.4031],[10.1448,49.4024],[10.1542,49.3988],[10.1551,49.3966],[10.1618,49.3953],[10.161,49.3904],[10.1576,49.391],[10.1563,49.3887],[10.1463,49.3883],[10.1446,49.3836],[10.1399,49.3835],[10.14,49.3858],[10.1364,49.3867],[10.132,49.3861],[10.1217,49.3879],[10.1218,49.3863],[10.1119,49.3851],[10.1072,49.3789],[10.1172,49.3691],[10.1173,49.367],[10.1135,49.3666],[10.1133,49.3597],[10.1179,49.3597],[10.1183,49.3579],[10.1246,49.3559],[10.123,49.3547],[10.1238,49.3505],[10.1222,49.3503],[10.1068,49.3529],[10.1093,49.3483],[10.1039,49.347],[10.1032,49.3414],[10.1046,49.3409],[10.1045,49.3385],[10.1089,49.3379],[10.1083,49.336],[10.1131,49.3357],[10.1129,49.3324],[10.1071,49.3324],[10.109,49.3323],[10.1105,49.3288],[10.1187,49.329],[10.1203,49.3253],[10.1231,49.3246],[10.1235,49.3257],[10.1308,49.3255],[10.1303,49.3277],[10.1398,49.3271],[10.1388,49.3257],[10.1405,49.3246],[10.1403,49.3226],[10.1427,49.3226],[10.1454,49.3164],[10.1355,49.3097],[10.1365,49.308],[10.1315,49.3051],[10.1323,49.3004],[10.1383,49.2915],[10.144,49.2904],[10.1412,49.2888],[10.1421,49.2878],[10.1499,49.288],[10.1493,49.2847],[10.1534,49.2848],[10.1566,49.2811],[10.1532,49.2819],[10.15,49.2784],[10.1464,49.2771],[10.148,49.2755],[10.1449,49.2752],[10.1464,49.272],[10.1449,49.2717],[10.1494,49.269],[10.1415,49.2675],[10.1338,49.2622],[10.1314,49.2639],[10.1276,49.2615],[10.1263,49.2624],[10.1273,49.2657],[10.1224,49.2727],[10.1312,49.2747],[10.1281,49.2759],[10.1232,49.2748],[10.1199,49.2668],[10.1178,49.2685],[10.1143,49.2666],[10.1168,49.2642],[10.116,49.2589],[10.1191,49.2577],[10.1093,49.2578],[10.1143,49.2559],[10.1259,49.2559],[10.1272,49.2534],[10.1304,49.2542],[10.1289,49.2562],[10.1294,49.2563],[10.1331,49.2532],[10.1322,49.2513],[10.1198,49.247],[10.1243,49.2457],[10.1232,49.2441],[10.1248,49.2427],[10.1228,49.2408],[10.1265,49.2361],[10.1263,49.2302],[10.1279,49.2278],[10.1259,49.2272],[10.1266,49.2246],[10.1324,49.2173],[10.1392,49.216],[10.1405,49.2088],[10.1257,49.2108],[10.1248,49.2095],[10.1272,49.2098],[10.1274,49.2042],[10.1311,49.2031],[10.1245,49.2007],[10.1249,49.1989],[10.1301,49.199],[10.127,49.1973],[10.1291,49.1956],[10.1303,49.1963],[10.129,49.1972],[10.1328,49.1978],[10.1312,49.1992],[10.1351,49.2002],[10.1383,49.1971],[10.1412,49.1976],[10.142,49.1954],[10.157,49.1926],[10.1528,49.19],[10.1572,49.1901],[10.157,49.1877],[10.1605,49.1851],[10.1597,49.183],[10.1673,49.1812],[10.1662,49.1794],[10.1681,49.1782],[10.171,49.178],[10.1714,49.1792],[10.1762,49.1799],[10.1764,49.1816],[10.1813,49.1826],[10.1812,49.1767],[10.1784,49.1761],[10.1773,49.1732],[10.1831,49.1718],[10.1856,49.173],[10.1847,49.1711],[10.1867,49.1704],[10.1867,49.1725],[10.1894,49.1743],[10.188,49.1697],[10.1902,49.1709],[10.1952,49.1699],[10.1926,49.1676],[10.1972,49.1636],[10.1959,49.1626],[10.1996,49.1602],[10.1987,49.157],[10.1968,49.1558],[10.2051,49.1556],[10.2067,49.159],[10.2117,49.1603],[10.2129,49.1628],[10.2181,49.1635],[10.2198,49.1614],[10.2186,49.1601],[10.2226,49.16],[10.2241,49.1618],[10.228,49.1599],[10.232,49.1564],[10.231,49.1535],[10.2369,49.1519],[10.2384,49.1494],[10.2482,49.1493],[10.2485,49.1458],[10.2519,49.1437],[10.2515,49.1419],[10.2556,49.1381],[10.2515,49.134],[10.2557,49.1318],[10.2571,49.129],[10.2528,49.13],[10.2511,49.1262],[10.2431,49.1257],[10.24,49.1241],[10.2408,49.1221],[10.2372,49.1203],[10.2302,49.1191],[10.2251,49.1202],[10.2248,49.119],[10.2296,49.117],[10.2298,49.1133],[10.2265,49.1129],[10.2294,49.1112],[10.2278,49.1103],[10.2154,49.1134],[10.2153,49.1113],[10.2135,49.1114],[10.2161,49.106],[10.2122,49.1017],[10.2136,49.101],[10.2074,49.1009],[10.2074,49.0994],[10.2102,49.1006],[10.2108,49.0969],[10.2078,49.0994],[10.204,49.0974],[10.2117,49.0943],[10.2228,49.0981],[10.2253,49.0953],[10.2261,49.0901],[10.228,49.0892],[10.2331,49.0903],[10.2324,49.0918],[10.2335,49.092],[10.2351,49.0905],[10.2428,49.0931],[10.2444,49.0927],[10.244,49.0906],[10.2476,49.093],[10.2505,49.0923],[10.248,49.0925],[10.2478,49.0919],[10.2506,49.0903],[10.2459,49.0804],[10.2471,49.0798],[10.2425,49.0788],[10.2412,49.0801],[10.2433,49.0811],[10.2409,49.0821],[10.2393,49.0788],[10.234,49.0763],[10.2354,49.0739],[10.2395,49.0747],[10.2425,49.0723],[10.2456,49.0744],[10.2583,49.0702],[10.2592,49.0651],[10.2655,49.0617],[10.2586,49.0597],[10.2565,49.0615],[10.2569,49.053],[10.255,49.0542],[10.2553,49.0521],[10.2519,49.0496],[10.2557,49.0446],[10.2506,49.0433],[10.2503,49.0404],[10.2549,49.0387],[10.259,49.0427],[10.2631,49.0422],[10.2617,49.0437],[10.2658,49.0453],[10.268,49.0429],[10.2772,49.0426],[10.2744,49.0408],[10.2771,49.0383],[10.2847,49.0365],[10.2885,49.0402],[10.2855,49.0423],[10.2875,49.0431],[10.2877,49.0413],[10.2913,49.0422],[10.2928,49.0408],[10.2952,49.0425],[10.3043,49.0383],[10.302,49.0383],[10.3025,49.0314],[10.3095,49.0319],[10.3187,49.0287],[10.3211,49.0254],[10.3291,49.0242],[10.3274,49.0302],[10.331,49.0289],[10.3314,49.0266],[10.3332,49.0268],[10.3319,49.0302],[10.3329,49.032],[10.3366,49.0297],[10.3369,49.0274],[10.3501,49.0283],[10.3511,49.0221],[10.3458,49.0205],[10.3455,49.0174],[10.3484,49.017],[10.349,49.0151],[10.3555,49.0145],[10.3576,49.0115],[10.3541,49.0047],[10.373,49.0033],[10.376,48.9996],[10.382,48.9992],[10.3808,48.9967],[10.3829,48.9942],[10.3819,48.9916],[10.3787,48.9905],[10.3838,48.9882],[10.3947,48.9902],[10.3971,48.9867],[10.4012,48.9861],[10.4027,48.9821],[10.405,48.9824],[10.4058,48.9803],[10.412,48.9786],[10.4104,48.9775],[10.4213,48.9785],[10.4274,48.9775],[10.4241,48.979],[10.4155,48.979],[10.4139,48.981],[10.4248,48.982],[10.4305,48.9809],[10.4329,48.984],[10.4308,48.9838],[10.4311,48.9855],[10.4278,48.9859],[10.4279,48.9873],[10.4226,48.9884],[10.4208,48.9919],[10.425,48.9942],[10.424,48.9972],[10.4302,48.9997],[10.4242,49.004],[10.4335,49.0046],[10.4334,49.002],[10.4359,49.0019],[10.4458,49.0068],[10.4523,49.0074],[10.4512,49.0099],[10.4522,49.0115],[10.4581,49.0076],[10.4587,49.0089],[10.4699,49.0108],[10.4693,49.0118],[10.4775,49.0111],[10.4834,49.0086],[10.4878,49.0093],[10.4894,49.0118],[10.4977,49.0094],[10.4994,49.006],[10.5021,49.006],[10.5006,49.0073],[10.5005,49.0076],[10.5054,49.006],[10.5156,49.0062],[10.5172,49.0084],[10.5335,49.0057],[10.5444,49.0071],[10.5448,49.009],[10.5397,49.0125],[10.5432,49.015],[10.5394,49.0186],[10.5391,49.0219],[10.5435,49.0241],[10.5507,49.0216],[10.5521,49.0218],[10.5503,49.0227],[10.5543,49.0231],[10.5451,49.0253],[10.5465,49.0284],[10.5558,49.0341],[10.5654,49.0333],[10.5647,49.032],[10.5676,49.034],[10.5745,49.0317],[10.5747,49.0358],[10.5862,49.036],[10.5953,49.0344],[10.6,49.0306],[10.6009,49.0243],[10.6052,49.018],[10.6073,49.0173],[10.6055,49.0186],[10.6057,49.0195],[10.6071,49.0204],[10.6059,49.0186],[10.6099,49.0179],[10.6101,49.0147],[10.614,49.0142],[10.6276,49.0211],[10.6312,49.0165],[10.6424,49.0165],[10.6448,49.0187],[10.6464,49.0171],[10.6512,49.0187],[10.6532,49.016],[10.667,49.0172],[10.6685,49.0196],[10.6678,49.0229],[10.6739,49.0247],[10.676,49.0324],[10.6793,49.034],[10.6793,49.0366],[10.6767,49.0389],[10.6801,49.0428],[10.6827,49.041],[10.6857,49.0422],[10.6853,49.0461],[10.6877,49.0472],[10.6808,49.0596],[10.6868,49.064],[10.684,49.0667],[10.6879,49.0711],[10.6791,49.073],[10.6735,49.0724],[10.6713,49.0798],[10.6741,49.0799],[10.674,49.0829],[10.6758,49.0834],[10.6565,49.083],[10.6551,49.0837],[10.6563,49.085],[10.6519,49.0882],[10.6493,49.0894],[10.6472,49.0884],[10.6457,49.0902],[10.6484,49.0976],[10.6473,49.1007],[10.6485,49.1006],[10.6483,49.1022],[10.6524,49.1025],[10.6511,49.1034],[10.6535,49.1033],[10.6536,49.1052],[10.6512,49.1057],[10.651,49.1073],[10.6556,49.1075],[10.6564,49.1092],[10.6648,49.1086],[10.6614,49.1091],[10.662,49.1124],[10.6641,49.1126],[10.6631,49.1148],[10.665,49.1135],[10.6638,49.1167],[10.6554,49.1159],[10.654,49.1168],[10.6564,49.1173],[10.6552,49.1192],[10.6508,49.1224],[10.6568,49.1251],[10.6559,49.1266],[10.6572,49.1281],[10.6546,49.1286],[10.6543,49.1321],[10.6609,49.1324],[10.6624,49.1342],[10.6635,49.1326],[10.6681,49.1335],[10.6677,49.1376],[10.671,49.1395],[10.6704,49.141],[10.677,49.1401],[10.6821,49.1477],[10.6955,49.1516],[10.6929,49.1553],[10.6975,49.1581],[10.6988,49.1599],[10.698,49.1618],[10.6997,49.1622],[10.703,49.1684],[10.7103,49.1686],[10.7104,49.1673],[10.7142,49.1701],[10.7099,49.1732],[10.7088,49.1784],[10.7166,49.1798],[10.716,49.1814],[10.723,49.1867],[10.7312,49.1857],[10.7346,49.1869],[10.7374,49.1896],[10.7362,49.1929],[10.7406,49.1958],[10.7401,49.1971],[10.7488,49.1972],[10.7592,49.2037],[10.7629,49.2006],[10.7689,49.2011],[10.7717,49.2035],[10.7773,49.2047],[10.7839,49.2034],[10.7814,49.2026],[10.7817,49.2016],[10.7843,49.2021]],[[10.4543,49.2855],[10.4585,49.2855],[10.4582,49.2869],[10.4653,49.2883],[10.4655,49.2932],[10.4813,49.2928],[10.4833,49.289],[10.4812,49.2861],[10.4887,49.288],[10.4906,49.289],[10.4903,49.2905],[10.4992,49.2915],[10.4977,49.293],[10.4983,49.2957],[10.4955,49.2967],[10.4998,49.2991],[10.4961,49.2995],[10.4926,49.3062],[10.4856,49.3063],[10.4828,49.3092],[10.4763,49.3112],[10.4786,49.3133],[10.4752,49.3169],[10.4736,49.326],[10.4857,49.3271],[10.4932,49.3237],[10.4959,49.3246],[10.4964,49.3282],[10.509,49.3245],[10.5195,49.3251],[10.519,49.3229],[10.5234,49.3208],[10.5285,49.3227],[10.5268,49.3242],[10.5316,49.3277],[10.532,49.3306],[10.535,49.3332],[10.5485,49.3403],[10.5703,49.3383],[10.5707,49.3425],[10.5786,49.3438],[10.5874,49.3426],[10.5897,49.3349],[10.5917,49.3328],[10.5966,49.3332],[10.6015,49.3315],[10.6025,49.3296],[10.6078,49.3297],[10.614,49.3274],[10.6275,49.3275],[10.6288,49.3265],[10.6259,49.3255],[10.6307,49.3244],[10.6391,49.325],[10.6416,49.3223],[10.65,49.3223],[10.6492,49.318],[10.6552,49.3197],[10.6562,49.3174],[10.6563,49.3147],[10.6529,49.3147],[10.6537,49.3124],[10.6463,49.3085],[10.6458,49.3048],[10.6351,49.3023],[10.6333,49.2927],[10.631,49.2929],[10.6321,49.2909],[10.6284,49.2903],[10.6299,49.2884],[10.6184,49.2867],[10.6146,49.2852],[10.6156,49.2834],[10.6117,49.2828],[10.6256,49.2812],[10.6232,49.2789],[10.6146,49.2782],[10.6141,49.2765],[10.6178,49.2744],[10.6169,49.2727],[10.6244,49.2726],[10.6256,49.2643],[10.6296,49.2641],[10.6302,49.2618],[10.6366,49.2593],[10.6458,49.2574],[10.6453,49.2526],[10.6375,49.2503],[10.6377,49.2464],[10.6361,49.2463],[10.6364,49.2425],[10.6396,49.2422],[10.6396,49.2387],[10.6419,49.2384],[10.6397,49.2365],[10.6402,49.2344],[10.6353,49.2352],[10.6327,49.234],[10.6309,49.2367],[10.6088,49.2384],[10.6103,49.239],[10.6102,49.242],[10.608,49.2421],[10.6083,49.2441],[10.5995,49.242],[10.5933,49.2431],[10.5924,49.2451],[10.5893,49.245],[10.5905,49.243],[10.5801,49.2445],[10.5829,49.2472],[10.5801,49.2502],[10.5671,49.2528],[10.5609,49.2519],[10.561,49.254],[10.5595,49.2538],[10.5603,49.2557],[10.556,49.2568],[10.5539,49.2592],[10.5463,49.2586],[10.531,49.2632],[10.5251,49.2609],[10.5211,49.2625],[10.5219,49.2602],[10.5192,49.2594],[10.5205,49.2581],[10.5183,49.2571],[10.5065,49.259],[10.5065,49.2629],[10.5005,49.2661],[10.4984,49.2653],[10.4952,49.2669],[10.4925,49.2657],[10.4919,49.2672],[10.4873,49.2681],[10.4726,49.2655],[10.4717,49.267],[10.4739,49.2673],[10.4723,49.2695],[10.4734,49.2706],[10.477,49.2734],[10.4831,49.2744],[10.4808,49.2778],[10.4766,49.2783],[10.4756,49.2802],[10.4732,49.2773],[10.4749,49.2751],[10.4721,49.2745],[10.4687,49.2775],[10.4638,49.276],[10.4626,49.2766],[10.4638,49.2788],[10.4623,49.2781],[10.4543,49.2855]],[[10.7843,49.2021],[10.7882,49.2026],[10.7884,49.2022],[10.7858,49.2019],[10.7843,49.2021]]],[[[10.7105,49.1786],[10.7125,49.1776],[10.7127,49.1778],[10.7105,49.1786]]]]}},{"type":"Feature","properties":{"name":"Landkreis Bamberg","osm_relation":62627},"geometry":{"type":"MultiPolygon","coordinates":[[[[10.4401,49.8451],[10.4422,49.8423],[10.445,49.8436],[10.4618,49.836],[10.4537,49.832],[10.4548,49.8314],[10.4529,49.8285],[10.447,49.8235],[10.45,49.8203],[10.4489,49.8188],[10.4555,49.8152],[10.4559,49.813],[10.4583,49.8124],[10.461,49.8087],[10.4672,49.8089],[10.467,49.8101],[10.4694,49.8103],[10.4711,49.8076],[10.4746,49.8067],[10.4757,49.8073],[10.4722,49.8103],[10.4756,49.8126],[10.4806,49.81],[10.4859,49.8042],[10.481,49.8029],[10.4816,49.8009],[10.4785,49.7996],[10.4769,49.7964],[10.4755,49.797],[10.4664,49.7916],[10.4689,49.7908],[10.4669,49.7888],[10.47,49.7878],[10.4696,49.7865],[10.4785,49.7853],[10.4933,49.7878],[10.496,49.7921],[10.5065,49.7957],[10.5081,49.7984],[10.5161,49.803],[10.5198,49.7993],[10.518,49.7965],[10.5316,49.7938],[10.5334,49.7953],[10.5352,49.794],[10.5356,49.7925],[10.5335,49.7917],[10.5348,49.7899],[10.5262,49.7887],[10.5278,49.7877],[10.5247,49.7854],[10.5362,49.783],[10.5391,49.7714],[10.5542,49.7697],[10.5537,49.7665],[10.5553,49.7644],[10.5511,49.7557],[10.5594,49.7526],[10.5762,49.7511],[10.5794,49.7485],[10.585,49.7488],[10.5888,49.7446],[10.6027,49.7435],[10.6046,49.7413],[10.6182,49.739],[10.63,49.7401],[10.6319,49.7393],[10.6313,49.7377],[10.6389,49.7416],[10.6432,49.737],[10.6418,49.7359],[10.6429,49.7353],[10.6421,49.7326],[10.6509,49.7257],[10.6543,49.7211],[10.6712,49.7224],[10.6697,49.7234],[10.6697,49.7272],[10.6784,49.7305],[10.6913,49.7323],[10.7018,49.7316],[10.7048,49.7352],[10.7035,49.7368],[10.7012,49.7355],[10.7044,49.7384],[10.7029,49.7408],[10.7065,49.7423],[10.7079,49.7474],[10.7041,49.7484],[10.6912,49.7455],[10.6885,49.7487],[10.6883,49.7521],[10.6807,49.7524],[10.6802,49.7549],[10.6754,49.7551],[10.6718,49.7567],[10.6719,49.7581],[10.676,49.7597],[10.6753,49.7626],[10.6772,49.7643],[10.6796,49.7644],[10.6809,49.7668],[10.6912,49.7713],[10.6968,49.7756],[10.7048,49.7781],[10.7107,49.7765],[10.7151,49.7794],[10.7133,49.783],[10.7156,49.7843],[10.715,49.7879],[10.7207,49.7882],[10.7244,49.785],[10.7324,49.7835],[10.7393,49.7776],[10.7494,49.7725],[10.7578,49.7725],[10.7582,49.771],[10.7618,49.7712],[10.7603,49.7707],[10.7611,49.7697],[10.7692,49.7664],[10.7758,49.7673],[10.7804,49.7624],[10.7837,49.7627],[10.7895,49.7571],[10.7898,49.7545],[10.7935,49.754],[10.7946,49.7519],[10.7925,49.7501],[10.801,49.7479],[10.7998,49.742],[10.803,49.7406],[10.8034,49.7378],[10.8097,49.7392],[10.8132,49.7381],[10.8273,49.7424],[10.8256,49.7453],[10.829,49.7496],[10.8327,49.7494],[10.8366,49.7524],[10.8459,49.7554],[10.8539,49.7554],[10.8565,49.7588],[10.865,49.7585],[10.8658,49.7564],[10.8702,49.7575],[10.8714,49.7548],[10.8779,49.7564],[10.8782,49.759],[10.8756,49.7606],[10.8776,49.7665],[10.8718,49.7678],[10.8701,49.769],[10.8706,49.7706],[10.8878,49.7736],[10.8937,49.7763],[10.8988,49.7725],[10.9037,49.7735],[10.9006,49.7752],[10.8999,49.7783],[10.9085,49.7811],[10.9148,49.7802],[10.9154,49.7823],[10.9209,49.7854],[10.9278,49.7839],[10.9296,49.7855],[10.9325,49.7852],[10.9303,49.783],[10.9204,49.7802],[10.9168,49.7773],[10.9193,49.7749],[10.9187,49.7722],[10.9277,49.7676],[10.9267,49.7691],[10.928,49.7697],[10.928,49.7724],[10.9323,49.7724],[10.9297,49.7759],[10.935,49.779],[10.9449,49.778],[10.9517,49.7753],[10.9542,49.776],[10.9543,49.7728],[10.9563,49.7736],[10.9583,49.7718],[10.9613,49.7735],[10.9622,49.7705],[10.9638,49.7705],[10.966,49.7708],[10.9658,49.773],[10.9707,49.7722],[10.9719,49.7741],[10.9753,49.7738],[10.9748,49.7751],[10.9786,49.7747],[10.9767,49.7792],[10.9798,49.7813],[10.9859,49.7821],[10.9836,49.7833],[10.9829,49.786],[10.9872,49.7835],[10.989,49.7857],[11.0023,49.7844],[11.0024,49.7824],[11.0074,49.7826],[11.0089,49.7847],[11.0093,49.7818],[11.0114,49.7813],[11.0129,49.7832],[11.0247,49.7856],[11.0261,49.7864],[11.0251,49.7876],[11.0294,49.7896],[11.0335,49.7891],[11.0421,49.7913],[11.0486,49.7949],[11.0659,49.795],[11.0716,49.7986],[11.0758,49.798],[11.0745,49.7935],[11.0813,49.794],[11.0875,49.8001],[11.085,49.7998],[11.0838,49.803],[11.0922,49.8028],[11.1001,49.8056],[11.1006,49.8164],[11.0989,49.8188],[11.1033,49.8198],[11.1045,49.83],[11.1032,49.8341],[11.1049,49.8352],[11.1045,49.837],[11.1078,49.8374],[11.1078,49.839],[11.1163,49.8401],[11.1202,49.8379],[11.1264,49.8377],[11.1313,49.8416],[11.1387,49.841],[11.1415,49.8448],[11.1591,49.8437],[11.1648,49.8452],[11.1702,49.8447],[11.1712,49.8432],[11.1689,49.8425],[11.1691,49.8394],[11.176,49.8396],[11.1669,49.8367],[11.1728,49.8354],[11.1751,49.8323],[11.1882,49.8359],[11.1891,49.8389],[11.194,49.8382],[11.1934,49.8357],[11.1992,49.8327],[11.2005,49.8342],[11.1982,49.8352],[11.1986,49.837],[11.2021,49.8384],[11.2197,49.8364],[11.2219,49.8341],[11.2317,49.8375],[11.2335,49.8404],[11.2309,49.8402],[11.2292,49.8423],[11.2306,49.8469],[11.2275,49.847],[11.2276,49.8497],[11.2344,49.85],[11.2324,49.8538],[11.2261,49.8575],[11.2286,49.858],[11.2277,49.862],[11.2311,49.8635],[11.2321,49.8617],[11.2339,49.864],[11.244,49.8651],[11.2394,49.8666],[11.2408,49.8671],[11.2396,49.8697],[11.2341,49.8752],[11.2213,49.8744],[11.2163,49.8767],[11.2128,49.8764],[11.2126,49.8792],[11.2082,49.8781],[11.1997,49.8814],[11.1925,49.8811],[11.1933,49.8838],[11.1906,49.8858],[11.1929,49.8893],[11.1991,49.8928],[11.1951,49.8949],[11.1903,49.9028],[11.1855,49.9035],[11.185,49.9063],[11.1865,49.9067],[11.1842,49.9089],[11.1951,49.9089],[11.2035,49.9135],[11.2052,49.9209],[11.2092,49.9218],[11.2082,49.9241],[11.2112,49.9253],[11.2101,49.9289],[11.214,49.9303],[11.2113,49.9334],[11.2128,49.9363],[11.2151,49.9365],[11.2143,49.9404],[11.211,49.9444],[11.2056,49.9441],[11.2052,49.9454],[11.2037,49.9442],[11.1958,49.9476],[11.1969,49.9482],[11.1941,49.9482],[11.1934,49.9511],[11.1964,49.9516],[11.1957,49.9543],[11.2101,49.9579],[11.2049,49.9599],[11.204,49.9616],[11.2093,49.9588],[11.2169,49.9627],[11.2146,49.968],[11.2185,49.9693],[11.2174,49.9714],[11.2189,49.9732],[11.2369,49.9739],[11.2397,49.9766],[11.2433,49.9765],[11.2446,49.9793],[11.2527,49.9788],[11.2448,49.9859],[11.2493,49.9888],[11.2388,49.9915],[11.2352,49.9938],[11.2352,49.9985],[11.2289,49.9989],[11.2289,50.001],[11.2231,50.0032],[11.22,50.0025],[11.2201,50.0066],[11.2185,50.0088],[11.2236,50.0101],[11.2159,50.0144],[11.2169,50.0159],[11.2086,50.0157],[11.2031,50.0109],[11.1927,50.0077],[11.1888,50.0097],[11.19,50.0124],[11.1889,50.0139],[11.1852,50.0106],[11.1818,50.0123],[11.1935,50.0195],[11.1918,50.0214],[11.1965,50.0256],[11.1814,50.0242],[11.1815,50.0217],[11.1788,50.0194],[11.169,50.0161],[11.1646,50.0184],[11.1558,50.0168],[11.1534,50.0192],[11.1467,50.0216],[11.1475,50.0253],[11.1529,50.0322],[11.1562,50.031],[11.1562,50.0333],[11.1596,50.0316],[11.1735,50.0337],[11.1728,50.0357],[11.1701,50.036],[11.1709,50.0386],[11.1773,50.0375],[11.1908,50.0438],[11.1935,50.0481],[11.1893,50.0502],[11.196,50.0488],[11.1944,50.0512],[11.1969,50.049],[11.1977,50.0489],[11.196,50.0507],[11.1841,50.0579],[11.1789,50.0581],[11.1807,50.0577],[11.163,50.0547],[11.1569,50.0521],[11.1601,50.0485],[11.1591,50.0463],[11.1528,50.0469],[11.1521,50.0443],[11.149,50.0435],[11.148,50.0449],[11.1436,50.044],[11.1414,50.0456],[11.1245,50.0485],[11.1202,50.0444],[11.1168,50.0457],[11.1105,50.0447],[11.1069,50.0407],[11.1045,50.0408],[11.1036,50.0376],[11.098,50.0387],[11.0908,50.0352],[11.0845,50.0353],[11.085,50.038],[11.0834,50.038],[11.07,50.0347],[11.0655,50.037],[11.0459,50.0246],[11.0416,50.0261],[11.0352,50.0247],[11.0251,50.0278],[11.0236,50.0265],[11.0221,50.029],[11.0121,50.0239],[11.012,50.0178],[11.0086,50.0159],[11.0029,50.0159],[10.984,50.0202],[10.9824,50.0233],[10.9832,50.0267],[10.988,50.0265],[10.9893,50.0251],[10.9943,50.0296],[10.9906,50.0313],[10.9915,50.0343],[10.9892,50.0366],[10.9801,50.0407],[10.9757,50.0411],[10.9763,50.0388],[10.9661,50.0392],[10.9637,50.0405],[10.9605,50.0394],[10.9578,50.0432],[10.9581,50.0458],[10.9554,50.0459],[10.9552,50.0489],[10.9511,50.0487],[10.9513,50.05],[10.9472,50.0484],[10.946,50.0455],[10.9347,50.0459],[10.9339,50.039],[10.9322,50.0378],[10.9332,50.0359],[10.9313,50.0352],[10.9293,50.0356],[10.9299,50.037],[10.9126,50.0431],[10.9114,50.0418],[10.9146,50.0411],[10.9134,50.04],[10.909,50.0414],[10.903,50.0373],[10.8928,50.0366],[10.8932,50.0408],[10.8988,50.0427],[10.904,50.0488],[10.8955,50.0524],[10.8924,50.0522],[10.8956,50.0537],[10.8941,50.0556],[10.896,50.0581],[10.8867,50.0614],[10.8896,50.0628],[10.8877,50.0647],[10.8852,50.0631],[10.8778,50.067],[10.8815,50.0702],[10.8811,50.0714],[10.8801,50.0702],[10.8755,50.0711],[10.8754,50.0759],[10.8858,50.0727],[10.8882,50.0738],[10.8874,50.0815],[10.8915,50.0877],[10.8863,50.0924],[10.8801,50.091],[10.8784,50.0928],[10.8791,50.0942],[10.8757,50.0954],[10.8717,50.0936],[10.8668,50.0939],[10.8667,50.0907],[10.864,50.0906],[10.8641,50.0883],[10.8625,50.0915],[10.8604,50.0918],[10.8593,50.0879],[10.8606,50.0852],[10.8625,50.0853],[10.8632,50.082],[10.8597,50.08],[10.8618,50.0784],[10.8597,50.0764],[10.8594,50.0734],[10.8493,50.0741],[10.8438,50.0761],[10.8412,50.0737],[10.837,50.073],[10.8376,50.0694],[10.832,50.0649],[10.8383,50.0609],[10.8324,50.0564],[10.8334,50.054],[10.832,50.0526],[10.839,50.0499],[10.8351,50.0484],[10.8379,50.0467],[10.8363,50.0448],[10.831,50.0462],[10.8236,50.0429],[10.8255,50.0417],[10.8217,50.0391],[10.8072,50.0375],[10.7991,50.0408],[10.7979,50.0447],[10.7953,50.0438],[10.7921,50.0471],[10.7827,50.0464],[10.7761,50.0428],[10.7777,50.0384],[10.7724,50.0372],[10.7737,50.0352],[10.7719,50.0339],[10.7754,50.0302],[10.7715,50.0297],[10.7705,50.0272],[10.7723,50.0244],[10.7674,50.0223],[10.7675,50.024],[10.7649,50.0243],[10.7617,50.0214],[10.7643,50.0243],[10.7586,50.0243],[10.7536,50.023],[10.7527,50.0207],[10.75,50.0196],[10.7502,50.0185],[10.7522,50.0191],[10.7532,50.0128],[10.7652,50.0134],[10.7666,50.0097],[10.7636,50.0033],[10.7648,50.0004],[10.7532,49.9935],[10.7406,49.9917],[10.7483,49.9871],[10.7489,49.9818],[10.7529,49.9771],[10.7605,49.9735],[10.7614,49.9683],[10.7571,49.9681],[10.7577,49.9657],[10.7534,49.962],[10.7326,49.9612],[10.7297,49.9626],[10.7285,49.9603],[10.7247,49.9594],[10.7211,49.9562],[10.7237,49.9547],[10.7267,49.9575],[10.7327,49.9519],[10.737,49.9508],[10.7364,49.9495],[10.7422,49.9476],[10.7368,49.9435],[10.7355,49.9403],[10.7368,49.9387],[10.7323,49.9391],[10.7327,49.9364],[10.7159,49.932],[10.718,49.9316],[10.7172,49.9289],[10.7188,49.9264],[10.7132,49.9245],[10.714,49.9224],[10.7074,49.925],[10.708,49.9224],[10.7053,49.9219],[10.7065,49.9206],[10.6968,49.9185],[10.6971,49.9167],[10.694,49.9161],[10.6914,49.9123],[10.6947,49.911],[10.6961,49.9066],[10.7059,49.9046],[10.7053,49.9032],[10.695,49.903],[10.6947,49.9002],[10.6893,49.899],[10.69,49.8982],[10.6866,49.8967],[10.6856,49.8946],[10.6868,49.8934],[10.6852,49.8924],[10.694,49.8902],[10.6842,49.885],[10.685,49.883],[10.6826,49.8822],[10.6803,49.8842],[10.679,49.8835],[10.6783,49.8874],[10.6689,49.8862],[10.6688,49.89],[10.6631,49.8911],[10.6569,49.8902],[10.6544,49.8882],[10.6561,49.8838],[10.6409,49.879],[10.6375,49.8774],[10.638,49.8763],[10.6323,49.8746],[10.6293,49.8641],[10.6204,49.8602],[10.6053,49.8567],[10.6051,49.8553],[10.5973,49.8556],[10.5954,49.8595],[10.5973,49.8631],[10.6056,49.8704],[10.6073,49.8755],[10.595,49.873],[10.5906,49.8703],[10.5871,49.8631],[10.5882,49.8586],[10.5736,49.8628],[10.5795,49.8668],[10.5784,49.8691],[10.5797,49.8717],[10.5759,49.8737],[10.5719,49.8735],[10.5713,49.8697],[10.5671,49.8671],[10.5653,49.8668],[10.5655,49.8694],[10.5636,49.8689],[10.5609,49.8667],[10.5622,49.8652],[10.5605,49.8647],[10.559,49.8676],[10.5598,49.8698],[10.5564,49.8706],[10.5572,49.8735],[10.5527,49.8755],[10.5591,49.8787],[10.5575,49.8815],[10.5502,49.8817],[10.5436,49.8759],[10.5326,49.8768],[10.5235,49.8757],[10.52,49.8731],[10.5178,49.8754],[10.5062,49.8772],[10.5045,49.8725],[10.5025,49.8714],[10.4594,49.8788],[10.4555,49.8707],[10.4529,49.8722],[10.4535,49.8686],[10.4492,49.8554],[10.4444,49.8491],[10.4475,49.8485],[10.4407,49.8466],[10.4401,49.8451]],[[10.5256,49.8428],[10.5264,49.842],[10.5265,49.8406],[10.5257,49.8407],[10.5256,49.8428]],[[10.5552,49.8579],[10.5544,49.859],[10.5557,49.8586],[10.5552,49.8579]],[[10.5543,49.8667],[10.5566,49.8675],[10.5567,49.8672],[10.5543,49.8667]],[[10.5632,49.8638],[10.5639,49.8648],[10.564,49.8638],[10.5632,49.8638]],[[10.5645,49.8639],[10.5652,49.8651],[10.5651,49.864],[10.5645,49.8639]],[[10.8265,49.8984],[10.8332,49.9018],[10.8397,49.9028],[10.8401,49.9042],[10.8438,49.9046],[10.8454,49.907],[10.8475,49.9072],[10.8308,49.9147],[10.8434,49.9178],[10.8596,49.9176],[10.8606,49.915],[10.8682,49.9119],[10.8736,49.9148],[10.876,49.9127],[10.8847,49.9187],[10.8854,49.9219],[10.9014,49.923],[10.9167,49.9286],[10.9348,49.917],[10.946,49.9041],[10.949,49.8958],[10.9497,49.8854],[10.9492,49.8827],[10.9427,49.882],[10.9491,49.8821],[10.9491,49.8766],[10.9461,49.8714],[10.947,49.8671],[10.9606,49.849],[10.9561,49.8508],[10.9534,49.8548],[10.9479,49.8561],[10.9439,49.8538],[10.9374,49.8547],[10.9284,49.8506],[10.9302,49.8476],[10.9289,49.8468],[10.9303,49.8429],[10.9258,49.8428],[10.9056,49.8491],[10.9006,49.8489],[10.9008,49.8518],[10.8941,49.852],[10.8871,49.8547],[10.8858,49.8567],[10.8811,49.8564],[10.8808,49.8588],[10.886,49.8614],[10.8781,49.8595],[10.8723,49.8641],[10.8652,49.8642],[10.8699,49.8687],[10.8586,49.8689],[10.8592,49.8712],[10.856,49.8708],[10.8545,49.8722],[10.8549,49.8743],[10.8504,49.8762],[10.8448,49.8729],[10.8456,49.8755],[10.8384,49.8753],[10.8395,49.8774],[10.838,49.8794],[10.8441,49.8824],[10.8395,49.884],[10.8356,49.8826],[10.8368,49.8814],[10.8358,49.8804],[10.8332,49.8811],[10.8332,49.8856],[10.8362,49.8869],[10.8347,49.8901],[10.8361,49.8911],[10.8355,49.8932],[10.8284,49.8945],[10.8265,49.8984]]],[[[10.8735,49.7412],[10.8755,49.7405],[10.8768,49.7409],[10.8763,49.742],[10.8735,49.7412]]],[[[10.8776,49.7419],[10.8806,49.7414],[10.8842,49.738],[10.8935,49.7384],[10.8936,49.7403],[10.8831,49.7419],[10.8809,49.7439],[10.8776,49.7419]]]]}},{"type":"Feature","properties":{"name":"Landkreis Bayreuth","osm_relation":62378},"geometry":{"type":"Polygon","coordinates":[[[11.1842,49.9089],[11.1865,49.9067],[11.185,49.9063],[11.1855,49.9035],[11.1903,49.9028],[11.1951,49.8949],[11.1991,49.8928],[11.1929,49.8893],[11.1906,49.8858],[11.1933,49.8839],[11.1928,49.881],[11.1997,49.8814],[11.2082,49.8781],[11.2126,49.8792],[11.2128,49.8764],[11.2163,49.8767],[11.2213,49.8744],[11.2341,49.8752],[11.2385,49.8709],[11.2439,49.874],[11.2462,49.873],[11.2504,49.8745],[11.2613,49.874],[11.2615,49.8704],[11.266,49.8689],[11.2682,49.8648],[11.2711,49.8646],[11.2703,49.8607],[11.2567,49.8567],[11.2591,49.855],[11.2586,49.8534],[11.2624,49.8542],[11.266,49.8511],[11.2621,49.8488],[11.2677,49.8381],[11.2715,49.8356],[11.2703,49.834],[11.2776,49.8313],[11.2769,49.8281],[11.284,49.8231],[11.2831,49.8202],[11.2875,49.816],[11.2926,49.8152],[11.2928,49.8133],[11.2967,49.8108],[11.2964,49.8042],[11.3105,49.7997],[11.3204,49.8019],[11.3261,49.8065],[11.3283,49.8067],[11.3266,49.8053],[11.3285,49.8045],[11.332,49.8052],[11.3335,49.8063],[11.3282,49.8077],[11.3326,49.8114],[11.3308,49.8116],[11.3305,49.8146],[11.3272,49.8158],[11.3292,49.8177],[11.3348,49.8164],[11.3333,49.8148],[11.338,49.8147],[11.3374,49.8102],[11.3428,49.8128],[11.3433,49.8105],[11.3492,49.8113],[11.3476,49.8092],[11.3545,49.8088],[11.3559,49.8068],[11.3589,49.808],[11.361,49.8054],[11.3668,49.8036],[11.368,49.8012],[11.366,49.797],[11.3612,49.7974],[11.3615,49.7947],[11.3538,49.7906],[11.352,49.7871],[11.3531,49.7858],[11.3474,49.7837],[11.3494,49.7823],[11.3547,49.7835],[11.3569,49.7797],[11.36,49.782],[11.366,49.7827],[11.3649,49.7783],[11.3669,49.7771],[11.3714,49.7785],[11.38,49.7782],[11.382,49.7758],[11.3773,49.7715],[11.3843,49.7659],[11.3821,49.763],[11.3852,49.7603],[11.3848,49.757],[11.3834,49.757],[11.384,49.7548],[11.3884,49.753],[11.3782,49.7507],[11.3746,49.7514],[11.3629,49.7386],[11.3663,49.7334],[11.3643,49.7333],[11.3642,49.7314],[11.36,49.7284],[11.3616,49.7279],[11.3606,49.7247],[11.3556,49.7235],[11.3621,49.7207],[11.3594,49.7183],[11.3617,49.7153],[11.3669,49.7126],[11.3595,49.7073],[11.3581,49.7078],[11.3559,49.7045],[11.3624,49.7007],[11.3705,49.7012],[11.3704,49.7034],[11.3725,49.7036],[11.3832,49.7004],[11.3743,49.7],[11.3725,49.7016],[11.3713,49.6959],[11.3693,49.6988],[11.3666,49.6991],[11.3644,49.6965],[11.3701,49.6958],[11.3705,49.6927],[11.3717,49.6944],[11.377,49.6937],[11.3749,49.6916],[11.3762,49.689],[11.3705,49.6867],[11.3725,49.6868],[11.37,49.6848],[11.3663,49.6848],[11.3615,49.6795],[11.3494,49.6789],[11.3468,49.6782],[11.3468,49.6761],[11.3529,49.6742],[11.356,49.6763],[11.3571,49.6751],[11.356,49.6735],[11.3661,49.6717],[11.3678,49.6686],[11.3693,49.6685],[11.369,49.6664],[11.3736,49.6694],[11.3775,49.6685],[11.371,49.6588],[11.3784,49.6593],[11.3818,49.6548],[11.3876,49.6541],[11.3871,49.6507],[11.3895,49.65],[11.3885,49.6483],[11.3919,49.6471],[11.3897,49.6462],[11.3945,49.6425],[11.3912,49.6418],[11.394,49.6402],[11.3911,49.6327],[11.3974,49.6337],[11.3977,49.6313],[11.3999,49.6312],[11.399,49.6288],[11.3962,49.6274],[11.3968,49.6259],[11.4044,49.6227],[11.4143,49.626],[11.4151,49.622],[11.4133,49.6216],[11.4152,49.6218],[11.4213,49.6162],[11.4253,49.6158],[11.4265,49.6139],[11.429,49.6148],[11.4289,49.6166],[11.4316,49.6187],[11.4294,49.6227],[11.4331,49.6258],[11.4308,49.6251],[11.4285,49.6268],[11.429,49.628],[11.4303,49.6268],[11.4314,49.6289],[11.4455,49.6264],[11.4562,49.627],[11.4587,49.6282],[11.4572,49.6294],[11.4599,49.6296],[11.4565,49.6299],[11.4578,49.6331],[11.4612,49.6333],[11.4605,49.6355],[11.4708,49.6372],[11.4684,49.6398],[11.4747,49.6405],[11.4721,49.6434],[11.4728,49.6446],[11.481,49.6445],[11.4822,49.6415],[11.4869,49.6417],[11.4862,49.6403],[11.4887,49.6397],[11.4933,49.6466],[11.5,49.6485],[11.5075,49.6467],[11.507,49.6479],[11.5139,49.6498],[11.5191,49.6476],[11.5214,49.6483],[11.5208,49.6465],[11.5249,49.6467],[11.5297,49.6442],[11.5349,49.6445],[11.5373,49.6431],[11.5379,49.6446],[11.5357,49.6443],[11.539,49.6459],[11.5379,49.643],[11.5446,49.6416],[11.5429,49.6439],[11.5467,49.6404],[11.5504,49.6406],[11.5505,49.6424],[11.553,49.6434],[11.5573,49.6424],[11.5564,49.6468],[11.5598,49.6471],[11.5585,49.6489],[11.5607,49.6509],[11.5598,49.6541],[11.5575,49.6552],[11.5605,49.6569],[11.5574,49.6599],[11.5647,49.6645],[11.5609,49.6712],[11.5564,49.6725],[11.5583,49.676],[11.5557,49.6774],[11.5585,49.6797],[11.5586,49.6817],[11.5642,49.6857],[11.5573,49.6894],[11.547,49.6896],[11.5407,49.6933],[11.5461,49.6962],[11.5611,49.6976],[11.555,49.7043],[11.5606,49.7067],[11.5579,49.7104],[11.5579,49.7135],[11.5588,49.716],[11.5594,49.7146],[11.563,49.718],[11.5643,49.7238],[11.5541,49.7286],[11.5575,49.731],[11.5541,49.7315],[11.5524,49.7338],[11.559,49.7344],[11.5621,49.7321],[11.5681,49.7322],[11.5676,49.7313],[11.5711,49.7293],[11.5699,49.7277],[11.5769,49.7268],[11.5871,49.7285],[11.5877,49.7313],[11.5919,49.7349],[11.5957,49.7355],[11.5978,49.7391],[11.5968,49.7432],[11.599,49.7448],[11.5948,49.7516],[11.5928,49.7518],[11.5939,49.7533],[11.5967,49.755],[11.6089,49.7555],[11.6197,49.7602],[11.6338,49.7614],[11.6294,49.7628],[11.6324,49.7655],[11.6287,49.7639],[11.6316,49.7694],[11.6303,49.7738],[11.6331,49.7715],[11.6468,49.7765],[11.6452,49.7773],[11.6464,49.779],[11.6452,49.7861],[11.6341,49.7878],[11.6351,49.7916],[11.6405,49.7957],[11.6388,49.7976],[11.6402,49.8007],[11.6381,49.8018],[11.6407,49.8027],[11.6446,49.8074],[11.6467,49.8043],[11.6497,49.8062],[11.654,49.803],[11.6589,49.8021],[11.6619,49.8053],[11.6699,49.8076],[11.6732,49.811],[11.6793,49.8054],[11.683,49.8045],[11.6841,49.8065],[11.6922,49.8028],[11.6984,49.8022],[11.6928,49.8043],[11.7001,49.8072],[11.6993,49.8164],[11.7015,49.8165],[11.7004,49.82],[11.7053,49.8211],[11.705,49.82],[11.7085,49.8181],[11.7235,49.8183],[11.7243,49.8199],[11.7228,49.8236],[11.7213,49.8236],[11.7213,49.8275],[11.7274,49.8277],[11.7263,49.8316],[11.731,49.8317],[11.7332,49.8339],[11.7392,49.8349],[11.7342,49.8363],[11.7336,49.8392],[11.7386,49.8403],[11.7428,49.8383],[11.7474,49.8411],[11.7522,49.8376],[11.7626,49.8385],[11.7634,49.8376],[11.7603,49.8352],[11.7614,49.8348],[11.7656,49.8365],[11.7648,49.8373],[11.7679,49.8409],[11.7712,49.8412],[11.7745,49.8388],[11.7808,49.8388],[11.7804,49.8374],[11.7873,49.8376],[11.7853,49.8359],[11.7935,49.838],[11.801,49.8424],[11.8021,49.8448],[11.8042,49.8448],[11.8027,49.8483],[11.804,49.849],[11.8235,49.845],[11.8242,49.8438],[11.8227,49.8425],[11.8247,49.8416],[11.8274,49.8418],[11.8263,49.8446],[11.836,49.8462],[11.835,49.8482],[11.8311,49.8493],[11.8377,49.8521],[11.8449,49.8497],[11.8485,49.8513],[11.8548,49.8471],[11.8592,49.8489],[11.8619,49.852],[11.8585,49.8565],[11.854,49.857],[11.8423,49.8651],[11.8442,49.8672],[11.8419,49.8688],[11.8445,49.8708],[11.8456,49.8754],[11.839,49.8787],[11.8446,49.8829],[11.8469,49.8818],[11.8493,49.8853],[11.8543,49.8865],[11.852,49.8876],[11.8549,49.8923],[11.8478,49.8919],[11.8497,49.894],[11.8467,49.8954],[11.8455,49.8934],[11.8417,49.8929],[11.8394,49.8958],[11.8405,49.8988],[11.8317,49.9007],[11.8293,49.899],[11.8262,49.9005],[11.8287,49.9013],[11.8281,49.902],[11.8243,49.9012],[11.8229,49.9025],[11.8265,49.9053],[11.8365,49.9049],[11.8394,49.9076],[11.8355,49.9086],[11.8382,49.9136],[11.8347,49.916],[11.8349,49.9204],[11.8309,49.9248],[11.8315,49.9277],[11.8283,49.9316],[11.8282,49.9345],[11.8223,49.9354],[11.8209,49.9309],[11.8119,49.9329],[11.8165,49.9368],[11.8148,49.9372],[11.8167,49.941],[11.8207,49.9404],[11.8197,49.9446],[11.8125,49.9465],[11.8145,49.9498],[11.8111,49.9528],[11.8141,49.956],[11.8113,49.9584],[11.8112,49.9611],[11.8149,49.9638],[11.8137,49.9623],[11.8164,49.9606],[11.8229,49.963],[11.8298,49.963],[11.8328,49.9626],[11.8335,49.961],[11.8492,49.9613],[11.8512,49.9585],[11.8566,49.961],[11.8648,49.9599],[11.8683,49.9608],[11.8716,49.9663],[11.8784,49.9672],[11.8772,49.9683],[11.8834,49.9676],[11.8854,49.9691],[11.9013,49.9703],[11.9015,49.9727],[11.9045,49.9748],[11.9019,49.9772],[11.9039,49.9817],[11.9013,49.9827],[11.8999,49.9854],[11.902,49.9879],[11.8984,49.9925],[11.8993,49.999],[11.8859,50.0067],[11.8795,50.0121],[11.8764,50.017],[11.8589,50.0232],[11.8579,50.0275],[11.8604,50.0296],[11.8737,50.0329],[11.8667,50.0424],[11.8546,50.0467],[11.846,50.047],[11.8351,50.0543],[11.833,50.0606],[11.8332,50.0652],[11.8243,50.0691],[11.8118,50.0714],[11.8045,50.0703],[11.7969,50.0765],[11.7979,50.0818],[11.7992,50.0801],[11.8015,50.0843],[11.8171,50.0848],[11.8164,50.0861],[11.8184,50.0881],[11.8104,50.0906],[11.8117,50.0943],[11.8093,50.0975],[11.7855,50.1051],[11.7839,50.1126],[11.7909,50.1124],[11.7879,50.1135],[11.7899,50.1166],[11.7819,50.1167],[11.7829,50.1175],[11.7781,50.1201],[11.7822,50.1218],[11.7793,50.1211],[11.7775,50.1228],[11.7784,50.1248],[11.7756,50.1268],[11.7655,50.1247],[11.762,50.1218],[11.7451,50.1168],[11.7437,50.1181],[11.7462,50.1201],[11.7418,50.1196],[11.74,50.1218],[11.7357,50.1214],[11.7335,50.1235],[11.7313,50.1225],[11.7298,50.1239],[11.7265,50.1214],[11.7176,50.1195],[11.7168,50.1213],[11.7067,50.1229],[11.7073,50.1255],[11.7021,50.1279],[11.7046,50.1309],[11.6994,50.1339],[11.6912,50.1281],[11.6903,50.1252],[11.6779,50.1246],[11.6805,50.1225],[11.6779,50.1186],[11.6769,50.1127],[11.6751,50.1122],[11.6769,50.1082],[11.6746,50.1048],[11.6785,50.1028],[11.6777,50.1005],[11.6789,50.0991],[11.6756,50.0963],[11.6789,50.0948],[11.6769,50.0938],[11.6805,50.0915],[11.6802,50.0899],[11.6845,50.0912],[11.6879,50.0898],[11.6843,50.0877],[11.681,50.0884],[11.6547,50.0767],[11.6566,50.0735],[11.6522,50.0723],[11.6516,50.0694],[11.6412,50.0742],[11.6347,50.072],[11.6347,50.0695],[11.6316,50.0677],[11.6346,50.0681],[11.637,50.0666],[11.6362,50.0634],[11.6383,50.063],[11.6393,50.0643],[11.6433,50.0629],[11.6412,50.0612],[11.6376,50.0613],[11.6382,50.0598],[11.6362,50.0587],[11.6424,50.056],[11.6424,50.0545],[11.6464,50.0532],[11.6522,50.0542],[11.6499,50.0508],[11.6503,50.0481],[11.6528,50.0464],[11.65,50.0442],[11.6507,50.0427],[11.6472,50.0419],[11.6376,50.0449],[11.6313,50.0422],[11.6278,50.0423],[11.6273,50.0402],[11.6294,50.0402],[11.6321,50.036],[11.6285,50.0335],[11.6229,50.0345],[11.6176,50.0398],[11.6144,50.0368],[11.6145,50.0348],[11.6048,50.0312],[11.6052,50.0291],[11.6014,50.0263],[11.6044,50.0266],[11.604,50.0176],[11.5957,50.0182],[11.5814,50.0116],[11.5786,50.0083],[11.573,50.0092],[11.5727,50.0108],[11.567,50.0128],[11.5539,50.007],[11.5491,50.0031],[11.5362,49.9992],[11.534,49.9992],[11.5375,50.0016],[11.5361,50.0052],[11.5265,50.0059],[11.5274,50.0011],[11.5221,49.9989],[11.5121,49.9986],[11.5067,49.9955],[11.5059,49.9972],[11.5064,49.9939],[11.5044,49.9918],[11.5036,49.994],[11.4996,49.9932],[11.4966,49.9951],[11.4946,49.9933],[11.4898,49.9939],[11.4867,49.991],[11.4831,49.9927],[11.4846,49.994],[11.4805,49.9959],[11.4765,49.9953],[11.4695,49.9891],[11.4672,49.984],[11.4602,49.9802],[11.4456,49.9798],[11.4374,49.9839],[11.4445,49.9865],[11.4421,49.9907],[11.4339,49.9921],[11.4303,49.9897],[11.4191,49.9894],[11.4169,49.9871],[11.4169,49.9789],[11.4154,49.9785],[11.4152,49.9763],[11.4173,49.9746],[11.4156,49.9735],[11.4221,49.9719],[11.4279,49.966],[11.4294,49.9625],[11.4288,49.9605],[11.4271,49.9604],[11.4276,49.9576],[11.4256,49.9554],[11.4241,49.9557],[11.4249,49.9573],[11.4204,49.9599],[11.4128,49.9608],[11.4101,49.9594],[11.4004,49.9594],[11.4004,49.9607],[11.3965,49.9612],[11.3965,49.9583],[11.394,49.9582],[11.3948,49.9548],[11.3918,49.9517],[11.3947,49.9499],[11.3968,49.9457],[11.3869,49.9422],[11.3879,49.941],[11.386,49.9378],[11.3889,49.9385],[11.3861,49.9343],[11.3839,49.9337],[11.3768,49.9352],[11.3767,49.939],[11.3748,49.9408],[11.3642,49.9385],[11.3588,49.9434],[11.3547,49.9449],[11.3528,49.9433],[11.3526,49.9456],[11.3499,49.9465],[11.3476,49.9452],[11.3484,49.9473],[11.3447,49.9478],[11.3471,49.949],[11.3449,49.9493],[11.3437,49.9531],[11.3332,49.9567],[11.3214,49.9581],[11.3182,49.9596],[11.3196,49.9607],[11.3167,49.9637],[11.3106,49.9627],[11.3076,49.964],[11.2994,49.9637],[11.2901,49.9659],[11.2889,49.9676],[11.2802,49.9653],[11.2776,49.9691],[11.2821,49.9717],[11.2813,49.975],[11.283,49.9754],[11.2828,49.9792],[11.2868,49.979],[11.2846,49.9881],[11.2641,49.9922],[11.2614,49.995],[11.262,49.9981],[11.2602,49.998],[11.2596,50.0001],[11.2541,50.0006],[11.2485,49.9989],[11.2545,49.9934],[11.2507,49.9905],[11.2461,49.9895],[11.2493,49.9888],[11.2448,49.9859],[11.2527,49.9788],[11.2446,49.9793],[11.2433,49.9765],[11.2397,49.9766],[11.2369,49.9739],[11.2189,49.9732],[11.2174,49.9714],[11.2185,49.9693],[11.2146,49.968],[11.2169,49.9627],[11.2093,49.9588],[11.204,49.9616],[11.2101,49.9579],[11.1957,49.9543],[11.1964,49.9516],[11.1934,49.9511],[11.1941,49.9482],[11.1969,49.9482],[11.1958,49.9476],[11.2037,49.9442],[11.2052,49.9454],[11.2056,49.9441],[11.211,49.9444],[11.2143,49.9404],[11.2151,49.9365],[11.2128,49.9363],[11.2113,49.9334],[11.214,49.9303],[11.2101,49.9289],[11.2112,49.9253],[11.2082,49.9241],[11.2092,49.9218],[11.2052,49.9209],[11.2035,49.9135],[11.1951,49.9089],[11.1842,49.9089]],[[11.4751,49.9528],[11.4759,49.956],[11.4766,49.9562],[11.4767,49.9552],[11.4751,49.9528]],[[11.4751,49.9571],[11.4776,49.9598],[11.4967,49.965],[11.4909,49.9598],[11.4901,49.9573],[11.4933,49.9546],[11.4879,49.9525],[11.4872,49.9499],[11.4885,49.9484],[11.4862,49.9502],[11.4834,49.9499],[11.479,49.9472],[11.4796,49.9491],[11.4862,49.9511],[11.487,49.9526],[11.4913,49.9552],[11.4896,49.9572],[11.4895,49.9602],[11.491,49.9623],[11.4799,49.9597],[11.4765,49.9563],[11.4751,49.9571]],[[11.4943,49.9478],[11.4949,49.951],[11.4986,49.9549],[11.4977,49.9566],[11.5043,49.9611],[11.51,49.9601],[11.5111,49.9584],[11.5089,49.9567],[11.5102,49.9561],[11.5251,49.9587],[11.5252,49.9599],[11.5317,49.9583],[11.5324,49.9607],[11.5352,49.9617],[11.5382,49.9565],[11.5417,49.956],[11.5444,49.9592],[11.5444,49.9619],[11.548,49.9609],[11.5444,49.9635],[11.5449,49.9656],[11.5488,49.9648],[11.5507,49.966],[11.5482,49.9689],[11.5585,49.9708],[11.5561,49.9729],[11.5594,49.9742],[11.5727,49.9767],[11.5779,49.9754],[11.582,49.9773],[11.5923,49.9728],[11.5974,49.9747],[11.5998,49.9716],[11.5983,49.9713],[11.6031,49.9716],[11.6062,49.9696],[11.6177,49.9686],[11.6208,49.9668],[11.6228,49.967],[11.6231,49.9689],[11.6283,49.9696],[11.6313,49.9727],[11.6392,49.9705],[11.6508,49.9727],[11.6551,49.9721],[11.65,49.9694],[11.6542,49.967],[11.6513,49.9654],[11.6525,49.9641],[11.6502,49.9636],[11.6484,49.9594],[11.6421,49.9613],[11.638,49.9568],[11.6478,49.9529],[11.6522,49.9484],[11.6571,49.9469],[11.6569,49.9438],[11.6592,49.9417],[11.6608,49.944],[11.6652,49.9439],[11.6654,49.9422],[11.6687,49.9399],[11.6665,49.9382],[11.6717,49.9368],[11.6728,49.9351],[11.6692,49.9326],[11.6591,49.9334],[11.6538,49.936],[11.6473,49.9324],[11.6385,49.9312],[11.6376,49.9293],[11.6343,49.9291],[11.6321,49.9255],[11.6236,49.9223],[11.6236,49.9192],[11.6198,49.9154],[11.6194,49.9126],[11.6227,49.9102],[11.6222,49.908],[11.626,49.9078],[11.6264,49.9053],[11.6251,49.9055],[11.6259,49.9046],[11.6233,49.9013],[11.6207,49.9013],[11.6226,49.8989],[11.6201,49.8995],[11.6205,49.9007],[11.6155,49.8994],[11.6167,49.8957],[11.6129,49.8947],[11.6133,49.8928],[11.6067,49.8951],[11.6014,49.894],[11.6011,49.8902],[11.598,49.8922],[11.5988,49.8946],[11.594,49.8944],[11.5867,49.8908],[11.5772,49.8924],[11.5776,49.8907],[11.5737,49.8882],[11.5691,49.8891],[11.571,49.8928],[11.5657,49.8906],[11.5593,49.8934],[11.5546,49.8926],[11.5556,49.9039],[11.5679,49.902],[11.5665,49.9032],[11.5672,49.9056],[11.5648,49.9051],[11.5627,49.9073],[11.5635,49.9084],[11.5597,49.9107],[11.553,49.9118],[11.5459,49.9191],[11.5354,49.9237],[11.5319,49.9236],[11.5328,49.9198],[11.5266,49.9229],[11.5245,49.9267],[11.5218,49.9268],[11.5202,49.929],[11.5274,49.9288],[11.5304,49.9301],[11.5281,49.931],[11.5293,49.9325],[11.5232,49.9384],[11.5208,49.9379],[11.5152,49.9422],[11.5115,49.9415],[11.5101,49.9455],[11.4958,49.9456],[11.4943,49.9478]],[[11.8034,49.9523],[11.8077,49.9537],[11.8082,49.9521],[11.8109,49.9521],[11.8064,49.9501],[11.8034,49.9523]]]}},{"type":"Feature","properties":{"name":"Landkreis Coburg","osm_relation":62561},"geometry":{"type":"Polygon","coordinates":[[[10.7123,50.3545],[10.714,50.3461],[10.7196,50.3495],[10.7226,50.3495],[10.7286,50.3488],[10.7267,50.3469],[10.7294,50.3447],[10.7273,50.3434],[10.7283,50.3381],[10.72,50.3333],[10.715,50.333],[10.7163,50.328],[10.7142,50.3251],[10.716,50.3208],[10.7217,50.3181],[10.7275,50.3184],[10.7367,50.3142],[10.7418,50.316],[10.7477,50.3103],[10.7508,50.3096],[10.752,50.3068],[10.7598,50.3035],[10.7625,50.2984],[10.7695,50.2931],[10.7931,50.2954],[10.7969,50.2928],[10.8025,50.292],[10.8043,50.2887],[10.8017,50.2831],[10.8042,50.2796],[10.8109,50.2795],[10.8115,50.2775],[10.8147,50.2788],[10.821,50.277],[10.8264,50.278],[10.8322,50.2736],[10.8359,50.2731],[10.8467,50.276],[10.8452,50.27],[10.8512,50.2647],[10.8504,50.2601],[10.8518,50.2514],[10.849,50.2489],[10.8477,50.2451],[10.836,50.2421],[10.8358,50.2393],[10.8244,50.2375],[10.8074,50.2402],[10.8059,50.2436],[10.8069,50.2443],[10.8005,50.2516],[10.7929,50.2502],[10.782,50.2512],[10.7847,50.2485],[10.7694,50.2408],[10.7498,50.2422],[10.7459,50.2447],[10.7485,50.2476],[10.7323,50.2518],[10.727,50.2484],[10.7302,50.2445],[10.7297,50.2425],[10.7259,50.241],[10.728,50.2386],[10.727,50.2307],[10.746,50.2277],[10.7624,50.222],[10.7565,50.2184],[10.7567,50.2156],[10.754,50.2132],[10.765,50.2089],[10.7652,50.2068],[10.7672,50.2073],[10.7654,50.206],[10.7714,50.2012],[10.7724,50.1967],[10.776,50.1973],[10.7768,50.1943],[10.7803,50.1944],[10.7791,50.1832],[10.7816,50.1824],[10.7818,50.1769],[10.7757,50.1748],[10.7729,50.1656],[10.7772,50.1494],[10.7816,50.1487],[10.7833,50.1466],[10.7869,50.1485],[10.7848,50.151],[10.7904,50.152],[10.7888,50.1492],[10.7945,50.1445],[10.7923,50.1417],[10.7933,50.1415],[10.804,50.1412],[10.8024,50.1467],[10.8104,50.1493],[10.8121,50.1491],[10.8122,50.1463],[10.8179,50.1472],[10.8188,50.1496],[10.8245,50.1463],[10.8351,50.1475],[10.8395,50.1465],[10.8416,50.1441],[10.8468,50.1469],[10.8453,50.1477],[10.8471,50.1495],[10.8419,50.1519],[10.8441,50.1528],[10.8429,50.1536],[10.8437,50.1547],[10.8522,50.1576],[10.8559,50.1568],[10.8611,50.1506],[10.8744,50.1478],[10.88,50.1438],[10.8802,50.1417],[10.8754,50.1399],[10.876,50.1383],[10.8706,50.1365],[10.87,50.1306],[10.8712,50.1281],[10.8651,50.1243],[10.8616,50.1247],[10.8619,50.1227],[10.8644,50.1215],[10.8627,50.1175],[10.8591,50.1159],[10.8597,50.1132],[10.8562,50.1033],[10.8587,50.0964],[10.8621,50.0934],[10.8604,50.0918],[10.8625,50.0915],[10.8636,50.0882],[10.864,50.0906],[10.8667,50.0907],[10.8668,50.0939],[10.8717,50.0936],[10.8757,50.0954],[10.8791,50.0942],[10.8784,50.0928],[10.8801,50.091],[10.8846,50.0926],[10.8804,50.0949],[10.8857,50.1007],[10.8849,50.1014],[10.8865,50.1016],[10.8866,50.103],[10.8834,50.1035],[10.8836,50.1046],[10.8882,50.1091],[10.8912,50.1098],[10.8905,50.111],[10.8995,50.1132],[10.9112,50.1135],[10.9142,50.119],[10.9164,50.1192],[10.9267,50.1169],[10.9306,50.1132],[10.9372,50.1126],[10.9417,50.1187],[10.9486,50.1225],[10.9455,50.1261],[10.9483,50.1267],[10.9475,50.128],[10.9439,50.1283],[10.9343,50.1364],[10.9295,50.1356],[10.9291,50.1397],[10.9248,50.1382],[10.922,50.1413],[10.9154,50.1406],[10.9177,50.1428],[10.9259,50.1446],[10.9249,50.1479],[10.9212,50.1506],[10.9288,50.1508],[10.9371,50.1531],[10.9386,50.1552],[10.9424,50.1542],[10.9523,50.1558],[10.9507,50.1567],[10.9541,50.1594],[10.9542,50.1619],[10.9565,50.1627],[10.9561,50.1665],[10.9528,50.171],[10.9605,50.1745],[10.9622,50.1724],[10.9769,50.1746],[10.9834,50.1733],[10.9861,50.176],[10.9904,50.1746],[10.9932,50.177],[11.0077,50.1775],[11.0092,50.1796],[11.0012,50.1838],[11.0039,50.1883],[11.0083,50.1919],[11.0106,50.1917],[11.011,50.1938],[11.004,50.1956],[11.0011,50.1981],[11.0054,50.1991],[11.0069,50.2002],[10.9994,50.1998],[10.9963,50.2025],[10.9978,50.204],[10.991,50.2046],[10.9858,50.2074],[10.9842,50.2097],[10.985,50.2118],[10.9985,50.2154],[11.0163,50.2161],[11.0201,50.2196],[11.0241,50.2184],[11.0343,50.2189],[11.0338,50.2152],[11.0359,50.2141],[11.0394,50.2132],[11.043,50.2159],[11.0473,50.2125],[11.0607,50.2086],[11.0645,50.2055],[11.0669,50.2108],[11.0708,50.2089],[11.0735,50.2101],[11.0803,50.2094],[11.0884,50.2043],[11.0949,50.2093],[11.1027,50.2106],[11.1091,50.2046],[11.1138,50.2056],[11.1183,50.2035],[11.1183,50.2],[11.1088,50.2007],[11.1098,50.198],[11.1071,50.1952],[11.1092,50.1934],[11.1106,50.1942],[11.1165,50.1913],[11.1235,50.196],[11.124,50.1945],[11.1313,50.1951],[11.1342,50.1932],[11.1396,50.1927],[11.1403,50.1952],[11.1529,50.1983],[11.1539,50.1961],[11.1601,50.1935],[11.1584,50.1903],[11.1594,50.1891],[11.18,50.1851],[11.191,50.1963],[11.197,50.1978],[11.1984,50.1999],[11.1973,50.2023],[11.185,50.1996],[11.1768,50.2002],[11.1733,50.2015],[11.1684,50.2071],[11.1826,50.2122],[11.183,50.2166],[11.1822,50.219],[11.1805,50.2191],[11.1814,50.2221],[11.1798,50.2248],[11.1918,50.2286],[11.1896,50.232],[11.1935,50.2346],[11.1923,50.2363],[11.1934,50.2384],[11.1907,50.2384],[11.1901,50.2397],[11.1931,50.2418],[11.1893,50.2424],[11.1797,50.249],[11.1778,50.2486],[11.1789,50.2508],[11.181,50.2495],[11.1891,50.2503],[11.1902,50.2511],[11.1881,50.2524],[11.1929,50.2535],[11.1936,50.2514],[11.1961,50.2519],[11.1951,50.2553],[11.2005,50.2549],[11.2028,50.2566],[11.202,50.2596],[11.1988,50.2633],[11.1942,50.2627],[11.1921,50.265],[11.1964,50.2666],[11.1939,50.2668],[11.1922,50.2701],[11.1741,50.2699],[11.1763,50.2757],[11.1788,50.2745],[11.1839,50.2811],[11.1772,50.2812],[11.1717,50.2834],[11.1645,50.2829],[11.1591,50.2862],[11.1583,50.2891],[11.1543,50.2835],[11.1517,50.2861],[11.146,50.2849],[11.1409,50.2893],[11.1428,50.2906],[11.143,50.2933],[11.1398,50.293],[11.1403,50.2951],[11.1377,50.2997],[11.1319,50.3009],[11.1305,50.3061],[11.1323,50.3118],[11.1357,50.3128],[11.1343,50.3134],[11.1437,50.3192],[11.1506,50.3211],[11.1523,50.3231],[11.1582,50.3239],[11.1591,50.3254],[11.1573,50.3266],[11.1595,50.3302],[11.1363,50.3495],[11.139,50.3536],[11.1357,50.3533],[11.1268,50.3562],[11.1219,50.3493],[11.1162,50.3498],[11.1141,50.3526],[11.1165,50.3538],[11.1194,50.3592],[11.1151,50.3653],[11.1154,50.3669],[11.1018,50.3676],[11.0972,50.3656],[11.0897,50.366],[11.0876,50.3648],[11.088,50.3629],[11.0856,50.3621],[11.0865,50.3592],[11.082,50.354],[11.086,50.3523],[11.081,50.3517],[11.0733,50.3538],[11.0719,50.3518],[11.0645,50.3492],[11.0587,50.3493],[11.043,50.3448],[11.0412,50.3467],[11.0369,50.3452],[11.0351,50.3487],[11.0301,50.3514],[11.0434,50.3524],[11.0321,50.3551],[11.0315,50.354],[11.0332,50.3574],[11.0364,50.3587],[11.0334,50.3613],[11.0243,50.3604],[11.0199,50.3623],[11.0193,50.3608],[11.0081,50.3651],[10.9934,50.3654],[10.9922,50.3605],[10.994,50.3574],[10.9931,50.3553],[10.9942,50.3536],[10.9977,50.3538],[10.9989,50.3503],[10.9961,50.3467],[10.9926,50.3492],[10.9859,50.3473],[10.9826,50.352],[10.9617,50.3678],[10.9565,50.3686],[10.9628,50.3719],[10.9625,50.377],[10.9607,50.3775],[10.9597,50.3753],[10.9486,50.3815],[10.9496,50.3837],[10.9372,50.3922],[10.93,50.3919],[10.9118,50.3852],[10.9087,50.3873],[10.8991,50.3846],[10.8932,50.3802],[10.8848,50.3887],[10.8872,50.3926],[10.8782,50.3931],[10.8761,50.3966],[10.8732,50.3967],[10.8674,50.3938],[10.866,50.3893],[10.8606,50.3876],[10.8508,50.3882],[10.8498,50.3904],[10.8305,50.3927],[10.8201,50.3848],[10.8168,50.386],[10.8109,50.3841],[10.8105,50.3824],[10.8044,50.3792],[10.7903,50.3821],[10.7858,50.3853],[10.7805,50.3809],[10.774,50.3719],[10.7669,50.3705],[10.7653,50.3716],[10.7634,50.3702],[10.7648,50.3691],[10.7622,50.3682],[10.7604,50.3624],[10.7546,50.3581],[10.749,50.3579],[10.7386,50.363],[10.7153,50.3637],[10.7178,50.3555],[10.7123,50.3545]],[[10.8869,50.2817],[10.8937,50.2851],[10.9057,50.286],[10.9063,50.2883],[10.9099,50.2876],[10.9132,50.2906],[10.9181,50.2915],[10.9183,50.2931],[10.9195,50.2922],[10.92,50.2948],[10.9268,50.2946],[10.9291,50.2965],[10.9315,50.2938],[10.9361,50.2925],[10.9358,50.2938],[10.9377,50.2938],[10.9385,50.2955],[10.9427,50.2952],[10.9425,50.2972],[10.9461,50.2974],[10.9461,50.2989],[10.9508,50.2981],[10.9508,50.2967],[10.9533,50.2958],[10.9624,50.2978],[10.9645,50.2923],[10.9744,50.2907],[10.9871,50.2904],[10.9894,50.2917],[10.9938,50.2882],[10.9808,50.2814],[10.9842,50.2764],[10.9867,50.2772],[10.9885,50.2754],[10.9938,50.2778],[10.9942,50.276],[11.0053,50.2743],[11.0099,50.267],[11.0232,50.2682],[11.0238,50.2665],[11.0354,50.2722],[11.0405,50.2698],[11.0416,50.2716],[11.0407,50.2732],[11.0447,50.2751],[11.05,50.2742],[11.0503,50.2712],[11.0528,50.2697],[11.0614,50.2686],[11.0638,50.2651],[11.0518,50.2635],[11.0459,50.2598],[11.0384,50.2585],[11.0354,50.2602],[11.0332,50.2567],[11.035,50.2538],[11.0305,50.2502],[11.027,50.2496],[11.0236,50.2515],[11.0191,50.2479],[11.01,50.2472],[11.0105,50.246],[11.0009,50.2436],[10.9941,50.2394],[10.9953,50.2386],[10.9944,50.236],[10.9989,50.232],[10.9899,50.2305],[10.9904,50.229],[10.9872,50.2239],[10.9812,50.2218],[10.9753,50.2233],[10.9761,50.2247],[10.9741,50.2262],[10.9751,50.2268],[10.9723,50.2286],[10.9749,50.2304],[10.9729,50.2358],[10.9649,50.2382],[10.966,50.2427],[10.9645,50.2439],[10.9575,50.2451],[10.9447,50.2436],[10.9389,50.2394],[10.9354,50.2395],[10.9328,50.2418],[10.9289,50.2415],[10.9283,50.2433],[10.9138,50.2399],[10.8921,50.2505],[10.8966,50.2548],[10.9009,50.2531],[10.9051,50.2546],[10.9146,50.2535],[10.9182,50.2548],[10.917,50.257],[10.92,50.2589],[10.9162,50.2629],[10.9164,50.2659],[10.9219,50.2655],[10.917,50.2685],[10.9067,50.2692],[10.8943,50.2803],[10.8869,50.2817]]]}},{"type":"Feature","properties":{"name":"Landkreis Erlangen-Höchstadt","osm_relation":62448},"geometry":{"type":"MultiPolygon","coordinates":[[[[10.5919,49.7029],[10.5954,49.6979],[10.5928,49.6979],[10.5951,49.6971],[10.5941,49.6963],[10.5952,49.6897],[10.6076,49.6909],[10.6182,49.6892],[10.6139,49.6868],[10.6144,49.6854],[10.6043,49.6835],[10.6028,49.6793],[10.6247,49.6778],[10.6447,49.679],[10.6619,49.6822],[10.6658,49.68],[10.6662,49.6823],[10.6707,49.6829],[10.6702,49.6841],[10.6736,49.6852],[10.6879,49.6854],[10.6863,49.6869],[10.6879,49.6896],[10.6977,49.6916],[10.7001,49.6883],[10.7297,49.6857],[10.7343,49.6816],[10.737,49.6821],[10.7382,49.6789],[10.7423,49.6785],[10.7453,49.6736],[10.7437,49.6727],[10.7459,49.6715],[10.7438,49.6703],[10.7532,49.6692],[10.7592,49.6666],[10.7609,49.662],[10.7641,49.6612],[10.7653,49.6591],[10.7844,49.6561],[10.7884,49.6516],[10.781,49.6422],[10.7864,49.6416],[10.7832,49.6397],[10.7841,49.6342],[10.7771,49.6319],[10.7746,49.6288],[10.761,49.6273],[10.7612,49.6239],[10.7585,49.6208],[10.7603,49.6192],[10.7602,49.6167],[10.7537,49.613],[10.7548,49.6116],[10.7539,49.6094],[10.7564,49.6101],[10.7633,49.6056],[10.7747,49.6067],[10.7736,49.6053],[10.7646,49.6043],[10.7598,49.6012],[10.7552,49.6017],[10.7558,49.5958],[10.7543,49.5915],[10.7555,49.5853],[10.7566,49.5815],[10.7578,49.5808],[10.7566,49.5834],[10.7657,49.5816],[10.7725,49.5824],[10.7773,49.5863],[10.7834,49.5856],[10.7879,49.5825],[10.7908,49.5824],[10.7914,49.5794],[10.7955,49.5795],[10.7957,49.5767],[10.793,49.5721],[10.7959,49.5696],[10.7959,49.5671],[10.8038,49.5658],[10.8029,49.5634],[10.8047,49.5615],[10.8086,49.5625],[10.8109,49.5581],[10.8152,49.5577],[10.8143,49.5538],[10.8216,49.5516],[10.8119,49.5496],[10.8143,49.5449],[10.8103,49.5441],[10.8161,49.5379],[10.8158,49.5358],[10.8334,49.5348],[10.834,49.5372],[10.8585,49.5393],[10.8625,49.542],[10.8687,49.5428],[10.8837,49.5361],[10.8857,49.5389],[10.8847,49.5417],[10.8996,49.5399],[10.8998,49.5413],[10.9023,49.5418],[10.8975,49.5469],[10.9043,49.549],[10.9098,49.5477],[10.9118,49.5464],[10.9113,49.5438],[10.9147,49.5438],[10.9151,49.5423],[10.9227,49.543],[10.9244,49.5422],[10.9244,49.54],[10.9322,49.5403],[10.9327,49.5382],[10.9349,49.5382],[10.9342,49.5403],[10.9357,49.5406],[10.934,49.544],[10.9377,49.5482],[10.934,49.5521],[10.9371,49.5576],[10.9373,49.5618],[10.9358,49.5626],[10.9298,49.561],[10.928,49.5622],[10.9228,49.5608],[10.9185,49.562],[10.9195,49.5622],[10.9172,49.5633],[10.9174,49.5679],[10.9158,49.5694],[10.9251,49.5762],[10.9263,49.5806],[10.9253,49.5826],[10.9267,49.5844],[10.9258,49.5918],[10.9275,49.6057],[10.9219,49.6178],[10.9222,49.6192],[10.9266,49.622],[10.9209,49.6213],[10.9198,49.6247],[10.9333,49.6271],[10.9317,49.6291],[10.9212,49.6286],[10.9187,49.6299],[10.9154,49.6369],[10.9176,49.638],[10.9217,49.6351],[10.9229,49.6368],[10.9214,49.6369],[10.9232,49.6375],[10.9285,49.6456],[10.9376,49.6407],[10.9405,49.642],[10.9439,49.6359],[10.95,49.6346],[10.9536,49.6358],[10.9551,49.6339],[10.9605,49.6322],[10.9564,49.629],[10.9578,49.6269],[10.9617,49.6239],[10.9714,49.6229],[10.9717,49.6198],[10.9729,49.6206],[10.9751,49.6161],[10.9779,49.615],[10.9874,49.6138],[10.9917,49.6171],[10.9969,49.6173],[10.9979,49.6193],[11.0023,49.6177],[11.0031,49.6197],[11.0028,49.6127],[11.0162,49.6108],[11.0217,49.6163],[11.0302,49.6148],[11.0391,49.6155],[11.0358,49.6139],[11.0379,49.6108],[11.0447,49.6108],[11.0466,49.6099],[11.046,49.6082],[11.0497,49.6082],[11.0482,49.6054],[11.0495,49.6046],[11.0468,49.6023],[11.0493,49.6],[11.0471,49.5981],[11.0536,49.5971],[11.0511,49.5955],[11.047,49.5959],[11.0446,49.5917],[11.0374,49.5898],[11.0351,49.5876],[11.032,49.5743],[11.0318,49.5677],[11.0347,49.5585],[11.033,49.5583],[11.0326,49.5528],[11.0338,49.5486],[11.0389,49.5435],[11.0329,49.5424],[11.033,49.5397],[11.0299,49.5392],[11.0328,49.5321],[11.0457,49.5298],[11.0509,49.5322],[11.0526,49.5301],[11.0561,49.5303],[11.0554,49.5295],[11.0578,49.528],[11.0617,49.5283],[11.0623,49.5268],[11.0688,49.5251],[11.0632,49.5254],[11.0657,49.5235],[11.0784,49.5197],[11.0745,49.5188],[11.0692,49.5212],[11.0664,49.5202],[11.0651,49.516],[11.0597,49.5156],[11.0595,49.5144],[11.0659,49.515],[11.0669,49.5139],[11.065,49.5137],[11.0634,49.5111],[11.0578,49.511],[11.0591,49.5094],[11.0577,49.5084],[11.058,49.5052],[11.0687,49.5054],[11.0767,49.5081],[11.0745,49.5064],[11.0759,49.5038],[11.0973,49.501],[11.0959,49.5077],[11.1032,49.51],[11.108,49.5086],[11.108,49.5122],[11.1141,49.515],[11.1202,49.5129],[11.1193,49.5071],[11.1232,49.5062],[11.123,49.491],[11.128,49.4921],[11.1291,49.4917],[11.1264,49.4898],[11.1285,49.4886],[11.1429,49.4875],[11.1436,49.4845],[11.1462,49.4848],[11.149,49.4827],[11.1479,49.4793],[11.1513,49.4778],[11.1503,49.4731],[11.1819,49.4764],[11.1815,49.4782],[11.1733,49.4775],[11.1707,49.4811],[11.1712,49.4857],[11.1683,49.491],[11.1697,49.4926],[11.1734,49.4921],[11.1777,49.4939],[11.1843,49.5025],[11.1792,49.509],[11.1794,49.5112],[11.1825,49.5123],[11.1803,49.5146],[11.1859,49.5203],[11.1853,49.5226],[11.1872,49.5262],[11.1902,49.5271],[11.1925,49.531],[11.1885,49.5356],[11.1887,49.5375],[11.1896,49.5382],[11.1892,49.5362],[11.1911,49.5351],[11.1912,49.5388],[11.1946,49.5398],[11.1975,49.5436],[11.196,49.5482],[11.197,49.5498],[11.1923,49.5537],[11.1896,49.5607],[11.1959,49.5599],[11.2038,49.5641],[11.2026,49.5656],[11.2075,49.567],[11.2119,49.5656],[11.2115,49.5677],[11.216,49.5685],[11.2242,49.5668],[11.2349,49.5674],[11.2344,49.5693],[11.2372,49.57],[11.238,49.5733],[11.249,49.5713],[11.2596,49.5752],[11.259,49.5705],[11.2639,49.5707],[11.2692,49.5678],[11.2693,49.5694],[11.2657,49.5717],[11.2688,49.5731],[11.2656,49.576],[11.2671,49.578],[11.269,49.5767],[11.2726,49.5784],[11.2726,49.5772],[11.2773,49.578],[11.2811,49.5768],[11.2831,49.5806],[11.2797,49.5821],[11.2735,49.581],[11.2762,49.5793],[11.2737,49.579],[11.2717,49.5817],[11.2684,49.5817],[11.2686,49.5832],[11.2708,49.5835],[11.2739,49.5879],[11.2818,49.5892],[11.2886,49.5928],[11.2843,49.5947],[11.2863,49.5961],[11.2839,49.5961],[11.2837,49.5996],[11.2789,49.6013],[11.2811,49.6025],[11.2778,49.6063],[11.2719,49.6068],[11.27,49.6055],[11.2641,49.607],[11.2596,49.605],[11.2583,49.6041],[11.2602,49.6022],[11.253,49.5948],[11.2527,49.597],[11.2427,49.5965],[11.2418,49.5985],[11.2395,49.599],[11.2302,49.5985],[11.2285,49.6012],[11.2293,49.603],[11.2267,49.6032],[11.2277,49.6062],[11.2255,49.6064],[11.226,49.6082],[11.2181,49.6095],[11.2149,49.6081],[11.2159,49.6043],[11.2079,49.6015],[11.2098,49.5965],[11.2076,49.5944],[11.1992,49.5911],[11.1981,49.5927],[11.192,49.5906],[11.1861,49.5911],[11.1862,49.5886],[11.1808,49.5886],[11.1803,49.5874],[11.1696,49.5906],[11.1628,49.5881],[11.1569,49.5902],[11.1554,49.5891],[11.155,49.5905],[11.1507,49.5889],[11.1501,49.5872],[11.1423,49.5901],[11.1274,49.5895],[11.1266,49.5883],[11.121,49.5891],[11.1205,49.5906],[11.1174,49.5891],[11.1103,49.5903],[11.1088,49.5885],[11.1093,49.592],[11.1067,49.5916],[11.1075,49.5941],[11.1054,49.5975],[11.1001,49.5973],[11.1072,49.5998],[11.1014,49.6006],[11.0997,49.5988],[11.092,49.6008],[11.0875,49.6001],[11.088,49.6018],[11.0862,49.602],[11.0837,49.6061],[11.082,49.6059],[11.0808,49.6081],[11.0824,49.6083],[11.0818,49.6096],[11.0762,49.616],[11.0763,49.6209],[11.0811,49.622],[11.0787,49.6236],[11.0802,49.6265],[11.07,49.628],[11.0686,49.6333],[11.0655,49.633],[11.0606,49.6379],[11.054,49.637],[11.0548,49.6329],[11.0446,49.6334],[11.0441,49.6305],[11.0398,49.629],[11.0386,49.6263],[11.0396,49.6249],[11.0382,49.6238],[11.0273,49.626],[11.0249,49.6274],[11.0245,49.6291],[11.0262,49.6308],[11.0214,49.6328],[11.031,49.6386],[11.0381,49.6365],[11.0383,49.6411],[11.0432,49.6396],[11.0433,49.6408],[11.0489,49.6416],[11.0484,49.645],[11.0462,49.6463],[11.0479,49.6524],[11.0568,49.6542],[11.0616,49.6535],[11.0634,49.6603],[11.0602,49.6616],[11.0525,49.6571],[11.0513,49.6582],[11.055,49.6602],[11.0508,49.6623],[11.0463,49.6624],[11.0502,49.6669],[11.0463,49.668],[11.0494,49.6726],[11.048,49.673],[11.0519,49.6759],[11.0546,49.6801],[11.054,49.6815],[11.0496,49.6808],[11.0479,49.6772],[11.0425,49.6773],[11.0415,49.6754],[11.033,49.6716],[11.0319,49.6731],[11.0278,49.6709],[11.0257,49.6721],[11.0166,49.6718],[11.0118,49.6741],[11.0057,49.6736],[11.0038,49.674],[11.0044,49.6754],[11.0095,49.6753],[11.0099,49.6777],[11.0134,49.6772],[11.0134,49.6804],[11.0157,49.6809],[11.015,49.6838],[11.0095,49.6852],[10.9928,49.6822],[10.9914,49.6836],[10.9876,49.6815],[10.9805,49.6833],[10.9736,49.6806],[10.9723,49.6818],[10.9766,49.6841],[10.9738,49.6875],[10.9733,49.692],[10.9706,49.6905],[10.9611,49.6923],[10.9334,49.7003],[10.9272,49.7072],[10.922,49.7069],[10.9245,49.7114],[10.923,49.7118],[10.9227,49.7142],[10.9328,49.7091],[10.9333,49.7105],[10.9301,49.7149],[10.9368,49.7125],[10.938,49.7145],[10.941,49.7141],[10.9453,49.7117],[10.9439,49.7137],[10.9449,49.7143],[10.9388,49.7161],[10.9404,49.7163],[10.9506,49.713],[10.95,49.7144],[10.9516,49.7146],[10.9558,49.7119],[10.9624,49.7168],[10.9548,49.7187],[10.9512,49.7176],[10.9482,49.7196],[10.9485,49.7219],[10.9433,49.7254],[10.9412,49.7294],[10.9347,49.7267],[10.9307,49.7268],[10.9301,49.7279],[10.9324,49.7287],[10.9306,49.7305],[10.9285,49.7297],[10.9236,49.7348],[10.9251,49.7356],[10.9206,49.7379],[10.9237,49.7388],[10.9216,49.7425],[10.919,49.7432],[10.9266,49.7458],[10.9265,49.7481],[10.9348,49.7478],[10.9318,49.749],[10.9316,49.7508],[10.9331,49.7512],[10.9304,49.7519],[10.9329,49.7523],[10.9342,49.7552],[10.931,49.7575],[10.9319,49.7594],[10.9278,49.762],[10.9144,49.7618],[10.9134,49.7654],[10.9155,49.7655],[10.9154,49.7635],[10.9211,49.7631],[10.9231,49.7657],[10.9258,49.7638],[10.9321,49.7662],[10.9309,49.7677],[10.9261,49.7677],[10.9257,49.7696],[10.9187,49.7722],[10.9193,49.7749],[10.9168,49.7773],[10.9206,49.7803],[10.9303,49.783],[10.9321,49.7855],[10.9278,49.7839],[10.9209,49.7854],[10.9154,49.7823],[10.9148,49.7802],[10.9085,49.7811],[10.8999,49.7783],[10.9006,49.7752],[10.9037,49.7735],[10.8988,49.7725],[10.8937,49.7763],[10.8878,49.7736],[10.8706,49.7706],[10.8701,49.769],[10.8718,49.7678],[10.8776,49.7665],[10.8756,49.7606],[10.8782,49.759],[10.8779,49.7564],[10.8714,49.7548],[10.8702,49.7575],[10.8658,49.7564],[10.865,49.7585],[10.8565,49.7588],[10.8539,49.7554],[10.8459,49.7554],[10.8366,49.7524],[10.8327,49.7494],[10.829,49.7496],[10.8256,49.7453],[10.8273,49.7424],[10.8232,49.7407],[10.8132,49.7381],[10.8097,49.7392],[10.8036,49.7378],[10.803,49.7406],[10.7998,49.742],[10.801,49.7479],[10.7925,49.7501],[10.7946,49.7519],[10.7935,49.754],[10.7898,49.7545],[10.7895,49.7571],[10.7837,49.7627],[10.7804,49.7624],[10.7758,49.7673],[10.7692,49.7664],[10.7611,49.7697],[10.7603,49.7707],[10.7618,49.7712],[10.7582,49.771],[10.7578,49.7725],[10.7494,49.7725],[10.7393,49.7776],[10.7324,49.7835],[10.7244,49.785],[10.7207,49.7882],[10.715,49.7879],[10.7156,49.7843],[10.7133,49.783],[10.7151,49.7794],[10.7107,49.7765],[10.7048,49.7781],[10.6968,49.7756],[10.6912,49.7713],[10.6809,49.7668],[10.6796,49.7644],[10.6772,49.7643],[10.6753,49.7626],[10.676,49.7597],[10.6719,49.7581],[10.6718,49.7567],[10.6754,49.7551],[10.6802,49.7549],[10.6807,49.7524],[10.6883,49.7521],[10.6885,49.7487],[10.6912,49.7455],[10.7041,49.7484],[10.7079,49.7474],[10.7065,49.7423],[10.7029,49.7408],[10.7044,49.7384],[10.7012,49.7355],[10.7035,49.7368],[10.7048,49.7352],[10.7018,49.7316],[10.6868,49.732],[10.676,49.7299],[10.6697,49.7272],[10.6697,49.7234],[10.6712,49.7224],[10.624,49.7204],[10.6198,49.7173],[10.62,49.7134],[10.6178,49.7133],[10.6184,49.7112],[10.6155,49.7086],[10.6109,49.7088],[10.6114,49.707],[10.602,49.7081],[10.5985,49.7065],[10.5981,49.7095],[10.5965,49.7099],[10.5946,49.7087],[10.5944,49.7046],[10.5919,49.7029]],[[10.8735,49.7412],[10.8763,49.742],[10.8768,49.7409],[10.8755,49.7405],[10.8735,49.7412]],[[10.8776,49.7419],[10.8809,49.7439],[10.8831,49.7419],[10.8936,49.7403],[10.8935,49.7384],[10.8842,49.738],[10.8806,49.7414],[10.8776,49.7419]],[[11.1299,49.4926],[11.1302,49.4937],[11.131,49.4934],[11.1299,49.4926]]],[[[10.9238,49.62],[10.9235,49.6192],[10.9243,49.6196],[10.9238,49.62]]]]}},{"type":"Feature","properties":{"name":"Landkreis Donau-Ries","osm_relation":62389},"geometry":{"type":"Polygon","coordinates":[[[10.4015,48.9743],[10.4031,48.9729],[10.4038,48.9669],[10.4089,48.9669],[10.4117,48.9687],[10.4106,48.9697],[10.4202,48.9684],[10.4182,48.9679],[10.4184,48.9655],[10.4197,48.9663],[10.4252,48.964],[10.4251,48.9607],[10.4209,48.9611],[10.4195,48.9591],[10.4238,48.9592],[10.4263,48.9558],[10.4284,48.956],[10.4305,48.9518],[10.4322,48.9522],[10.4323,48.9506],[10.4296,48.9509],[10.4308,48.9463],[10.435,48.9442],[10.443,48.9459],[10.4458,48.9434],[10.4448,48.9403],[10.4515,48.9387],[10.4518,48.9373],[10.4477,48.9366],[10.449,48.9345],[10.44,48.9354],[10.4379,48.9332],[10.4453,48.9301],[10.4491,48.926],[10.452,48.9265],[10.4568,48.9204],[10.4569,48.9171],[10.4547,48.9171],[10.454,48.915],[10.4508,48.9143],[10.4489,48.9118],[10.4441,48.9107],[10.4439,48.9085],[10.4365,48.9091],[10.4359,48.9079],[10.4308,48.9079],[10.4308,48.906],[10.425,48.9076],[10.4213,48.9061],[10.4287,48.901],[10.4407,48.8987],[10.4421,48.8957],[10.4501,48.8932],[10.4494,48.891],[10.4533,48.8902],[10.453,48.8843],[10.4505,48.8849],[10.4483,48.8809],[10.4454,48.8814],[10.4446,48.8804],[10.4484,48.879],[10.447,48.8774],[10.4526,48.8735],[10.4509,48.8724],[10.4527,48.8712],[10.4517,48.8679],[10.4484,48.8658],[10.4504,48.8648],[10.4499,48.8628],[10.4475,48.8636],[10.448,48.8618],[10.4539,48.8603],[10.4526,48.8533],[10.4499,48.8529],[10.4499,48.8509],[10.429,48.8457],[10.4294,48.8432],[10.4274,48.8429],[10.4264,48.837],[10.4309,48.8373],[10.4418,48.8344],[10.4437,48.8334],[10.4432,48.8321],[10.448,48.8318],[10.4493,48.8304],[10.448,48.83],[10.4482,48.8281],[10.4498,48.827],[10.4476,48.8269],[10.4496,48.8251],[10.4465,48.8242],[10.449,48.821],[10.4469,48.8191],[10.449,48.818],[10.4467,48.8175],[10.4468,48.8135],[10.4507,48.8113],[10.4425,48.8082],[10.4407,48.8049],[10.4344,48.8013],[10.4292,48.7999],[10.4246,48.8008],[10.421,48.7991],[10.4211,48.7954],[10.4307,48.7937],[10.4281,48.7909],[10.4345,48.7896],[10.4348,48.7877],[10.4302,48.7883],[10.4274,48.7865],[10.428,48.7833],[10.4293,48.7832],[10.4289,48.7816],[10.4268,48.7815],[10.4281,48.7785],[10.4319,48.7788],[10.4344,48.7764],[10.4316,48.775],[10.43,48.777],[10.4312,48.7748],[10.4284,48.7733],[10.4302,48.7721],[10.4303,48.77],[10.4284,48.7699],[10.4282,48.773],[10.4249,48.7732],[10.4243,48.7718],[10.4213,48.7734],[10.4182,48.7728],[10.4202,48.776],[10.4167,48.7763],[10.4159,48.7723],[10.4127,48.7724],[10.412,48.7705],[10.4175,48.7697],[10.4171,48.7652],[10.419,48.7648],[10.4183,48.763],[10.4207,48.7605],[10.4234,48.758],[10.4274,48.7577],[10.4282,48.7559],[10.4238,48.7565],[10.4248,48.7555],[10.4232,48.7533],[10.4185,48.7538],[10.417,48.7511],[10.4187,48.7487],[10.4231,48.7485],[10.416,48.7478],[10.424,48.7471],[10.4252,48.7458],[10.4236,48.7442],[10.4267,48.7444],[10.4346,48.7412],[10.4314,48.7375],[10.4396,48.7389],[10.4386,48.738],[10.44,48.7338],[10.4433,48.7312],[10.4468,48.7321],[10.4428,48.7306],[10.4436,48.7293],[10.4466,48.7299],[10.448,48.7275],[10.4501,48.735],[10.4546,48.7338],[10.464,48.7363],[10.4546,48.7301],[10.4653,48.7276],[10.4656,48.7239],[10.4623,48.7243],[10.4619,48.7226],[10.4681,48.7214],[10.4656,48.72],[10.4681,48.7195],[10.4682,48.7153],[10.4736,48.712],[10.4818,48.7127],[10.4826,48.7048],[10.4808,48.7065],[10.4779,48.7047],[10.4715,48.7047],[10.4717,48.7028],[10.4778,48.7018],[10.4802,48.7],[10.4797,48.6948],[10.4874,48.6967],[10.4886,48.6992],[10.4984,48.7002],[10.4994,48.7018],[10.4976,48.7035],[10.4996,48.7042],[10.4959,48.7049],[10.4984,48.7075],[10.4964,48.7086],[10.5012,48.7113],[10.5027,48.7145],[10.5058,48.7155],[10.5042,48.7206],[10.5015,48.7224],[10.5053,48.7235],[10.5048,48.7251],[10.5066,48.7255],[10.5053,48.7276],[10.5061,48.7301],[10.5088,48.7298],[10.5138,48.7323],[10.5137,48.734],[10.5108,48.7351],[10.5145,48.7364],[10.5134,48.7398],[10.52,48.7409],[10.5219,48.7452],[10.5243,48.7474],[10.5268,48.7471],[10.527,48.7489],[10.5314,48.7517],[10.5408,48.7521],[10.5508,48.7549],[10.5504,48.7527],[10.5537,48.7528],[10.5541,48.7499],[10.5584,48.7511],[10.5584,48.7493],[10.5711,48.749],[10.5702,48.7467],[10.5732,48.7447],[10.5712,48.7439],[10.5755,48.7431],[10.5763,48.7453],[10.5803,48.7455],[10.5823,48.7434],[10.5832,48.7454],[10.5874,48.7444],[10.5872,48.7456],[10.5922,48.747],[10.6,48.7475],[10.6016,48.7523],[10.6106,48.7576],[10.6163,48.7528],[10.614,48.7499],[10.6095,48.7508],[10.6118,48.7449],[10.6116,48.7423],[10.61,48.7415],[10.6141,48.7404],[10.6132,48.7384],[10.6271,48.7392],[10.6343,48.7375],[10.6502,48.7375],[10.6526,48.7342],[10.6606,48.731],[10.6569,48.7198],[10.6529,48.7146],[10.6533,48.7087],[10.6469,48.7085],[10.6469,48.7058],[10.6441,48.7055],[10.6414,48.7092],[10.6385,48.708],[10.6472,48.7008],[10.6515,48.6993],[10.6495,48.6956],[10.6527,48.6948],[10.6514,48.6933],[10.6491,48.6935],[10.6439,48.6903],[10.6285,48.6902],[10.6285,48.6888],[10.621,48.6868],[10.6221,48.6849],[10.6243,48.6845],[10.6268,48.6812],[10.6376,48.6766],[10.6557,48.6723],[10.6547,48.6703],[10.6564,48.6697],[10.6545,48.6682],[10.6583,48.6655],[10.6562,48.6647],[10.6571,48.663],[10.66,48.6642],[10.6629,48.6605],[10.6662,48.6592],[10.6622,48.6584],[10.6628,48.6575],[10.6743,48.6555],[10.6733,48.6552],[10.6757,48.6536],[10.6825,48.654],[10.6885,48.6509],[10.6905,48.6539],[10.6927,48.6517],[10.6899,48.6508],[10.6912,48.6502],[10.6986,48.6522],[10.6993,48.6507],[10.701,48.6514],[10.706,48.6547],[10.7074,48.6607],[10.7097,48.6607],[10.7158,48.6577],[10.7176,48.655],[10.7252,48.6554],[10.7262,48.6514],[10.7325,48.6511],[10.7299,48.6494],[10.7304,48.6482],[10.7361,48.6482],[10.7373,48.6522],[10.7356,48.6588],[10.7367,48.6627],[10.7475,48.6629],[10.7444,48.6495],[10.7452,48.6364],[10.7519,48.6353],[10.7538,48.6326],[10.7597,48.6346],[10.7742,48.6455],[10.7764,48.645],[10.7803,48.6417],[10.778,48.6416],[10.775,48.6383],[10.7759,48.6369],[10.7677,48.6312],[10.7731,48.6288],[10.7736,48.6234],[10.7764,48.6192],[10.7985,48.6206],[10.8007,48.6237],[10.8045,48.6242],[10.806,48.6235],[10.8055,48.6223],[10.8154,48.6249],[10.823,48.6247],[10.823,48.627],[10.835,48.6305],[10.8349,48.6347],[10.8421,48.6351],[10.8417,48.6292],[10.85,48.6314],[10.8501,48.6346],[10.8663,48.6356],[10.8757,48.6374],[10.8755,48.6387],[10.8841,48.6369],[10.8837,48.623],[10.8789,48.6219],[10.879,48.6175],[10.883,48.611],[10.8861,48.6114],[10.8874,48.5993],[10.89,48.5977],[10.8938,48.5991],[10.8968,48.5983],[10.8978,48.5916],[10.901,48.5901],[10.9036,48.5896],[10.909,48.5927],[10.9089,48.5891],[10.9128,48.5874],[10.9118,48.5849],[10.9158,48.5842],[10.9235,48.586],[10.9274,48.5925],[10.9298,48.5927],[10.9294,48.5965],[10.9352,48.5971],[10.9357,48.5981],[10.9336,48.5989],[10.9382,48.5997],[10.9381,48.601],[10.9454,48.6003],[10.9507,48.6017],[10.9534,48.5997],[10.9552,48.6005],[10.9604,48.5983],[10.9601,48.6014],[10.972,48.6015],[10.9766,48.5983],[10.9812,48.5981],[10.9835,48.6009],[10.9811,48.6034],[10.9855,48.6019],[10.9874,48.6035],[10.9908,48.6025],[10.9957,48.6066],[10.9977,48.6055],[11.001,48.6084],[11.0033,48.6068],[11.0044,48.6091],[11.0034,48.6096],[11.0067,48.6093],[11.0025,48.6101],[11.0028,48.6118],[11.0086,48.6104],[11.0088,48.6147],[11.0217,48.6192],[11.0229,48.6205],[11.0221,48.6232],[11.0259,48.6264],[11.0384,48.6266],[11.0418,48.6284],[11.0393,48.6285],[11.0404,48.6298],[11.039,48.6299],[11.0358,48.6368],[11.0315,48.6394],[11.0351,48.6425],[11.0332,48.644],[11.0347,48.646],[11.0366,48.6442],[11.0395,48.6458],[11.0318,48.6493],[11.0148,48.6527],[11.0199,48.6553],[11.019,48.6585],[11.0142,48.6568],[11.0122,48.6591],[11.0088,48.66],[11.0102,48.6631],[11.0076,48.6642],[11.0092,48.6642],[11.0095,48.6659],[11.0027,48.6658],[11.0005,48.6671],[11.0021,48.6731],[10.9989,48.6732],[10.999,48.6761],[10.9976,48.6777],[10.9957,48.6768],[10.9967,48.6794],[10.9946,48.6796],[10.998,48.6822],[10.9865,48.6891],[10.9835,48.693],[10.9862,48.6967],[10.9895,48.6981],[10.9896,48.6997],[10.9878,48.7021],[10.9885,48.7057],[10.9847,48.7175],[10.984,48.7188],[10.9812,48.7186],[10.9797,48.7244],[10.985,48.7246],[10.983,48.7202],[10.9846,48.7188],[10.9885,48.719],[10.9907,48.7257],[10.9929,48.7258],[10.9942,48.7229],[10.998,48.7213],[11.0011,48.722],[11.0011,48.7235],[10.9955,48.7277],[10.998,48.7316],[11.0047,48.731],[11.0007,48.7344],[10.9913,48.7345],[10.9896,48.7369],[10.9851,48.7345],[10.9815,48.7351],[10.9884,48.7384],[10.984,48.7389],[10.9837,48.7404],[10.9871,48.741],[10.9851,48.7443],[10.9856,48.7462],[10.9892,48.7462],[10.9891,48.7474],[10.9914,48.7474],[10.9912,48.749],[10.9965,48.7508],[10.9973,48.7559],[10.9928,48.7599],[10.9968,48.7608],[10.9959,48.7635],[10.9978,48.7632],[10.9983,48.7612],[10.9986,48.7636],[10.9835,48.7672],[10.983,48.7687],[10.9769,48.7707],[10.9709,48.769],[10.9716,48.7703],[10.9703,48.7712],[10.9739,48.7753],[10.9695,48.7752],[10.9691,48.7734],[10.9652,48.7743],[10.9701,48.7762],[10.9702,48.7776],[10.974,48.7774],[10.9862,48.79],[10.9794,48.792],[10.9795,48.7947],[10.977,48.7961],[10.9777,48.7992],[10.9716,48.7995],[10.9691,48.7968],[10.9602,48.796],[10.9595,48.7995],[10.9617,48.8001],[10.9611,48.8026],[10.9557,48.8025],[10.9572,48.8035],[10.9549,48.8055],[10.9562,48.8078],[10.9522,48.8075],[10.9525,48.8099],[10.9475,48.8108],[10.9505,48.8139],[10.9645,48.8092],[10.9785,48.8092],[10.9784,48.8108],[10.9849,48.8115],[10.9853,48.8146],[10.9954,48.8168],[11.0055,48.8228],[11.0032,48.8283],[11.0011,48.8289],[10.9952,48.836],[10.9986,48.8436],[10.988,48.8411],[10.97,48.8419],[10.9678,48.8492],[10.9687,48.8534],[10.975,48.8583],[10.9827,48.8577],[10.9848,48.8605],[10.9807,48.8619],[10.9818,48.8625],[10.9765,48.8621],[10.9777,48.8649],[10.9662,48.86],[10.9634,48.8572],[10.9646,48.8553],[10.9619,48.8582],[10.9571,48.8589],[10.9487,48.8632],[10.931,48.8628],[10.9284,48.8651],[10.9304,48.8677],[10.9256,48.8728],[10.9188,48.8744],[10.9147,48.8735],[10.9147,48.8754],[10.9177,48.8756],[10.9117,48.8776],[10.9123,48.8794],[10.9077,48.8795],[10.9058,48.8823],[10.8941,48.8792],[10.8681,48.8756],[10.868,48.8796],[10.8703,48.8804],[10.8707,48.8828],[10.8672,48.8831],[10.8652,48.8853],[10.8531,48.8851],[10.8573,48.8887],[10.855,48.8904],[10.8602,48.8896],[10.8612,48.8933],[10.8637,48.8934],[10.8611,48.8951],[10.8537,48.897],[10.8491,48.8954],[10.8364,48.896],[10.8311,48.9],[10.8336,48.8959],[10.8298,48.8951],[10.8248,48.8961],[10.8234,48.8984],[10.8198,48.8985],[10.8184,48.9013],[10.8153,48.9013],[10.8079,48.9077],[10.8205,48.91],[10.8216,48.9119],[10.8284,48.9147],[10.8276,48.9159],[10.8298,48.9163],[10.8306,48.9135],[10.8326,48.9131],[10.8301,48.9184],[10.8284,48.9186],[10.8297,48.9188],[10.8294,48.9211],[10.8272,48.9212],[10.8277,48.9254],[10.8255,48.9312],[10.8183,48.9332],[10.8223,48.9341],[10.8215,48.9348],[10.812,48.9369],[10.8124,48.9395],[10.8155,48.941],[10.8143,48.9423],[10.8173,48.943],[10.8143,48.9458],[10.8175,48.9477],[10.8175,48.9493],[10.8161,48.9477],[10.8137,48.9491],[10.8114,48.9474],[10.8062,48.9488],[10.8038,48.9469],[10.8036,48.9436],[10.7979,48.9406],[10.7964,48.9414],[10.7985,48.9429],[10.7945,48.943],[10.7927,48.9394],[10.7882,48.94],[10.7864,48.9369],[10.7744,48.9285],[10.7741,48.9256],[10.7706,48.9263],[10.7702,48.9249],[10.7745,48.92],[10.7786,48.9201],[10.778,48.917],[10.7764,48.9162],[10.7652,48.9163],[10.7592,48.9194],[10.7564,48.9238],[10.7538,48.9251],[10.7346,48.9241],[10.7371,48.9205],[10.7347,48.9145],[10.7286,48.9084],[10.728,48.9045],[10.7241,48.9039],[10.7231,48.9006],[10.7171,48.8994],[10.7113,48.9003],[10.7114,48.9038],[10.7071,48.9081],[10.6966,48.9044],[10.6961,48.9058],[10.6989,48.9064],[10.6979,48.9077],[10.6838,48.9103],[10.6833,48.9118],[10.6786,48.9095],[10.6774,48.9117],[10.6749,48.9112],[10.6817,48.9137],[10.67,48.9205],[10.6706,48.9238],[10.685,48.9296],[10.6876,48.9332],[10.6864,48.9354],[10.6913,48.9349],[10.6921,48.9399],[10.7006,48.939],[10.7016,48.9435],[10.6953,48.945],[10.689,48.9442],[10.6893,48.9485],[10.6923,48.9496],[10.6943,48.9538],[10.6931,48.9575],[10.6907,48.9585],[10.6922,48.9595],[10.6879,48.9591],[10.6858,48.9625],[10.6833,48.9632],[10.6857,48.9646],[10.682,48.9644],[10.6794,48.9669],[10.6781,48.9724],[10.6747,48.9742],[10.675,48.9777],[10.668,48.984],[10.6563,48.9858],[10.6525,48.9833],[10.6485,48.9824],[10.6472,48.9836],[10.6405,48.9814],[10.6441,48.9855],[10.6354,48.9875],[10.6365,48.9909],[10.6297,48.9923],[10.6288,48.9957],[10.6349,48.9958],[10.6345,48.9984],[10.6389,48.9983],[10.6372,49.0032],[10.6389,49.0079],[10.6435,49.011],[10.643,49.014],[10.6411,49.0147],[10.6424,49.0165],[10.6312,49.0165],[10.6276,49.0211],[10.614,49.0142],[10.6101,49.0147],[10.6099,49.0179],[10.6061,49.0184],[10.6071,49.0204],[10.6055,49.0186],[10.6074,49.0174],[10.606,49.0173],[10.6009,49.0243],[10.5994,49.0313],[10.5915,49.0353],[10.5747,49.0358],[10.5745,49.0317],[10.5676,49.034],[10.5647,49.032],[10.5654,49.0333],[10.5639,49.0336],[10.553,49.0331],[10.5465,49.0284],[10.5451,49.0253],[10.5543,49.0231],[10.5503,49.0227],[10.5521,49.0218],[10.5507,49.0216],[10.5435,49.0241],[10.5391,49.0219],[10.5394,49.0186],[10.5432,49.015],[10.5397,49.0125],[10.5453,49.0081],[10.5406,49.0059],[10.5172,49.0084],[10.5156,49.0062],[10.5054,49.006],[10.5005,49.0076],[10.5021,49.006],[10.4994,49.006],[10.4977,49.0094],[10.4894,49.0118],[10.4878,49.0093],[10.4834,49.0086],[10.4775,49.0111],[10.4696,49.0118],[10.4699,49.0108],[10.4587,49.0089],[10.4581,49.0076],[10.4522,49.0115],[10.4512,49.0099],[10.4523,49.0074],[10.4458,49.0068],[10.4345,49.0016],[10.4335,49.0046],[10.4242,49.004],[10.4302,48.9997],[10.424,48.9972],[10.425,48.9942],[10.4208,48.9919],[10.4226,48.9884],[10.4279,48.9873],[10.4278,48.9859],[10.4311,48.9855],[10.4308,48.9838],[10.4329,48.984],[10.4316,48.982],[10.4305,48.9809],[10.4143,48.9815],[10.4155,48.979],[10.4241,48.979],[10.4274,48.9775],[10.4142,48.9784],[10.4102,48.9774],[10.4094,48.9756],[10.4015,48.9743]]]}},{"type":"Feature","properties":{"name":"Landkreis Forchheim","osm_relation":62687},"geometry":{"type":"Polygon","coordinates":[[[10.9136,49.7657],[10.9144,49.7618],[10.9278,49.762],[10.9319,49.7594],[10.931,49.7575],[10.9342,49.7552],[10.9329,49.7523],[10.9304,49.7519],[10.9331,49.7512],[10.9316,49.7508],[10.9318,49.749],[10.9348,49.7478],[10.9265,49.7481],[10.9266,49.7458],[10.919,49.7432],[10.9216,49.7425],[10.9237,49.7388],[10.9209,49.7374],[10.9251,49.7356],[10.9236,49.7348],[10.9285,49.7297],[10.9306,49.7305],[10.9324,49.7287],[10.9301,49.7279],[10.9307,49.7268],[10.9347,49.7267],[10.9412,49.7294],[10.9433,49.7254],[10.9485,49.7219],[10.9482,49.7196],[10.9512,49.7176],[10.9548,49.7187],[10.9624,49.7168],[10.9558,49.7119],[10.9516,49.7146],[10.95,49.7144],[10.9506,49.713],[10.9404,49.7163],[10.9388,49.7161],[10.9449,49.7143],[10.9439,49.7137],[10.9453,49.7117],[10.941,49.7141],[10.938,49.7145],[10.9368,49.7125],[10.9301,49.7149],[10.9333,49.7105],[10.9328,49.7091],[10.9227,49.7142],[10.923,49.7118],[10.9245,49.7114],[10.922,49.7069],[10.9272,49.7072],[10.9321,49.7009],[10.9611,49.6923],[10.9706,49.6905],[10.9733,49.692],[10.9738,49.6875],[10.9766,49.6841],[10.9723,49.6818],[10.9736,49.6806],[10.9805,49.6833],[10.9876,49.6815],[10.9914,49.6836],[10.9928,49.6822],[11.0095,49.6852],[11.0134,49.6846],[11.0157,49.6809],[11.0134,49.6804],[11.0134,49.6772],[11.0096,49.6777],[11.0095,49.6753],[11.0044,49.6754],[11.0038,49.674],[11.0122,49.674],[11.0166,49.6718],[11.0257,49.6721],[11.0278,49.6709],[11.0319,49.6731],[11.033,49.6716],[11.0415,49.6754],[11.0425,49.6773],[11.0479,49.6772],[11.0496,49.6808],[11.054,49.6815],[11.0546,49.6801],[11.0519,49.6759],[11.048,49.673],[11.0494,49.6726],[11.0463,49.668],[11.0502,49.6669],[11.0463,49.6624],[11.0508,49.6623],[11.055,49.6602],[11.0513,49.6582],[11.0525,49.6571],[11.0602,49.6616],[11.0634,49.6603],[11.0616,49.6535],[11.0568,49.6542],[11.0479,49.6524],[11.0462,49.6463],[11.0484,49.645],[11.0489,49.6416],[11.0433,49.6408],[11.0432,49.6396],[11.0383,49.6411],[11.0374,49.6363],[11.031,49.6386],[11.0267,49.6366],[11.0214,49.6328],[11.0262,49.6308],[11.0245,49.6291],[11.0249,49.6274],[11.0382,49.6238],[11.0396,49.6249],[11.0386,49.6263],[11.0398,49.629],[11.0441,49.6305],[11.0446,49.6334],[11.0548,49.6329],[11.054,49.637],[11.0606,49.6379],[11.0655,49.633],[11.0686,49.6333],[11.07,49.628],[11.0802,49.6265],[11.0787,49.6236],[11.0811,49.622],[11.0763,49.6209],[11.0762,49.616],[11.0818,49.6096],[11.0824,49.6083],[11.0808,49.6081],[11.082,49.6059],[11.0837,49.6061],[11.0862,49.602],[11.088,49.6018],[11.0875,49.6001],[11.092,49.6008],[11.0997,49.5988],[11.1014,49.6006],[11.1072,49.5998],[11.1001,49.5973],[11.1054,49.5975],[11.1075,49.5941],[11.1067,49.5916],[11.1093,49.592],[11.1088,49.5885],[11.1103,49.5903],[11.1174,49.5891],[11.1205,49.5906],[11.121,49.5891],[11.1266,49.5883],[11.1274,49.5895],[11.1423,49.5901],[11.1501,49.5872],[11.1507,49.5889],[11.155,49.5905],[11.1554,49.5891],[11.1569,49.5902],[11.1628,49.5881],[11.1696,49.5906],[11.1803,49.5874],[11.1808,49.5886],[11.1862,49.5886],[11.1861,49.5911],[11.192,49.5906],[11.1981,49.5927],[11.1992,49.5911],[11.2092,49.5954],[11.2079,49.6015],[11.2159,49.6043],[11.2149,49.6081],[11.2181,49.6095],[11.226,49.6082],[11.2255,49.6064],[11.2277,49.6062],[11.2267,49.6032],[11.2293,49.603],[11.2285,49.6012],[11.2302,49.5985],[11.2395,49.599],[11.2418,49.5985],[11.2427,49.5965],[11.2527,49.597],[11.253,49.5948],[11.2602,49.6022],[11.2583,49.6041],[11.2641,49.607],[11.27,49.6055],[11.2719,49.6068],[11.2775,49.6064],[11.2805,49.6038],[11.2852,49.6054],[11.2875,49.6111],[11.2859,49.6131],[11.2872,49.6186],[11.2924,49.6161],[11.2967,49.6176],[11.297,49.6208],[11.3003,49.6209],[11.2998,49.6231],[11.2953,49.6227],[11.2965,49.6238],[11.2961,49.6266],[11.3002,49.6295],[11.2981,49.6302],[11.3021,49.6293],[11.3041,49.6318],[11.3143,49.6341],[11.316,49.6322],[11.3199,49.6323],[11.3197,49.6355],[11.3259,49.6355],[11.3206,49.6368],[11.3228,49.6377],[11.3322,49.6371],[11.3327,49.6427],[11.3367,49.6433],[11.3326,49.645],[11.3332,49.6471],[11.3419,49.6522],[11.3407,49.6531],[11.3427,49.6556],[11.3413,49.6572],[11.3443,49.6606],[11.3516,49.6627],[11.3528,49.6647],[11.3613,49.6666],[11.3649,49.6652],[11.3694,49.6675],[11.3656,49.672],[11.356,49.6735],[11.3571,49.6751],[11.356,49.6763],[11.3536,49.6743],[11.3472,49.6756],[11.3468,49.6782],[11.3615,49.6795],[11.3663,49.6848],[11.37,49.6848],[11.3725,49.6868],[11.3705,49.6867],[11.3762,49.689],[11.3749,49.6916],[11.377,49.6937],[11.3717,49.6944],[11.3705,49.6927],[11.3701,49.6958],[11.3644,49.6965],[11.3666,49.6991],[11.3693,49.6988],[11.3713,49.6959],[11.3725,49.7016],[11.3743,49.7],[11.3832,49.7004],[11.3725,49.7036],[11.3704,49.7034],[11.3705,49.7012],[11.3624,49.7007],[11.3561,49.704],[11.3581,49.7078],[11.3595,49.7073],[11.3669,49.7126],[11.3617,49.7153],[11.3594,49.7183],[11.3621,49.7207],[11.3556,49.7235],[11.3606,49.7247],[11.3616,49.7279],[11.36,49.7284],[11.3642,49.7314],[11.3643,49.7333],[11.3663,49.7334],[11.3629,49.7386],[11.3716,49.7496],[11.3746,49.7514],[11.3782,49.7507],[11.3884,49.753],[11.384,49.7548],[11.3834,49.757],[11.3848,49.757],[11.3852,49.7603],[11.3821,49.763],[11.3843,49.7659],[11.3773,49.7715],[11.382,49.7758],[11.38,49.7782],[11.3714,49.7785],[11.3669,49.7771],[11.3649,49.7783],[11.366,49.7827],[11.36,49.782],[11.3569,49.7797],[11.3547,49.7835],[11.3494,49.7823],[11.3474,49.7837],[11.3531,49.7858],[11.352,49.7871],[11.3538,49.7906],[11.3615,49.7947],[11.3612,49.7974],[11.366,49.797],[11.368,49.8012],[11.3668,49.8036],[11.361,49.8054],[11.3589,49.808],[11.3559,49.8068],[11.3545,49.8088],[11.3476,49.8092],[11.3492,49.8113],[11.3433,49.8105],[11.3428,49.8128],[11.3374,49.8102],[11.338,49.8147],[11.3333,49.8148],[11.3348,49.8164],[11.3292,49.8177],[11.3272,49.8158],[11.3305,49.8146],[11.3308,49.8116],[11.3326,49.8114],[11.3282,49.8077],[11.3335,49.8063],[11.332,49.8052],[11.3285,49.8045],[11.3266,49.8053],[11.3283,49.8067],[11.3261,49.8065],[11.3204,49.8019],[11.3105,49.7997],[11.2962,49.8043],[11.2967,49.8108],[11.2928,49.8133],[11.2926,49.8152],[11.2875,49.816],[11.2831,49.8202],[11.284,49.8231],[11.2769,49.8281],[11.2776,49.8313],[11.2703,49.834],[11.2715,49.8356],[11.2677,49.8381],[11.2621,49.8488],[11.266,49.8511],[11.2624,49.8542],[11.2586,49.8534],[11.2591,49.855],[11.2567,49.8567],[11.2703,49.8607],[11.2712,49.8642],[11.2682,49.8648],[11.266,49.8689],[11.2615,49.8704],[11.2613,49.874],[11.2594,49.8747],[11.2423,49.8736],[11.2428,49.8723],[11.2385,49.8709],[11.2408,49.8671],[11.2394,49.8666],[11.2439,49.8648],[11.2339,49.864],[11.2321,49.8617],[11.2311,49.8635],[11.2277,49.862],[11.2286,49.858],[11.2261,49.8575],[11.2324,49.8538],[11.2344,49.85],[11.2276,49.8497],[11.2275,49.847],[11.2306,49.8469],[11.2292,49.8423],[11.2309,49.8402],[11.2335,49.8404],[11.2317,49.8375],[11.2266,49.8354],[11.2219,49.8341],[11.2197,49.8364],[11.2021,49.8384],[11.1986,49.837],[11.1982,49.8352],[11.2005,49.8342],[11.1988,49.8328],[11.1969,49.8349],[11.1934,49.8357],[11.194,49.8382],[11.1891,49.8389],[11.1882,49.8359],[11.1751,49.8323],[11.1728,49.8354],[11.1669,49.8367],[11.176,49.8396],[11.1691,49.8394],[11.1689,49.8425],[11.1712,49.8432],[11.1702,49.8447],[11.1648,49.8452],[11.1591,49.8437],[11.1415,49.8448],[11.1387,49.841],[11.1313,49.8416],[11.1264,49.8377],[11.1202,49.8379],[11.1163,49.8401],[11.1078,49.839],[11.1078,49.8374],[11.1045,49.837],[11.1049,49.8352],[11.1032,49.8341],[11.1045,49.83],[11.1033,49.8198],[11.0989,49.8188],[11.1006,49.8164],[11.1001,49.8056],[11.0922,49.8028],[11.0838,49.803],[11.085,49.7998],[11.0875,49.8001],[11.0813,49.794],[11.0745,49.7935],[11.0758,49.798],[11.0716,49.7986],[11.0659,49.795],[11.0486,49.7949],[11.0421,49.7913],[11.0335,49.7891],[11.0294,49.7896],[11.0251,49.7876],[11.0261,49.7864],[11.0247,49.7856],[11.0129,49.7832],[11.0114,49.7813],[11.0093,49.7818],[11.0089,49.7847],[11.0074,49.7826],[11.0024,49.7824],[11.0023,49.7844],[10.989,49.7857],[10.9872,49.7835],[10.9829,49.786],[10.9836,49.7833],[10.9859,49.7821],[10.9798,49.7813],[10.9767,49.7792],[10.9786,49.7747],[10.9748,49.7751],[10.9753,49.7738],[10.9719,49.7741],[10.9707,49.7722],[10.9658,49.773],[10.966,49.7708],[10.9638,49.7705],[10.9622,49.7705],[10.9613,49.7735],[10.9583,49.7718],[10.9563,49.7736],[10.9543,49.7728],[10.9542,49.776],[10.9517,49.7753],[10.9449,49.778],[10.935,49.779],[10.9297,49.7759],[10.9323,49.7724],[10.928,49.7724],[10.928,49.7697],[10.9267,49.7691],[10.9279,49.7684],[10.9266,49.7675],[10.9309,49.7677],[10.9321,49.7662],[10.9258,49.7638],[10.9231,49.7657],[10.9211,49.7631],[10.9154,49.7635],[10.9155,49.7655],[10.9136,49.7657]]]}},{"type":"Feature","properties":{"name":"Landkreis Fürth","osm_relation":62778},"geometry":{"type":"Polygon","coordinates":[[[10.6803,49.4942],[10.6865,49.4912],[10.6833,49.4887],[10.6829,49.4818],[10.6892,49.4807],[10.6956,49.4763],[10.6988,49.4766],[10.6975,49.4749],[10.7006,49.4719],[10.6955,49.4706],[10.6968,49.4685],[10.6951,49.4686],[10.6947,49.4664],[10.6977,49.462],[10.696,49.4599],[10.6907,49.4599],[10.695,49.4579],[10.6946,49.4542],[10.6902,49.4522],[10.6906,49.4447],[10.6955,49.4422],[10.6986,49.4432],[10.6994,49.4396],[10.6974,49.4359],[10.7024,49.4372],[10.7055,49.4363],[10.7033,49.4351],[10.7053,49.4338],[10.7134,49.433],[10.7166,49.4354],[10.7241,49.4343],[10.7338,49.4355],[10.7338,49.4332],[10.7393,49.4338],[10.7384,49.4314],[10.7444,49.4307],[10.7398,49.4245],[10.7506,49.4225],[10.7499,49.4197],[10.7517,49.4196],[10.7509,49.4175],[10.7523,49.4173],[10.7497,49.4159],[10.7464,49.4169],[10.7457,49.4146],[10.7412,49.4163],[10.7386,49.4149],[10.7373,49.4103],[10.7423,49.4074],[10.7432,49.4003],[10.7486,49.4004],[10.7518,49.3977],[10.7564,49.3977],[10.7607,49.3945],[10.7661,49.3955],[10.7679,49.3923],[10.774,49.3919],[10.7773,49.388],[10.7764,49.3871],[10.7816,49.3831],[10.7871,49.3847],[10.7844,49.3881],[10.7856,49.3887],[10.7896,49.3849],[10.801,49.383],[10.8013,49.3783],[10.8034,49.3787],[10.8112,49.3736],[10.8156,49.3726],[10.8216,49.3748],[10.8245,49.3741],[10.8275,49.3715],[10.8406,49.3663],[10.8406,49.3633],[10.8553,49.3616],[10.8553,49.3595],[10.8724,49.3546],[10.8993,49.3569],[10.9071,49.3554],[10.9083,49.3589],[10.9109,49.3589],[10.9107,49.3603],[10.9288,49.3562],[10.9276,49.3574],[10.9312,49.3582],[10.934,49.3648],[10.9258,49.3678],[10.9247,49.3712],[10.9351,49.3666],[10.9337,49.3691],[10.9372,49.3688],[10.9348,49.3745],[10.9368,49.3749],[10.9377,49.3774],[10.9409,49.3752],[10.9505,49.3746],[10.9498,49.3771],[10.952,49.3786],[10.9506,49.3806],[10.9542,49.3806],[10.9532,49.3819],[10.9705,49.3806],[10.9783,49.3845],[10.9786,49.3834],[10.9908,49.3824],[10.9907,49.3813],[10.9935,49.3825],[10.9942,49.3812],[10.9976,49.3834],[10.9965,49.3864],[10.998,49.388],[11.0026,49.3886],[11.0027,49.3871],[11.0084,49.387],[11.0094,49.389],[11.0118,49.3889],[11.0128,49.3925],[11.0243,49.3939],[11.0217,49.3952],[11.0251,49.3981],[11.0236,49.4018],[11.026,49.4031],[11.0162,49.408],[11.0202,49.4113],[11.017,49.4109],[11.0165,49.4092],[11.0154,49.4108],[11.0222,49.4157],[11.0225,49.4182],[11.0186,49.4196],[11.0155,49.4172],[11.0048,49.42],[11.0028,49.4256],[10.9999,49.4254],[10.9965,49.4275],[10.9961,49.4291],[10.9977,49.4303],[10.9924,49.4341],[10.9867,49.4415],[10.987,49.444],[10.9845,49.4454],[10.9855,49.449],[10.9825,49.4481],[10.9806,49.4514],[10.9815,49.453],[10.9716,49.4517],[10.9705,49.452],[10.9722,49.454],[10.9713,49.4566],[10.9586,49.4586],[10.9469,49.4582],[10.9467,49.4596],[10.933,49.4586],[10.9181,49.4637],[10.9112,49.4627],[10.9081,49.4654],[10.9072,49.467],[10.9125,49.4711],[10.9122,49.4735],[10.9071,49.4769],[10.9037,49.4766],[10.9004,49.4843],[10.9026,49.4847],[10.9011,49.485],[10.902,49.4883],[10.8971,49.4909],[10.896,49.4938],[10.894,49.4932],[10.8933,49.4963],[10.9003,49.4956],[10.9023,49.4988],[10.9012,49.4999],[10.9043,49.4995],[10.9067,49.5058],[10.9082,49.5063],[10.9204,49.5088],[10.9264,49.5059],[10.933,49.5062],[10.934,49.5073],[10.9328,49.5149],[10.9315,49.5156],[10.933,49.5208],[10.9287,49.5208],[10.9289,49.5233],[10.9346,49.5234],[10.9349,49.5268],[10.9291,49.5266],[10.9335,49.5304],[10.9331,49.5332],[10.9342,49.5334],[10.9322,49.5403],[10.9244,49.54],[10.9244,49.5422],[10.9227,49.543],[10.9151,49.5423],[10.9147,49.5438],[10.9113,49.5438],[10.9118,49.5464],[10.9082,49.5485],[10.905,49.5479],[10.9043,49.549],[10.8975,49.5469],[10.9023,49.5418],[10.8998,49.5413],[10.8996,49.5399],[10.8847,49.5417],[10.8857,49.5389],[10.8837,49.5361],[10.8687,49.5428],[10.8625,49.542],[10.8585,49.5393],[10.834,49.5372],[10.8334,49.5348],[10.8137,49.5366],[10.8099,49.5298],[10.803,49.5314],[10.8034,49.5297],[10.7995,49.5292],[10.8005,49.5279],[10.7982,49.5269],[10.7989,49.5256],[10.7972,49.524],[10.7942,49.5263],[10.7954,49.5249],[10.7874,49.5255],[10.7894,49.5172],[10.7877,49.5137],[10.7895,49.5102],[10.7712,49.511],[10.768,49.5138],[10.7692,49.514],[10.7675,49.5153],[10.769,49.5161],[10.7659,49.5164],[10.7652,49.5188],[10.7572,49.5208],[10.7586,49.52],[10.7557,49.5201],[10.7587,49.5157],[10.7568,49.5157],[10.7559,49.5117],[10.755,49.5134],[10.7416,49.5144],[10.7393,49.5077],[10.7405,49.5032],[10.7368,49.504],[10.7214,49.502],[10.7193,49.5043],[10.7113,49.5049],[10.7087,49.5039],[10.7082,49.5001],[10.7055,49.4999],[10.7066,49.497],[10.7034,49.4959],[10.6982,49.4949],[10.697,49.4965],[10.6989,49.4991],[10.6961,49.4992],[10.6947,49.4968],[10.6914,49.4963],[10.6896,49.4977],[10.6803,49.4942]]]}},{"type":"Feature","properties":{"name":"Landkreis Haßberge","osm_relation":62520},"geometry":{"type":"MultiPolygon","coordinates":[[[[10.3205,50.0297],[10.3279,50.0214],[10.3346,50.0192],[10.3403,50.0201],[10.347,50.0185],[10.348,50.0196],[10.3587,50.0175],[10.3598,50.016],[10.3691,50.0166],[10.3805,50.0136],[10.3865,50.0151],[10.3957,50.0125],[10.3987,50.01],[10.3985,50.0076],[10.3896,50.0032],[10.3909,49.9992],[10.3886,49.9989],[10.3916,49.9981],[10.393,49.993],[10.3954,49.9914],[10.3977,49.9924],[10.3986,49.9906],[10.4038,49.9921],[10.4095,49.9899],[10.4075,49.9879],[10.4132,49.9875],[10.4125,49.9855],[10.4159,49.9867],[10.4192,49.9838],[10.4262,49.9829],[10.4332,49.9849],[10.4326,49.9828],[10.436,49.9816],[10.4377,49.9826],[10.4395,49.98],[10.4437,49.9788],[10.444,49.9762],[10.442,49.973],[10.439,49.9732],[10.4385,49.9716],[10.4427,49.9697],[10.442,49.9657],[10.4456,49.9636],[10.4443,49.9589],[10.4489,49.9578],[10.444,49.953],[10.4484,49.9535],[10.4523,49.9562],[10.4507,49.9569],[10.4547,49.9575],[10.4552,49.9537],[10.4568,49.9527],[10.4595,49.9536],[10.4572,49.9542],[10.4573,49.9554],[10.4638,49.9545],[10.4658,49.9521],[10.4662,49.9472],[10.4807,49.9385],[10.4915,49.9381],[10.5141,49.9316],[10.5175,49.9273],[10.5085,49.9238],[10.5079,49.9255],[10.5054,49.9222],[10.5074,49.9205],[10.5044,49.9202],[10.5086,49.9198],[10.5096,49.9183],[10.5084,49.9181],[10.5104,49.9179],[10.5095,49.9138],[10.5026,49.9134],[10.5105,49.9131],[10.5098,49.9104],[10.5112,49.9086],[10.5093,49.9074],[10.5138,49.9088],[10.5213,49.9032],[10.517,49.9014],[10.5231,49.901],[10.5259,49.8983],[10.5312,49.8969],[10.5303,49.8946],[10.5216,49.8965],[10.5169,49.8998],[10.5152,49.8999],[10.5175,49.8981],[10.5159,49.8976],[10.5096,49.899],[10.4968,49.9056],[10.4936,49.909],[10.4919,49.9069],[10.4947,49.9063],[10.4927,49.9059],[10.4944,49.9043],[10.4952,49.9054],[10.5043,49.8992],[10.5072,49.8992],[10.5043,49.8978],[10.5016,49.8986],[10.5029,49.8966],[10.5006,49.894],[10.4945,49.8945],[10.4869,49.8987],[10.4873,49.9027],[10.4829,49.9098],[10.4815,49.9084],[10.483,49.9066],[10.4808,49.9037],[10.4848,49.9014],[10.4863,49.8971],[10.4824,49.8917],[10.4755,49.8954],[10.4768,49.8981],[10.4753,49.8998],[10.4698,49.9003],[10.4725,49.8973],[10.4691,49.8944],[10.4614,49.8967],[10.4583,49.8991],[10.4584,49.896],[10.4665,49.893],[10.465,49.8886],[10.4756,49.8857],[10.4921,49.8847],[10.4944,49.8825],[10.4944,49.8792],[10.5019,49.8793],[10.5074,49.8814],[10.5053,49.8767],[10.5125,49.8769],[10.5182,49.8752],[10.5189,49.873],[10.5216,49.8734],[10.5235,49.8757],[10.5326,49.8768],[10.5436,49.8759],[10.5502,49.8817],[10.5575,49.8815],[10.5591,49.8787],[10.5527,49.8755],[10.5572,49.8735],[10.5564,49.8706],[10.5598,49.8698],[10.559,49.8676],[10.5605,49.8647],[10.5622,49.8652],[10.5609,49.8667],[10.5636,49.8689],[10.5655,49.8694],[10.5653,49.8668],[10.5671,49.8671],[10.5713,49.8697],[10.5719,49.8735],[10.5759,49.8737],[10.5797,49.8717],[10.5784,49.8691],[10.5795,49.8668],[10.5736,49.8628],[10.5882,49.8586],[10.5871,49.8631],[10.5906,49.8703],[10.595,49.873],[10.6073,49.8755],[10.6056,49.8704],[10.5973,49.8631],[10.5954,49.8595],[10.5973,49.8556],[10.6051,49.8553],[10.6053,49.8567],[10.6204,49.8602],[10.6293,49.8641],[10.6323,49.8746],[10.638,49.8763],[10.6375,49.8774],[10.6409,49.879],[10.6561,49.8838],[10.6544,49.8882],[10.6569,49.8902],[10.6631,49.8911],[10.6688,49.89],[10.6689,49.8862],[10.6783,49.8874],[10.679,49.8835],[10.6803,49.8842],[10.6826,49.8822],[10.685,49.883],[10.6842,49.885],[10.694,49.8902],[10.6852,49.8924],[10.6868,49.8934],[10.6856,49.8946],[10.6863,49.8964],[10.69,49.8982],[10.6893,49.899],[10.6947,49.9002],[10.695,49.903],[10.7053,49.9032],[10.7059,49.9046],[10.6961,49.9066],[10.6947,49.911],[10.6914,49.9123],[10.694,49.9161],[10.6971,49.9167],[10.6968,49.9185],[10.7065,49.9206],[10.7053,49.9219],[10.708,49.9224],[10.7074,49.925],[10.714,49.9224],[10.7132,49.9245],[10.7188,49.9264],[10.7172,49.9289],[10.718,49.9316],[10.7159,49.932],[10.7327,49.9364],[10.7323,49.9391],[10.7368,49.9387],[10.7355,49.9403],[10.7368,49.9435],[10.7422,49.9476],[10.7364,49.9495],[10.737,49.9508],[10.7327,49.9519],[10.7267,49.9575],[10.7237,49.9547],[10.7211,49.9562],[10.7247,49.9594],[10.7285,49.9603],[10.7297,49.9626],[10.7326,49.9612],[10.7534,49.962],[10.7577,49.9657],[10.7571,49.9681],[10.7614,49.9683],[10.7605,49.9735],[10.7529,49.9771],[10.7489,49.9818],[10.7483,49.9871],[10.7406,49.9917],[10.7532,49.9935],[10.7648,50.0004],[10.7636,50.0033],[10.7666,50.0097],[10.7652,50.0134],[10.7532,50.0128],[10.7522,50.0191],[10.7499,50.0195],[10.7527,50.0207],[10.7536,50.023],[10.7586,50.0243],[10.7643,50.0243],[10.7617,50.0222],[10.7617,50.0214],[10.7649,50.0243],[10.7675,50.024],[10.7674,50.0223],[10.7723,50.0244],[10.7705,50.0272],[10.7715,50.0297],[10.7754,50.0302],[10.7719,50.0339],[10.7737,50.0352],[10.7724,50.0372],[10.7777,50.0384],[10.7761,50.0428],[10.7827,50.0464],[10.7921,50.0471],[10.7953,50.0438],[10.7979,50.0447],[10.7991,50.0408],[10.8072,50.0375],[10.8217,50.0391],[10.8255,50.0417],[10.8236,50.0429],[10.831,50.0462],[10.8363,50.0449],[10.8379,50.0467],[10.8351,50.0484],[10.839,50.0499],[10.832,50.0526],[10.8334,50.054],[10.8324,50.0564],[10.8383,50.0609],[10.832,50.0649],[10.8376,50.0694],[10.837,50.073],[10.8412,50.0737],[10.8438,50.0761],[10.8493,50.0741],[10.8594,50.0734],[10.8597,50.0764],[10.8618,50.0784],[10.8597,50.08],[10.8632,50.082],[10.8625,50.0853],[10.8606,50.0852],[10.8593,50.0879],[10.8622,50.0933],[10.8587,50.0964],[10.8561,50.1037],[10.8597,50.1132],[10.8591,50.1159],[10.8627,50.1175],[10.8644,50.1215],[10.8619,50.1227],[10.8616,50.1247],[10.8651,50.1243],[10.8712,50.1281],[10.87,50.1306],[10.8706,50.1365],[10.876,50.1383],[10.8755,50.1401],[10.8805,50.1428],[10.8744,50.1478],[10.8611,50.1506],[10.8559,50.1568],[10.8522,50.1576],[10.8437,50.1547],[10.8429,50.1536],[10.8441,50.1528],[10.8419,50.1519],[10.8471,50.1495],[10.8453,50.1477],[10.8468,50.1469],[10.8416,50.1441],[10.8395,50.1465],[10.8351,50.1475],[10.8245,50.1463],[10.8188,50.1496],[10.8179,50.1472],[10.8122,50.1463],[10.8121,50.1491],[10.8104,50.1493],[10.8024,50.1467],[10.804,50.1412],[10.7933,50.1415],[10.7923,50.1417],[10.7945,50.1445],[10.7888,50.1492],[10.7904,50.152],[10.7848,50.151],[10.7869,50.1485],[10.7833,50.1466],[10.7816,50.1487],[10.7772,50.1494],[10.7729,50.1656],[10.7757,50.1748],[10.7818,50.1769],[10.7816,50.1824],[10.7791,50.1832],[10.7803,50.1944],[10.7768,50.1943],[10.776,50.1973],[10.7724,50.1967],[10.7714,50.2012],[10.7654,50.206],[10.7672,50.2073],[10.7652,50.2068],[10.765,50.2089],[10.754,50.2132],[10.7567,50.2156],[10.7565,50.2184],[10.7624,50.222],[10.746,50.2277],[10.7294,50.2303],[10.7288,50.2222],[10.7312,50.2129],[10.7246,50.2076],[10.7238,50.2052],[10.7195,50.2044],[10.717,50.2044],[10.7138,50.2085],[10.7096,50.2102],[10.7029,50.2106],[10.7001,50.2125],[10.6958,50.2117],[10.6874,50.2191],[10.6857,50.2223],[10.6869,50.2259],[10.6698,50.2211],[10.6579,50.2235],[10.6623,50.2269],[10.6597,50.2314],[10.6358,50.223],[10.6121,50.2241],[10.6101,50.2279],[10.5915,50.2205],[10.5959,50.2169],[10.5903,50.2161],[10.5853,50.2078],[10.5783,50.2068],[10.5748,50.2043],[10.5719,50.2059],[10.57,50.2031],[10.5675,50.2041],[10.5678,50.2055],[10.5645,50.2046],[10.5598,50.2069],[10.5566,50.2107],[10.5557,50.2146],[10.5499,50.217],[10.5495,50.2187],[10.5516,50.2196],[10.5493,50.2229],[10.5392,50.226],[10.5393,50.2281],[10.5328,50.2324],[10.5258,50.2328],[10.5152,50.2366],[10.5149,50.2301],[10.5106,50.2274],[10.5038,50.226],[10.5019,50.2223],[10.4978,50.2216],[10.5019,50.2215],[10.4994,50.215],[10.4948,50.2147],[10.4985,50.212],[10.4818,50.212],[10.4729,50.217],[10.4751,50.2126],[10.483,50.211],[10.4884,50.2116],[10.4883,50.2105],[10.4864,50.2087],[10.4734,50.2087],[10.4622,50.2026],[10.456,50.2027],[10.4499,50.2003],[10.4515,50.1965],[10.4477,50.1956],[10.4466,50.1927],[10.438,50.1861],[10.4386,50.1793],[10.4408,50.1792],[10.441,50.1755],[10.4335,50.1732],[10.4325,50.1688],[10.4299,50.1686],[10.4303,50.1666],[10.4282,50.1664],[10.4289,50.1634],[10.4244,50.1614],[10.4252,50.1608],[10.4219,50.1566],[10.4225,50.1554],[10.4156,50.1533],[10.4101,50.1458],[10.4053,50.1457],[10.4012,50.1416],[10.3931,50.1416],[10.3958,50.1378],[10.4012,50.1364],[10.4006,50.1301],[10.4058,50.1263],[10.4066,50.1205],[10.4043,50.1201],[10.4033,50.1155],[10.3963,50.1075],[10.3939,50.1078],[10.394,50.1049],[10.3864,50.1048],[10.3867,50.103],[10.3789,50.1026],[10.3798,50.0939],[10.3771,50.0933],[10.3793,50.0907],[10.3832,50.0899],[10.3843,50.0917],[10.3968,50.0918],[10.3973,50.0882],[10.4013,50.0885],[10.4046,50.0854],[10.4133,50.0877],[10.4184,50.0841],[10.4292,50.0832],[10.4333,50.0792],[10.4312,50.0769],[10.4332,50.0761],[10.4243,50.0732],[10.424,50.0714],[10.4234,50.0741],[10.4209,50.0735],[10.4161,50.0661],[10.409,50.0669],[10.4035,50.0642],[10.4075,50.0578],[10.3968,50.0431],[10.3928,50.0449],[10.3808,50.0435],[10.3811,50.0448],[10.3836,50.045],[10.3833,50.0467],[10.3768,50.0454],[10.3762,50.0438],[10.3784,50.0435],[10.3776,50.0423],[10.3705,50.0397],[10.3751,50.0368],[10.3736,50.0362],[10.3785,50.0332],[10.3799,50.0304],[10.3788,50.0298],[10.3757,50.033],[10.3744,50.0325],[10.3733,50.0296],[10.3703,50.0277],[10.3709,50.0264],[10.3673,50.0268],[10.3617,50.0243],[10.3572,50.025],[10.3552,50.0274],[10.3579,50.0286],[10.3563,50.0305],[10.3587,50.0311],[10.3581,50.0325],[10.3561,50.032],[10.3557,50.0346],[10.351,50.035],[10.3417,50.0348],[10.3418,50.0314],[10.3394,50.03],[10.334,50.0337],[10.3205,50.0297]],[[10.4536,50.1941],[10.4539,50.1957],[10.4545,50.1943],[10.4536,50.1941]],[[10.4545,50.1927],[10.4556,50.1935],[10.4577,50.1916],[10.4558,50.1917],[10.4545,50.1927]],[[10.4705,50.1873],[10.4713,50.1894],[10.4744,50.1885],[10.4732,50.1873],[10.4705,50.1873]]],[[[10.5256,49.8428],[10.5257,49.8407],[10.5265,49.8406],[10.5264,49.842],[10.5256,49.8428]]],[[[10.5544,49.859],[10.5552,49.8579],[10.5557,49.8586],[10.5544,49.859]]],[[[10.5566,49.8675],[10.5543,49.8667],[10.5567,49.8672],[10.5566,49.8675]]],[[[10.5639,49.8648],[10.5632,49.8638],[10.564,49.8638],[10.5639,49.8648]]],[[[10.5652,49.8651],[10.5645,49.8639],[10.5651,49.864],[10.5652,49.8651]]]]}},{"type":"Feature","properties":{"name":"Landkreis Hof","osm_relation":2145179},"geometry":{"type":"Polygon","coordinates":[[[11.5288,50.3285],[11.5303,50.3254],[11.5321,50.3256],[11.5354,50.3217],[11.5383,50.3209],[11.5391,50.3186],[11.5431,50.318],[11.5467,50.3146],[11.5531,50.3149],[11.552,50.3124],[11.5543,50.311],[11.5524,50.3098],[11.5581,50.3056],[11.5591,50.302],[11.5627,50.2986],[11.5588,50.2938],[11.5662,50.2885],[11.5608,50.2872],[11.5495,50.2801],[11.5368,50.2765],[11.5387,50.27],[11.5422,50.2675],[11.5425,50.2643],[11.5508,50.2613],[11.5621,50.2607],[11.5703,50.2558],[11.5798,50.2553],[11.5831,50.2557],[11.594,50.2634],[11.6017,50.2657],[11.6009,50.2666],[11.6039,50.2685],[11.6121,50.2689],[11.6209,50.2673],[11.6227,50.2645],[11.6269,50.2632],[11.6294,50.2581],[11.6214,50.2573],[11.6221,50.2598],[11.6176,50.2624],[11.609,50.261],[11.6087,50.2594],[11.6117,50.2586],[11.6052,50.2538],[11.6096,50.2542],[11.6084,50.251],[11.6108,50.2502],[11.6089,50.2477],[11.6163,50.2446],[11.6066,50.242],[11.6104,50.2402],[11.6117,50.2338],[11.5985,50.225],[11.6015,50.2235],[11.6105,50.2268],[11.6125,50.2248],[11.6219,50.227],[11.6265,50.2258],[11.6278,50.2292],[11.6332,50.2302],[11.6334,50.2319],[11.639,50.2316],[11.6386,50.2304],[11.6362,50.2313],[11.6344,50.2292],[11.6378,50.2271],[11.6415,50.2284],[11.6379,50.2282],[11.6406,50.2316],[11.6424,50.2315],[11.6423,50.2297],[11.644,50.2315],[11.6551,50.2302],[11.6597,50.2247],[11.6556,50.2218],[11.656,50.2155],[11.653,50.2122],[11.6546,50.2042],[11.6645,50.2035],[11.6654,50.2021],[11.6707,50.2033],[11.6742,50.2005],[11.6716,50.1999],[11.6709,50.1959],[11.6684,50.194],[11.6732,50.1923],[11.6771,50.1932],[11.6777,50.1919],[11.6731,50.1903],[11.6753,50.1882],[11.671,50.186],[11.6758,50.1832],[11.6703,50.1817],[11.6744,50.1816],[11.6762,50.1801],[11.6772,50.1807],[11.6753,50.1821],[11.6791,50.1829],[11.6814,50.1806],[11.676,50.1775],[11.6743,50.1787],[11.6678,50.1772],[11.666,50.1785],[11.6603,50.1766],[11.6586,50.1745],[11.6594,50.1727],[11.658,50.169],[11.6504,50.1617],[11.6614,50.1606],[11.6697,50.1558],[11.673,50.1603],[11.6718,50.1613],[11.6734,50.1641],[11.6757,50.1637],[11.6739,50.1605],[11.6753,50.1597],[11.6778,50.1596],[11.6827,50.163],[11.6884,50.1612],[11.6896,50.1588],[11.688,50.1572],[11.6815,50.1562],[11.6837,50.152],[11.6778,50.1501],[11.6804,50.1488],[11.6752,50.1475],[11.6729,50.145],[11.6745,50.1404],[11.6775,50.1399],[11.6781,50.1382],[11.6733,50.1372],[11.659,50.1415],[11.6481,50.1401],[11.6465,50.1346],[11.6423,50.1299],[11.6425,50.1279],[11.646,50.1249],[11.6459,50.1214],[11.6509,50.1204],[11.6542,50.1152],[11.6606,50.118],[11.6647,50.118],[11.6674,50.1247],[11.6903,50.1252],[11.6912,50.1281],[11.6994,50.1339],[11.7046,50.1309],[11.7021,50.1279],[11.7073,50.1255],[11.7067,50.1229],[11.7083,50.1223],[11.7168,50.1213],[11.7176,50.1195],[11.7265,50.1214],[11.7298,50.1239],[11.7313,50.1225],[11.7335,50.1235],[11.7357,50.1214],[11.74,50.1218],[11.7418,50.1196],[11.7462,50.1201],[11.7437,50.1181],[11.7451,50.1168],[11.762,50.1218],[11.7655,50.1247],[11.7756,50.1268],[11.7784,50.1248],[11.7775,50.1228],[11.7793,50.1211],[11.7822,50.1218],[11.7781,50.1201],[11.7829,50.1175],[11.7819,50.1167],[11.7899,50.1166],[11.7879,50.1135],[11.7909,50.1124],[11.7839,50.1126],[11.7855,50.1051],[11.7888,50.1034],[11.8004,50.107],[11.8075,50.1045],[11.8125,50.1044],[11.8313,50.1125],[11.8349,50.1172],[11.8407,50.1195],[11.8485,50.1193],[11.8523,50.1265],[11.8609,50.1271],[11.8698,50.1325],[11.8737,50.1377],[11.8804,50.1376],[11.8848,50.1393],[11.8864,50.1436],[11.8851,50.1454],[11.8912,50.1504],[11.9183,50.1639],[11.9217,50.1663],[11.9221,50.1677],[11.9206,50.1682],[11.9226,50.1701],[11.9376,50.1738],[11.9326,50.1793],[11.9439,50.1816],[11.9407,50.1831],[11.9431,50.1882],[11.9412,50.1912],[11.9358,50.1891],[11.9333,50.1921],[11.9351,50.1947],[11.9331,50.198],[11.9371,50.1999],[11.9432,50.1995],[11.9437,50.197],[11.945,50.1969],[11.9465,50.1978],[11.9461,50.2005],[11.9494,50.1999],[11.9513,50.2014],[11.9553,50.1989],[11.954,50.1977],[11.9551,50.1955],[11.9597,50.1983],[11.959,50.1993],[11.9609,50.2016],[11.9647,50.2031],[11.9659,50.2021],[11.9655,50.1984],[11.9727,50.1943],[11.9726,50.1918],[11.9745,50.1913],[11.9734,50.189],[11.9937,50.1881],[11.9869,50.1859],[11.987,50.1841],[11.9903,50.1816],[11.9895,50.1771],[11.9914,50.1748],[11.9879,50.1718],[11.989,50.1696],[11.9956,50.172],[11.9993,50.1705],[12.0144,50.1788],[12.0319,50.1837],[12.0263,50.1911],[12.0325,50.1903],[12.0379,50.1932],[12.0444,50.1941],[12.0475,50.1975],[12.0441,50.1982],[12.0439,50.2017],[12.0494,50.2064],[12.0503,50.2093],[12.0556,50.2124],[12.0552,50.215],[12.0637,50.2154],[12.0679,50.2176],[12.0669,50.2206],[12.0705,50.2227],[12.0779,50.2208],[12.0802,50.2236],[12.0844,50.2246],[12.0832,50.2272],[12.0846,50.2275],[12.0866,50.2243],[12.0916,50.224],[12.0907,50.22],[12.0932,50.2182],[12.1196,50.2148],[12.1233,50.217],[12.1291,50.2116],[12.1315,50.2124],[12.1337,50.2159],[12.1367,50.2155],[12.1414,50.2177],[12.149,50.2152],[12.1549,50.2169],[12.1603,50.2197],[12.1604,50.2223],[12.162,50.223],[12.1566,50.2235],[12.1585,50.2265],[12.1546,50.2287],[12.1456,50.2299],[12.1518,50.2343],[12.1511,50.2357],[12.142,50.2337],[12.1413,50.2305],[12.1269,50.2324],[12.1089,50.238],[12.1066,50.2466],[12.0976,50.2464],[12.0906,50.2524],[12.1023,50.2555],[12.1017,50.259],[12.0976,50.2623],[12.106,50.2637],[12.1123,50.2677],[12.1162,50.2681],[12.1188,50.2665],[12.1205,50.2685],[12.1301,50.271],[12.1391,50.2761],[12.1401,50.2779],[12.1356,50.281],[12.1359,50.2838],[12.123,50.2907],[12.122,50.296],[12.1192,50.2988],[12.1228,50.3041],[12.1262,50.3062],[12.1256,50.3077],[12.115,50.3131],[12.1049,50.3146],[12.0996,50.319],[12.0981,50.3231],[12.096,50.3226],[12.0941,50.3251],[12.0903,50.3243],[12.0929,50.3289],[12.0896,50.331],[12.0914,50.3325],[12.086,50.3316],[12.0876,50.3302],[12.0853,50.3311],[12.0824,50.33],[12.0831,50.3286],[12.08,50.3269],[12.0754,50.3279],[12.0747,50.3296],[12.0705,50.3293],[12.0642,50.333],[12.0613,50.3308],[12.063,50.3294],[12.0617,50.3289],[12.0568,50.3321],[12.0559,50.3313],[12.0576,50.3301],[12.0562,50.3301],[12.0581,50.3264],[12.0527,50.3309],[12.0537,50.3266],[12.0499,50.3313],[12.046,50.3312],[12.0488,50.3286],[12.0491,50.3257],[12.0477,50.3254],[12.0489,50.3238],[12.0455,50.3273],[12.0459,50.3296],[12.0379,50.336],[12.0412,50.3321],[12.0325,50.3298],[12.0293,50.3364],[12.031,50.3391],[12.0275,50.341],[12.0218,50.3394],[12.018,50.3409],[12.014,50.3441],[12.0149,50.3477],[12.0079,50.3457],[12.0039,50.3457],[12.0046,50.3471],[12.0033,50.346],[11.9968,50.3467],[11.9983,50.3524],[11.997,50.3541],[11.995,50.3522],[11.9922,50.3527],[11.9813,50.3493],[11.9727,50.3521],[11.9817,50.3587],[11.9806,50.3619],[11.9772,50.3614],[11.9797,50.3648],[11.9848,50.3649],[11.9824,50.3652],[11.9822,50.3663],[11.9845,50.3662],[11.9786,50.3691],[11.9847,50.3754],[11.9787,50.3799],[11.9813,50.3822],[11.9806,50.3843],[11.9828,50.3861],[11.9837,50.3899],[11.9755,50.3887],[11.9695,50.3946],[11.9693,50.3969],[11.9646,50.3998],[11.9604,50.3954],[11.9573,50.3971],[11.9529,50.3965],[11.9512,50.3944],[11.9489,50.3952],[11.9474,50.3975],[11.9487,50.4005],[11.9535,50.4049],[11.9523,50.406],[11.9541,50.4075],[11.9459,50.4101],[11.9433,50.4129],[11.9456,50.4162],[11.9392,50.4182],[11.9348,50.4237],[11.9303,50.4209],[11.9189,50.4248],[11.906,50.4198],[11.9058,50.4171],[11.8853,50.4159],[11.8803,50.4141],[11.8753,50.4079],[11.8681,50.4053],[11.866,50.4008],[11.8575,50.3993],[11.8523,50.4018],[11.836,50.3956],[11.835,50.3935],[11.8321,50.3952],[11.8243,50.3897],[11.8193,50.3911],[11.8183,50.3938],[11.8225,50.3978],[11.8278,50.4],[11.8256,50.4039],[11.8169,50.4007],[11.8027,50.413],[11.7987,50.4149],[11.798,50.4171],[11.794,50.4184],[11.7878,50.4151],[11.7797,50.4187],[11.7746,50.4157],[11.7739,50.4122],[11.7719,50.4112],[11.7531,50.416],[11.7508,50.4134],[11.7632,50.4061],[11.7561,50.4054],[11.7458,50.4085],[11.7445,50.4105],[11.7396,50.4093],[11.7247,50.3996],[11.717,50.3993],[11.7134,50.3966],[11.7115,50.4018],[11.707,50.4038],[11.6975,50.3998],[11.6953,50.396],[11.683,50.3927],[11.6799,50.3942],[11.6729,50.3944],[11.66,50.3922],[11.649,50.3923],[11.6229,50.3868],[11.6099,50.3936],[11.6045,50.3988],[11.6035,50.3985],[11.6056,50.3976],[11.6032,50.3963],[11.6094,50.3935],[11.6081,50.393],[11.6102,50.3913],[11.6102,50.3883],[11.6062,50.3878],[11.6065,50.3863],[11.6027,50.3871],[11.5999,50.3857],[11.5995,50.3837],[11.5953,50.385],[11.5919,50.3833],[11.5896,50.3842],[11.5896,50.3829],[11.5807,50.3857],[11.5734,50.3806],[11.5665,50.378],[11.5705,50.3739],[11.573,50.3729],[11.5768,50.3741],[11.5775,50.3723],[11.5805,50.3719],[11.5793,50.3669],[11.5767,50.3664],[11.5795,50.3636],[11.5723,50.3607],[11.5624,50.36],[11.5526,50.3555],[11.5491,50.3572],[11.5526,50.3636],[11.5511,50.3625],[11.5491,50.3638],[11.5508,50.3621],[11.5482,50.3571],[11.5422,50.3563],[11.538,50.3582],[11.5355,50.3586],[11.5412,50.3557],[11.5379,50.3494],[11.5386,50.3447],[11.5366,50.3398],[11.5391,50.3379],[11.5362,50.3332],[11.5288,50.3285]],[[11.8066,50.3092],[11.8076,50.3137],[11.8098,50.3157],[11.8135,50.3151],[11.8228,50.3192],[11.8276,50.319],[11.8269,50.3207],[11.8314,50.3232],[11.8351,50.3193],[11.8333,50.3159],[11.8369,50.3152],[11.8461,50.3169],[11.8466,50.3188],[11.8549,50.3195],[11.8546,50.322],[11.8569,50.3229],[11.8582,50.3215],[11.8632,50.3253],[11.8686,50.3224],[11.8784,50.326],[11.8803,50.3274],[11.8795,50.3288],[11.8756,50.3299],[11.874,50.3321],[11.8813,50.3324],[11.8799,50.3347],[11.8755,50.3381],[11.8737,50.336],[11.8694,50.3385],[11.8712,50.3399],[11.8734,50.3393],[11.882,50.3457],[11.8724,50.3507],[11.8796,50.3489],[11.8804,50.3505],[11.8781,50.3523],[11.8788,50.3539],[11.8746,50.3541],[11.8792,50.3551],[11.8822,50.3541],[11.8837,50.3515],[11.8901,50.3518],[11.891,50.3506],[11.8887,50.3481],[11.8922,50.3462],[11.9013,50.3488],[11.9048,50.3451],[11.9024,50.3478],[11.9054,50.3472],[11.9057,50.3497],[11.9074,50.3504],[11.9043,50.3504],[11.9042,50.3517],[11.9064,50.3524],[11.9096,50.3501],[11.9093,50.3513],[11.9178,50.3525],[11.9169,50.3483],[11.9206,50.3494],[11.9225,50.3483],[11.9215,50.3463],[11.9254,50.344],[11.9233,50.3427],[11.9254,50.3403],[11.9243,50.339],[11.9289,50.3381],[11.9319,50.3437],[11.9409,50.3431],[11.9402,50.3441],[11.9423,50.3451],[11.9491,50.3454],[11.9558,50.3422],[11.9581,50.3425],[11.9557,50.3407],[11.9607,50.3357],[11.959,50.3333],[11.9635,50.3298],[11.9619,50.3284],[11.9702,50.3305],[11.9676,50.3246],[11.9688,50.3228],[11.9673,50.3224],[11.9717,50.3216],[11.9715,50.32],[11.9696,50.3197],[11.9718,50.317],[11.9706,50.3152],[11.956,50.3146],[11.9555,50.3117],[11.9574,50.3114],[11.9565,50.3107],[11.9579,50.3093],[11.946,50.3073],[11.9425,50.3019],[11.9385,50.3019],[11.9361,50.2968],[11.9334,50.2969],[11.9356,50.2958],[11.9367,50.2913],[11.934,50.2901],[11.9341,50.2869],[11.9358,50.2859],[11.9341,50.2844],[11.9346,50.283],[11.9308,50.2831],[11.9317,50.2824],[11.9253,50.2796],[11.9246,50.277],[11.9227,50.278],[11.9218,50.2759],[11.9181,50.2756],[11.9171,50.274],[11.9128,50.2752],[11.9114,50.2733],[11.9136,50.2719],[11.9131,50.2704],[11.9094,50.2704],[11.9097,50.2676],[11.9083,50.2674],[11.9069,50.2687],[11.8991,50.2683],[11.8972,50.2702],[11.8953,50.2701],[11.896,50.2687],[11.8831,50.2681],[11.8869,50.2698],[11.8834,50.2712],[11.8844,50.2738],[11.8764,50.2757],[11.8702,50.2749],[11.8677,50.2783],[11.8687,50.2799],[11.8632,50.2857],[11.8594,50.2869],[11.8516,50.2867],[11.8512,50.2846],[11.8489,50.2863],[11.848,50.285],[11.8393,50.2861],[11.8399,50.2937],[11.8356,50.2946],[11.8383,50.2955],[11.8309,50.2971],[11.8322,50.2981],[11.8303,50.3002],[11.8271,50.2986],[11.826,50.3026],[11.8221,50.3015],[11.8167,50.3056],[11.8181,50.3072],[11.8169,50.3079],[11.8066,50.3092]]]}},{"type":"Feature","properties":{"name":"Landkreis Kitzingen","osm_relation":62457},"geometry":{"type":"Polygon","coordinates":[[[10.0399,49.7479],[10.0406,49.7466],[10.0467,49.7466],[10.0508,49.7413],[10.0477,49.7406],[10.0521,49.7351],[10.0504,49.7333],[10.0515,49.7281],[10.0577,49.7248],[10.0577,49.7227],[10.0659,49.7222],[10.0659,49.7191],[10.0954,49.7182],[10.0976,49.7184],[10.0973,49.7197],[10.1018,49.7193],[10.103,49.7231],[10.1062,49.7233],[10.1113,49.7231],[10.1146,49.7205],[10.1067,49.7181],[10.1013,49.7189],[10.0961,49.7168],[10.0961,49.7154],[10.1026,49.7025],[10.1137,49.6982],[10.117,49.6932],[10.1276,49.6867],[10.1249,49.6839],[10.1209,49.6838],[10.1277,49.6769],[10.128,49.674],[10.1306,49.6706],[10.1323,49.6708],[10.1339,49.6674],[10.1234,49.667],[10.1092,49.6694],[10.1096,49.6646],[10.105,49.6622],[10.1041,49.6571],[10.1022,49.6605],[10.0997,49.6603],[10.0979,49.6623],[10.0914,49.6599],[10.0814,49.6469],[10.0862,49.643],[10.0836,49.6408],[10.0857,49.6376],[10.0841,49.6367],[10.0841,49.633],[10.0858,49.6333],[10.0894,49.6302],[10.0948,49.6306],[10.0988,49.6242],[10.1026,49.6275],[10.1042,49.6269],[10.1106,49.621],[10.1164,49.6213],[10.1243,49.6141],[10.1267,49.6147],[10.1322,49.6112],[10.1485,49.6118],[10.1499,49.6093],[10.148,49.6088],[10.1517,49.6035],[10.154,49.6035],[10.1554,49.5991],[10.1572,49.5993],[10.1578,49.5941],[10.1722,49.5877],[10.175,49.5994],[10.1797,49.5981],[10.1913,49.6016],[10.1958,49.5999],[10.1957,49.6032],[10.1999,49.6028],[10.2019,49.6148],[10.1998,49.6204],[10.2003,49.6258],[10.2123,49.6314],[10.2194,49.6314],[10.2194,49.6329],[10.2216,49.6328],[10.2279,49.6298],[10.2387,49.6296],[10.2493,49.6252],[10.2671,49.6241],[10.2693,49.6252],[10.2828,49.6191],[10.2881,49.621],[10.293,49.6257],[10.2966,49.6244],[10.3013,49.6272],[10.3065,49.6212],[10.3081,49.6211],[10.3097,49.6248],[10.3135,49.6252],[10.3247,49.6253],[10.3256,49.6227],[10.3299,49.6238],[10.3483,49.6223],[10.36,49.626],[10.3615,49.63],[10.365,49.632],[10.3741,49.6314],[10.3878,49.634],[10.3831,49.6391],[10.3792,49.6504],[10.3698,49.6576],[10.3662,49.6618],[10.368,49.6632],[10.3626,49.6653],[10.369,49.6676],[10.368,49.672],[10.3607,49.6778],[10.3577,49.6776],[10.3602,49.6807],[10.3631,49.6796],[10.3676,49.6813],[10.3669,49.6832],[10.3694,49.6862],[10.3735,49.6868],[10.3732,49.6885],[10.3755,49.6892],[10.3777,49.6879],[10.3753,49.6856],[10.3764,49.6837],[10.3852,49.685],[10.3873,49.6907],[10.3808,49.6918],[10.3826,49.694],[10.3762,49.6909],[10.3678,49.6904],[10.3656,49.6934],[10.3618,49.691],[10.3538,49.6929],[10.355,49.6946],[10.3463,49.6946],[10.3409,49.6957],[10.3393,49.6978],[10.3328,49.6984],[10.3362,49.6999],[10.3388,49.7042],[10.342,49.7046],[10.3435,49.7003],[10.3528,49.7],[10.3538,49.7009],[10.3507,49.7022],[10.3538,49.7035],[10.3524,49.7055],[10.3701,49.7114],[10.3742,49.7168],[10.3721,49.7183],[10.3737,49.7207],[10.3929,49.7292],[10.3988,49.735],[10.4071,49.7365],[10.4076,49.7385],[10.4123,49.7419],[10.4115,49.7431],[10.4178,49.7402],[10.4198,49.7441],[10.4217,49.7451],[10.4163,49.7312],[10.4222,49.7313],[10.423,49.7363],[10.4271,49.738],[10.4271,49.7412],[10.4347,49.7466],[10.4357,49.7502],[10.4466,49.7482],[10.4637,49.7405],[10.479,49.7446],[10.4913,49.7428],[10.4949,49.7473],[10.4922,49.7489],[10.4963,49.7532],[10.5078,49.7518],[10.5261,49.7554],[10.528,49.7532],[10.5414,49.7533],[10.5469,49.7566],[10.5511,49.7557],[10.5553,49.7644],[10.5537,49.7665],[10.5542,49.7697],[10.5391,49.7714],[10.5362,49.783],[10.5248,49.7852],[10.5278,49.7877],[10.5262,49.7887],[10.5348,49.7899],[10.5335,49.7917],[10.5356,49.7925],[10.5349,49.7944],[10.518,49.7965],[10.5198,49.7993],[10.5161,49.803],[10.5081,49.7984],[10.5065,49.7957],[10.496,49.7921],[10.4933,49.7878],[10.4734,49.7854],[10.4732,49.7868],[10.4696,49.7865],[10.47,49.7879],[10.467,49.7883],[10.469,49.7906],[10.4664,49.7916],[10.4755,49.797],[10.4771,49.7966],[10.4785,49.7996],[10.4816,49.8009],[10.481,49.8029],[10.4861,49.8035],[10.478,49.8116],[10.4756,49.8126],[10.4722,49.8103],[10.4757,49.8073],[10.4746,49.8067],[10.4711,49.8076],[10.4694,49.8103],[10.467,49.8101],[10.4672,49.8089],[10.461,49.8087],[10.4583,49.8124],[10.4559,49.813],[10.4555,49.8152],[10.4489,49.8188],[10.4494,49.8212],[10.446,49.8233],[10.4438,49.8202],[10.4399,49.8229],[10.4116,49.8275],[10.412,49.8291],[10.4085,49.8313],[10.3953,49.8332],[10.3963,49.8358],[10.3827,49.8339],[10.3726,49.8344],[10.3733,49.8368],[10.3848,49.8356],[10.3842,49.8377],[10.3879,49.8371],[10.39,49.8379],[10.3898,49.8402],[10.3918,49.8404],[10.3899,49.8437],[10.3962,49.8436],[10.3979,49.8457],[10.4008,49.8459],[10.4011,49.849],[10.3882,49.8494],[10.3873,49.8521],[10.3924,49.8526],[10.3867,49.8576],[10.3893,49.8586],[10.3894,49.8618],[10.391,49.8615],[10.3908,49.8646],[10.3837,49.866],[10.3851,49.8673],[10.3763,49.8699],[10.3752,49.8648],[10.3698,49.8637],[10.37,49.8625],[10.3656,49.8609],[10.3664,49.8592],[10.3637,49.859],[10.3393,49.866],[10.3359,49.8632],[10.3364,49.8607],[10.3286,49.8582],[10.3298,49.8558],[10.3181,49.8546],[10.3171,49.8572],[10.3119,49.857],[10.3071,49.8608],[10.2995,49.8619],[10.3038,49.8635],[10.301,49.8664],[10.3004,49.8703],[10.2965,49.8703],[10.2965,49.8689],[10.2896,49.8714],[10.2919,49.8729],[10.293,49.8792],[10.2897,49.8915],[10.2845,49.8902],[10.2798,49.8925],[10.264,49.8858],[10.2611,49.8868],[10.2654,49.8888],[10.2615,49.8887],[10.2467,49.8811],[10.2423,49.8858],[10.237,49.8872],[10.2371,49.8901],[10.2341,49.8917],[10.2336,49.8934],[10.2371,49.8941],[10.2354,49.8974],[10.2377,49.898],[10.236,49.9014],[10.2323,49.9014],[10.233,49.9032],[10.2308,49.9068],[10.2364,49.908],[10.2372,49.9095],[10.2292,49.9109],[10.2287,49.916],[10.2153,49.9118],[10.2147,49.9136],[10.2095,49.9131],[10.2113,49.9097],[10.2096,49.9081],[10.2071,49.9085],[10.2068,49.9063],[10.2078,49.8998],[10.2115,49.8987],[10.2111,49.8963],[10.2087,49.8964],[10.2089,49.895],[10.2035,49.8932],[10.2037,49.8919],[10.1891,49.8921],[10.1856,49.8869],[10.1801,49.8841],[10.172,49.8849],[10.1669,49.8823],[10.1627,49.8753],[10.1637,49.8717],[10.1663,49.8695],[10.1643,49.8674],[10.1638,49.8599],[10.1653,49.8577],[10.1636,49.8471],[10.1388,49.8464],[10.1379,49.8495],[10.1289,49.8491],[10.1197,49.8452],[10.1213,49.8427],[10.1208,49.8405],[10.1241,49.8398],[10.122,49.8377],[10.1139,49.8387],[10.114,49.8374],[10.1073,49.836],[10.0967,49.8373],[10.0894,49.8359],[10.0867,49.8374],[10.0836,49.8341],[10.0847,49.833],[10.0687,49.8278],[10.0673,49.8271],[10.0685,49.8262],[10.065,49.8253],[10.0651,49.8231],[10.0606,49.8219],[10.0657,49.8204],[10.0648,49.8175],[10.0619,49.8154],[10.062,49.81],[10.0638,49.8087],[10.0596,49.8074],[10.0602,49.8057],[10.0583,49.805],[10.0604,49.8003],[10.0565,49.7999],[10.0578,49.796],[10.0563,49.7957],[10.061,49.7923],[10.0579,49.7919],[10.0616,49.7826],[10.0648,49.7829],[10.0626,49.7813],[10.0629,49.7771],[10.0612,49.7742],[10.0589,49.7754],[10.0561,49.7723],[10.0526,49.7736],[10.0522,49.7723],[10.0541,49.7686],[10.0599,49.7649],[10.0578,49.7624],[10.0615,49.7587],[10.0561,49.7559],[10.0562,49.7546],[10.0518,49.7543],[10.0522,49.7527],[10.0455,49.7516],[10.0462,49.7504],[10.0431,49.7499],[10.0436,49.7481],[10.0399,49.7479]]]}},{"type":"Feature","properties":{"name":"Landkreis Kronach","osm_relation":62383},"geometry":{"type":"Polygon","coordinates":[[[11.1684,50.2071],[11.1733,50.2015],[11.1834,50.1995],[11.2007,50.2018],[11.1994,50.2046],[11.205,50.2042],[11.207,50.2023],[11.2085,50.2034],[11.2102,50.2006],[11.2107,50.2026],[11.2187,50.2022],[11.2193,50.2037],[11.2264,50.2043],[11.2336,50.2008],[11.2304,50.1959],[11.2315,50.1938],[11.2262,50.1923],[11.2262,50.1882],[11.2243,50.1847],[11.2325,50.184],[11.24,50.1872],[11.2421,50.1846],[11.2496,50.1843],[11.254,50.1781],[11.2504,50.1752],[11.2518,50.1734],[11.2543,50.1743],[11.2558,50.1735],[11.2531,50.1729],[11.2532,50.1714],[11.2628,50.1706],[11.2683,50.1667],[11.273,50.1667],[11.2787,50.1624],[11.2817,50.1623],[11.2805,50.1612],[11.2818,50.1602],[11.2825,50.1613],[11.2882,50.1611],[11.2884,50.16],[11.2908,50.1604],[11.2905,50.1616],[11.2981,50.1614],[11.3029,50.1645],[11.3094,50.1626],[11.3157,50.1632],[11.3167,50.1613],[11.3189,50.1623],[11.3182,50.1597],[11.3234,50.1609],[11.3376,50.1592],[11.3491,50.1636],[11.3593,50.1654],[11.3621,50.1681],[11.3612,50.175],[11.364,50.1789],[11.3624,50.1838],[11.3658,50.1842],[11.3632,50.185],[11.3642,50.1865],[11.3687,50.1863],[11.3678,50.1881],[11.3758,50.1924],[11.3836,50.1921],[11.3843,50.1903],[11.3885,50.1918],[11.3873,50.1927],[11.3931,50.192],[11.3933,50.1877],[11.3826,50.1871],[11.3887,50.1804],[11.3964,50.1757],[11.4037,50.1795],[11.4027,50.1767],[11.4064,50.1754],[11.4131,50.1793],[11.434,50.1821],[11.4344,50.184],[11.4313,50.1861],[11.4288,50.1913],[11.4199,50.1979],[11.413,50.1994],[11.4186,50.2016],[11.4229,50.208],[11.4313,50.2122],[11.4315,50.2151],[11.4356,50.214],[11.44,50.2191],[11.4413,50.2233],[11.4435,50.2208],[11.442,50.2196],[11.4465,50.2182],[11.4499,50.222],[11.449,50.2229],[11.4516,50.2232],[11.4512,50.2218],[11.4529,50.2245],[11.4591,50.2256],[11.4561,50.2282],[11.4562,50.2301],[11.4609,50.231],[11.4594,50.2323],[11.4626,50.2345],[11.4591,50.2359],[11.4635,50.2382],[11.4756,50.2331],[11.4822,50.2401],[11.4826,50.2431],[11.486,50.2453],[11.4858,50.2494],[11.4903,50.2514],[11.4944,50.2502],[11.4973,50.2543],[11.5023,50.2533],[11.5129,50.255],[11.516,50.2574],[11.5285,50.2545],[11.5286,50.2575],[11.5257,50.2608],[11.542,50.2656],[11.5421,50.2676],[11.5387,50.27],[11.5368,50.2765],[11.5495,50.2801],[11.5608,50.2872],[11.566,50.2882],[11.5588,50.2938],[11.5627,50.2986],[11.5591,50.302],[11.5581,50.3056],[11.5524,50.3098],[11.5543,50.311],[11.552,50.3124],[11.5531,50.3149],[11.5467,50.3146],[11.5431,50.318],[11.5391,50.3186],[11.5383,50.3209],[11.5354,50.3217],[11.5321,50.3256],[11.5303,50.3254],[11.5288,50.3281],[11.5372,50.3341],[11.5391,50.3379],[11.5366,50.3398],[11.5386,50.3447],[11.5379,50.3494],[11.5412,50.3557],[11.5355,50.3586],[11.5422,50.3563],[11.5482,50.3571],[11.5508,50.3621],[11.5491,50.3638],[11.5511,50.3625],[11.5526,50.3636],[11.5491,50.3572],[11.5526,50.3555],[11.5624,50.36],[11.5723,50.3607],[11.5795,50.3636],[11.5767,50.3664],[11.5793,50.3669],[11.5805,50.3719],[11.5775,50.3723],[11.5768,50.3741],[11.573,50.3729],[11.5705,50.3739],[11.5666,50.3781],[11.5734,50.3806],[11.5807,50.3857],[11.5896,50.3829],[11.5896,50.3842],[11.5919,50.3833],[11.5953,50.385],[11.5995,50.3837],[11.5999,50.3857],[11.6027,50.3871],[11.6065,50.3863],[11.6062,50.3878],[11.6102,50.3883],[11.6102,50.3913],[11.6081,50.393],[11.6094,50.3935],[11.6032,50.3963],[11.605,50.3981],[11.5944,50.4026],[11.5817,50.3991],[11.5726,50.4],[11.5669,50.3954],[11.5652,50.3872],[11.5597,50.3839],[11.5526,50.3826],[11.5462,50.3843],[11.5343,50.3811],[11.5341,50.3794],[11.5313,50.3792],[11.5275,50.376],[11.5195,50.374],[11.5186,50.3773],[11.5207,50.381],[11.5181,50.3893],[11.5185,50.396],[11.5059,50.3965],[11.5035,50.3993],[11.4969,50.3996],[11.4895,50.3959],[11.4782,50.401],[11.4794,50.4072],[11.4861,50.4112],[11.4884,50.4162],[11.481,50.425],[11.4831,50.4298],[11.4819,50.4317],[11.4754,50.4336],[11.4752,50.4316],[11.4637,50.4323],[11.4609,50.4287],[11.4448,50.4237],[11.4436,50.4207],[11.4428,50.4218],[11.4446,50.4246],[11.4503,50.4284],[11.4514,50.4313],[11.441,50.4386],[11.4285,50.4404],[11.4198,50.4446],[11.4194,50.4546],[11.4236,50.4623],[11.4154,50.4681],[11.4205,50.4734],[11.4202,50.4792],[11.4176,50.4818],[11.4259,50.4845],[11.4213,50.486],[11.4224,50.489],[11.4203,50.4895],[11.4188,50.4934],[11.4196,50.4946],[11.4354,50.4921],[11.4411,50.5002],[11.4345,50.504],[11.4336,50.508],[11.4276,50.5139],[11.4234,50.5162],[11.4088,50.5148],[11.4003,50.5159],[11.3961,50.5171],[11.3962,50.5196],[11.3877,50.5157],[11.3791,50.5209],[11.3702,50.5232],[11.3578,50.5199],[11.3442,50.5206],[11.3433,50.5185],[11.3463,50.5156],[11.347,50.5116],[11.3357,50.5096],[11.3254,50.5102],[11.3214,50.5086],[11.3227,50.4999],[11.3251,50.4984],[11.3232,50.491],[11.3202,50.4888],[11.3008,50.4883],[11.2995,50.4873],[11.3031,50.4866],[11.298,50.4826],[11.2977,50.4805],[11.296,50.4815],[11.2936,50.4792],[11.2917,50.4751],[11.2901,50.4765],[11.292,50.4788],[11.2891,50.4855],[11.278,50.4833],[11.2789,50.4814],[11.2727,50.4827],[11.2663,50.4789],[11.2645,50.4807],[11.257,50.4818],[11.2511,50.4806],[11.2474,50.478],[11.245,50.4705],[11.2522,50.4635],[11.2551,50.4565],[11.2462,50.4492],[11.2637,50.4428],[11.2648,50.4378],[11.268,50.4346],[11.2667,50.4225],[11.2692,50.4193],[11.2646,50.4126],[11.2632,50.4067],[11.2608,50.4045],[11.2611,50.4018],[11.2584,50.3998],[11.2705,50.3943],[11.2645,50.3914],[11.2642,50.387],[11.2722,50.3855],[11.2765,50.3806],[11.2771,50.3754],[11.2808,50.3713],[11.2792,50.367],[11.2841,50.3607],[11.279,50.3559],[11.2623,50.3524],[11.2627,50.3512],[11.2663,50.3519],[11.2771,50.336],[11.2613,50.3379],[11.2622,50.3357],[11.2607,50.3298],[11.2625,50.3252],[11.2563,50.3228],[11.2623,50.3179],[11.2638,50.3134],[11.2669,50.3118],[11.2666,50.3096],[11.2705,50.3071],[11.2604,50.3001],[11.2514,50.299],[11.2541,50.2967],[11.2519,50.2934],[11.2597,50.2898],[11.2573,50.2883],[11.2606,50.2872],[11.2599,50.2786],[11.2623,50.2745],[11.2556,50.2715],[11.2535,50.2681],[11.2481,50.2668],[11.2472,50.2686],[11.2379,50.2723],[11.2355,50.2754],[11.2251,50.277],[11.2192,50.2813],[11.2148,50.2807],[11.2162,50.284],[11.2114,50.2846],[11.1969,50.2914],[11.1938,50.2846],[11.1901,50.281],[11.1901,50.2781],[11.1915,50.2774],[11.1894,50.2748],[11.1913,50.274],[11.1897,50.2706],[11.1922,50.2701],[11.1939,50.2668],[11.1961,50.2671],[11.1922,50.2649],[11.195,50.2621],[11.1988,50.2633],[11.2028,50.2566],[11.2005,50.2549],[11.1952,50.2554],[11.1961,50.2519],[11.1936,50.2514],[11.1929,50.2535],[11.1881,50.2524],[11.1902,50.2511],[11.1891,50.2503],[11.181,50.2495],[11.1789,50.2508],[11.1778,50.2486],[11.1797,50.249],[11.1893,50.2424],[11.1931,50.2418],[11.1901,50.2397],[11.1907,50.2384],[11.1934,50.2384],[11.1923,50.2363],[11.1935,50.2346],[11.1896,50.232],[11.1918,50.2286],[11.1798,50.2248],[11.1814,50.2221],[11.1805,50.2191],[11.1822,50.219],[11.183,50.2166],[11.1826,50.2122],[11.1684,50.2071]]]}},{"type":"Feature","properties":{"name":"Landkreis Kulmbach","osm_relation":2145178},"geometry":{"type":"Polygon","coordinates":[[[11.25,50.0157],[11.2522,50.0142],[11.253,50.0107],[11.2506,50.0086],[11.2536,50.0069],[11.2536,50.0028],[11.262,49.9981],[11.2614,49.995],[11.2641,49.9922],[11.2846,49.9881],[11.2868,49.979],[11.2828,49.9792],[11.283,49.9754],[11.2813,49.975],[11.2821,49.9717],[11.2776,49.9691],[11.2802,49.9653],[11.2889,49.9676],[11.2901,49.9659],[11.2994,49.9637],[11.3076,49.964],[11.3106,49.9627],[11.3167,49.9637],[11.3196,49.9607],[11.3182,49.9596],[11.3214,49.9581],[11.3332,49.9567],[11.3437,49.9531],[11.3449,49.9493],[11.3471,49.949],[11.3447,49.9478],[11.3484,49.9473],[11.3473,49.9463],[11.3476,49.9452],[11.3499,49.9465],[11.3526,49.9456],[11.3528,49.9433],[11.3547,49.9449],[11.3588,49.9434],[11.3642,49.9385],[11.3748,49.9408],[11.3767,49.939],[11.3768,49.9352],[11.3839,49.9337],[11.3861,49.9343],[11.3889,49.9385],[11.386,49.9378],[11.3879,49.941],[11.3869,49.9422],[11.3968,49.9457],[11.3947,49.9499],[11.3918,49.9517],[11.3948,49.9548],[11.394,49.9582],[11.3965,49.9583],[11.3965,49.9612],[11.4004,49.9607],[11.4004,49.9594],[11.4101,49.9594],[11.4128,49.9608],[11.4204,49.9599],[11.4249,49.9573],[11.4241,49.9557],[11.4256,49.9554],[11.4276,49.9576],[11.4271,49.9604],[11.4288,49.9605],[11.4294,49.9625],[11.4279,49.966],[11.4221,49.9719],[11.4156,49.9735],[11.4173,49.9746],[11.4152,49.9763],[11.4154,49.9785],[11.4169,49.9789],[11.4169,49.9871],[11.4191,49.9894],[11.4303,49.9897],[11.4339,49.9921],[11.4421,49.9907],[11.4445,49.9865],[11.4374,49.9839],[11.4456,49.9798],[11.4602,49.9802],[11.4672,49.984],[11.4695,49.9891],[11.4765,49.9953],[11.4805,49.9959],[11.4846,49.994],[11.4831,49.9927],[11.4867,49.991],[11.4898,49.9939],[11.4946,49.9933],[11.4966,49.9951],[11.4996,49.9932],[11.5036,49.994],[11.5044,49.9918],[11.5064,49.9939],[11.5059,49.9972],[11.5067,49.9955],[11.5121,49.9986],[11.5221,49.9989],[11.5274,50.0011],[11.5265,50.0059],[11.5361,50.0052],[11.5375,50.0016],[11.534,49.9992],[11.5362,49.9992],[11.5491,50.0031],[11.5539,50.007],[11.567,50.0128],[11.5727,50.0108],[11.573,50.0092],[11.5786,50.0083],[11.5814,50.0116],[11.5957,50.0182],[11.604,50.0176],[11.6044,50.0266],[11.6014,50.0263],[11.6052,50.0291],[11.6048,50.0312],[11.6145,50.0348],[11.6144,50.0368],[11.6176,50.0398],[11.6229,50.0345],[11.6285,50.0335],[11.6321,50.036],[11.6294,50.0402],[11.6273,50.0402],[11.6278,50.0423],[11.6313,50.0422],[11.6376,50.0449],[11.6476,50.0419],[11.6507,50.0427],[11.65,50.0442],[11.6528,50.0464],[11.65,50.0487],[11.6522,50.0542],[11.6453,50.0533],[11.6362,50.0587],[11.6382,50.0598],[11.6376,50.0613],[11.6412,50.0612],[11.6433,50.0629],[11.6393,50.0643],[11.6383,50.063],[11.6362,50.0634],[11.637,50.0666],[11.6346,50.0681],[11.6317,50.0674],[11.6347,50.0695],[11.6347,50.072],[11.6412,50.0742],[11.6516,50.0694],[11.6522,50.0723],[11.6566,50.0735],[11.6547,50.0767],[11.681,50.0884],[11.6843,50.0877],[11.6879,50.0898],[11.6845,50.0912],[11.6802,50.0899],[11.6805,50.0915],[11.6769,50.0938],[11.6789,50.0948],[11.6756,50.0963],[11.6789,50.0993],[11.6777,50.1005],[11.6785,50.1028],[11.6746,50.1048],[11.6769,50.1082],[11.6751,50.1122],[11.6769,50.1127],[11.6779,50.1186],[11.6805,50.1225],[11.6797,50.124],[11.6674,50.1247],[11.6647,50.118],[11.6606,50.118],[11.6542,50.1152],[11.6509,50.1204],[11.6459,50.1214],[11.646,50.1249],[11.6436,50.1262],[11.6422,50.1295],[11.6465,50.1346],[11.6481,50.1401],[11.6534,50.1414],[11.6598,50.1414],[11.6733,50.1372],[11.6781,50.1382],[11.6775,50.1399],[11.6745,50.1404],[11.6729,50.145],[11.6752,50.1475],[11.6804,50.1488],[11.6778,50.1501],[11.6837,50.152],[11.6815,50.1562],[11.6892,50.158],[11.6888,50.1609],[11.6827,50.163],[11.6778,50.1596],[11.6753,50.1597],[11.6739,50.1605],[11.6757,50.1637],[11.6734,50.1641],[11.6718,50.1613],[11.673,50.1603],[11.6697,50.1558],[11.6614,50.1606],[11.6504,50.1617],[11.658,50.169],[11.6594,50.1727],[11.6586,50.1745],[11.6603,50.1766],[11.666,50.1785],[11.6678,50.1772],[11.6743,50.1787],[11.676,50.1775],[11.6814,50.1806],[11.6791,50.1829],[11.6753,50.1821],[11.6772,50.1807],[11.6762,50.1801],[11.6744,50.1816],[11.6703,50.1817],[11.6759,50.1832],[11.671,50.186],[11.6753,50.1882],[11.6731,50.1903],[11.6777,50.1919],[11.6771,50.1932],[11.6732,50.1923],[11.6684,50.194],[11.6709,50.1959],[11.6716,50.1999],[11.6746,50.1997],[11.6707,50.2033],[11.6654,50.2021],[11.6645,50.2035],[11.6546,50.2042],[11.653,50.2122],[11.656,50.2155],[11.6556,50.2218],[11.6597,50.2247],[11.6551,50.2302],[11.644,50.2315],[11.6423,50.2297],[11.6424,50.2315],[11.6406,50.2316],[11.6379,50.2282],[11.6415,50.2284],[11.6378,50.2271],[11.6344,50.2292],[11.6362,50.2313],[11.6386,50.2304],[11.639,50.2316],[11.6334,50.2319],[11.6332,50.2302],[11.6278,50.2292],[11.6265,50.2258],[11.6219,50.227],[11.6125,50.2248],[11.6105,50.2268],[11.6015,50.2235],[11.5985,50.225],[11.6117,50.2338],[11.6104,50.2402],[11.6066,50.242],[11.6163,50.2446],[11.6089,50.2477],[11.6108,50.2502],[11.6084,50.251],[11.6096,50.2542],[11.6052,50.2538],[11.6117,50.2586],[11.6087,50.2594],[11.609,50.261],[11.6176,50.2624],[11.6221,50.2598],[11.6214,50.2573],[11.6294,50.2581],[11.6269,50.2632],[11.6227,50.2645],[11.6204,50.2674],[11.6039,50.2685],[11.6009,50.2666],[11.6019,50.266],[11.6017,50.2657],[11.594,50.2634],[11.5831,50.2557],[11.5796,50.2553],[11.5703,50.2558],[11.5621,50.2607],[11.5464,50.2622],[11.5403,50.2654],[11.5257,50.2608],[11.5286,50.2574],[11.528,50.2543],[11.522,50.2569],[11.516,50.2574],[11.5129,50.255],[11.5023,50.2533],[11.4973,50.2543],[11.4944,50.2502],[11.4909,50.2514],[11.4871,50.2504],[11.485,50.247],[11.4857,50.245],[11.4826,50.2431],[11.4822,50.2401],[11.4756,50.2331],[11.4637,50.2382],[11.4591,50.2359],[11.4626,50.2345],[11.4594,50.2323],[11.4609,50.231],[11.4563,50.2303],[11.4561,50.2282],[11.4591,50.2256],[11.4529,50.2245],[11.4512,50.2218],[11.4516,50.2232],[11.449,50.2229],[11.4499,50.222],[11.4465,50.2182],[11.442,50.2196],[11.4435,50.2208],[11.4413,50.2233],[11.44,50.2191],[11.4356,50.214],[11.4315,50.2151],[11.4313,50.2122],[11.4229,50.208],[11.4186,50.2016],[11.413,50.1994],[11.4199,50.1979],[11.4288,50.1913],[11.4313,50.1861],[11.4344,50.184],[11.434,50.1821],[11.4131,50.1793],[11.4064,50.1754],[11.4027,50.1767],[11.4037,50.1795],[11.3964,50.1757],[11.3887,50.1804],[11.3826,50.1871],[11.3933,50.1877],[11.3931,50.192],[11.3873,50.1927],[11.3885,50.1918],[11.3843,50.1903],[11.3836,50.1921],[11.3758,50.1924],[11.3678,50.1881],[11.3687,50.1863],[11.3642,50.1865],[11.3632,50.185],[11.366,50.1848],[11.3624,50.1838],[11.3641,50.1791],[11.3612,50.175],[11.3619,50.1677],[11.3593,50.1654],[11.3434,50.1614],[11.34,50.1568],[11.3421,50.1549],[11.34,50.1496],[11.3439,50.1479],[11.343,50.1466],[11.3517,50.1464],[11.3531,50.1503],[11.3547,50.1506],[11.3597,50.1488],[11.3635,50.1497],[11.3611,50.1462],[11.3616,50.1436],[11.3553,50.1439],[11.3533,50.1418],[11.3536,50.1399],[11.3522,50.1398],[11.3586,50.1371],[11.3552,50.1319],[11.3566,50.1311],[11.3551,50.1259],[11.3534,50.1253],[11.353,50.1284],[11.3473,50.1312],[11.3507,50.1332],[11.3393,50.1318],[11.3392,50.127],[11.3337,50.1223],[11.3336,50.12],[11.3308,50.1188],[11.3299,50.1161],[11.3235,50.1138],[11.3254,50.1124],[11.3188,50.1108],[11.3124,50.114],[11.3141,50.1164],[11.3111,50.1164],[11.3113,50.1144],[11.3134,50.1126],[11.307,50.1089],[11.3061,50.1079],[11.3075,50.1071],[11.3061,50.106],[11.2986,50.1039],[11.2999,50.1018],[11.3097,50.1002],[11.3091,50.0983],[11.321,50.0896],[11.3185,50.0865],[11.3243,50.0835],[11.3027,50.0846],[11.3005,50.0832],[11.301,50.0806],[11.297,50.0781],[11.3041,50.0763],[11.3044,50.0753],[11.2969,50.0723],[11.3012,50.0698],[11.3033,50.0639],[11.3095,50.0647],[11.3083,50.0623],[11.304,50.0609],[11.3093,50.0587],[11.3027,50.0497],[11.2936,50.0454],[11.2968,50.043],[11.292,50.043],[11.2957,50.042],[11.2963,50.0395],[11.2985,50.0411],[11.304,50.0393],[11.2975,50.0352],[11.2997,50.0341],[11.2937,50.0329],[11.2948,50.0323],[11.2929,50.0321],[11.2931,50.0309],[11.2755,50.0289],[11.2827,50.0254],[11.2832,50.0233],[11.2803,50.022],[11.2835,50.0195],[11.2791,50.0184],[11.2785,50.0204],[11.2762,50.019],[11.2759,50.0204],[11.2737,50.0202],[11.2767,50.0168],[11.2758,50.0137],[11.2684,50.0157],[11.2653,50.0188],[11.2644,50.0177],[11.2618,50.0186],[11.2608,50.0167],[11.25,50.0157]]]}},{"type":"Feature","properties":{"name":"Landkreis Lichtenfels","osm_relation":62515},"geometry":{"type":"Polygon","coordinates":[[[10.8756,50.0759],[10.8755,50.0711],[10.8801,50.0702],[10.8812,50.0712],[10.8808,50.0686],[10.8778,50.067],[10.8852,50.0631],[10.8877,50.0647],[10.8896,50.0628],[10.8867,50.0614],[10.896,50.0581],[10.8941,50.0556],[10.8956,50.0537],[10.8924,50.0522],[10.8955,50.0524],[10.904,50.0488],[10.8988,50.0427],[10.8932,50.0408],[10.8928,50.0366],[10.903,50.0373],[10.909,50.0414],[10.9134,50.04],[10.9146,50.0411],[10.9114,50.0418],[10.9126,50.0431],[10.9299,50.037],[10.9293,50.0356],[10.9313,50.0352],[10.9332,50.0359],[10.9322,50.0378],[10.9339,50.039],[10.9347,50.0459],[10.946,50.0455],[10.9472,50.0484],[10.9513,50.05],[10.9511,50.0487],[10.9552,50.0489],[10.9554,50.0459],[10.9581,50.0458],[10.9578,50.0432],[10.9605,50.0394],[10.9637,50.0405],[10.9661,50.0392],[10.9763,50.0388],[10.9757,50.0411],[10.9801,50.0407],[10.9892,50.0366],[10.9915,50.0343],[10.9906,50.0313],[10.9943,50.0296],[10.9893,50.0251],[10.988,50.0265],[10.9832,50.0267],[10.9824,50.0233],[10.984,50.0202],[11.0029,50.0159],[11.0086,50.0159],[11.012,50.0178],[11.0121,50.0239],[11.0221,50.029],[11.0236,50.0265],[11.0251,50.0278],[11.0352,50.0247],[11.0416,50.0261],[11.0459,50.0246],[11.0655,50.037],[11.07,50.0347],[11.0834,50.038],[11.085,50.038],[11.0845,50.0353],[11.0908,50.0352],[11.098,50.0387],[11.1036,50.0376],[11.1045,50.0408],[11.1069,50.0407],[11.1105,50.0447],[11.1168,50.0457],[11.1202,50.0444],[11.1245,50.0485],[11.1414,50.0456],[11.1436,50.044],[11.148,50.0449],[11.149,50.0435],[11.1521,50.0443],[11.1528,50.0469],[11.1591,50.0463],[11.1601,50.0485],[11.1569,50.0521],[11.163,50.0547],[11.1807,50.0577],[11.1789,50.0581],[11.1841,50.0579],[11.196,50.0507],[11.1977,50.0489],[11.1944,50.0512],[11.196,50.0488],[11.1893,50.0502],[11.1935,50.0481],[11.1908,50.0438],[11.1773,50.0375],[11.1709,50.0386],[11.1701,50.036],[11.1728,50.0357],[11.1735,50.0337],[11.1596,50.0316],[11.1562,50.0333],[11.1562,50.031],[11.1529,50.0322],[11.1475,50.0253],[11.1467,50.0216],[11.1534,50.0192],[11.1558,50.0168],[11.1646,50.0184],[11.169,50.0161],[11.1788,50.0194],[11.1815,50.0217],[11.1814,50.0242],[11.1965,50.0256],[11.1918,50.0214],[11.1935,50.0195],[11.1818,50.0123],[11.1852,50.0106],[11.1889,50.0139],[11.19,50.0124],[11.1888,50.0097],[11.1927,50.0077],[11.2031,50.0109],[11.2086,50.0157],[11.2169,50.0159],[11.2159,50.0144],[11.2236,50.0101],[11.2185,50.0088],[11.2201,50.0066],[11.22,50.0025],[11.2231,50.0032],[11.2289,50.001],[11.2289,49.9989],[11.2352,49.9985],[11.2352,49.9938],[11.2461,49.9895],[11.2507,49.9905],[11.2545,49.9934],[11.2485,49.9989],[11.2551,50.0008],[11.2572,49.9997],[11.2536,50.0028],[11.2536,50.0069],[11.2508,50.0079],[11.253,50.0107],[11.2522,50.0142],[11.25,50.0157],[11.2608,50.0167],[11.2618,50.0186],[11.2644,50.0177],[11.2653,50.0188],[11.2684,50.0157],[11.2758,50.0137],[11.2767,50.0168],[11.2737,50.0202],[11.2759,50.0204],[11.2762,50.019],[11.2785,50.0204],[11.2791,50.0184],[11.2835,50.0195],[11.2803,50.022],[11.2832,50.0233],[11.2827,50.0254],[11.2755,50.0289],[11.2931,50.0309],[11.2929,50.0321],[11.2948,50.0323],[11.2937,50.0329],[11.2997,50.0341],[11.2975,50.0352],[11.304,50.0393],[11.2985,50.0411],[11.2963,50.0395],[11.2957,50.042],[11.292,50.043],[11.2968,50.043],[11.2936,50.0454],[11.3027,50.0497],[11.3093,50.0587],[11.304,50.0609],[11.3083,50.0623],[11.3095,50.0647],[11.3033,50.0639],[11.3012,50.0698],[11.2969,50.0723],[11.3044,50.0753],[11.297,50.0781],[11.301,50.0806],[11.3006,50.0834],[11.3063,50.0848],[11.3243,50.0835],[11.3185,50.0865],[11.321,50.0896],[11.3091,50.0983],[11.3097,50.1002],[11.2999,50.1018],[11.2986,50.1039],[11.3061,50.106],[11.3075,50.1071],[11.3061,50.1079],[11.307,50.1089],[11.3134,50.1126],[11.3113,50.1144],[11.3111,50.1164],[11.3141,50.1164],[11.3124,50.114],[11.3188,50.1108],[11.3254,50.1124],[11.3235,50.1138],[11.3299,50.1161],[11.3308,50.1188],[11.3336,50.12],[11.3337,50.1223],[11.3392,50.127],[11.3393,50.1318],[11.3507,50.1332],[11.3473,50.1312],[11.353,50.1284],[11.3534,50.1253],[11.3551,50.1259],[11.3566,50.1311],[11.3552,50.1319],[11.3586,50.1371],[11.3522,50.1398],[11.3536,50.1399],[11.3533,50.1418],[11.3553,50.1439],[11.3616,50.1436],[11.3611,50.1462],[11.3635,50.1496],[11.3597,50.1488],[11.3547,50.1506],[11.3531,50.1503],[11.3517,50.1464],[11.343,50.1466],[11.3439,50.1479],[11.34,50.1496],[11.3421,50.1549],[11.34,50.1568],[11.3424,50.1603],[11.3371,50.1591],[11.3234,50.1609],[11.3182,50.1597],[11.3189,50.1623],[11.3167,50.1613],[11.3157,50.1632],[11.3094,50.1626],[11.3029,50.1645],[11.2981,50.1614],[11.2905,50.1616],[11.2908,50.1604],[11.2884,50.16],[11.2882,50.1611],[11.2825,50.1613],[11.2818,50.1602],[11.2805,50.1612],[11.2817,50.1623],[11.2787,50.1624],[11.273,50.1667],[11.2683,50.1667],[11.2628,50.1706],[11.2532,50.1714],[11.2531,50.1729],[11.2558,50.1735],[11.2518,50.1734],[11.2504,50.1752],[11.254,50.1781],[11.2496,50.1843],[11.2421,50.1846],[11.24,50.1872],[11.2325,50.184],[11.2243,50.1847],[11.2262,50.1882],[11.2262,50.1923],[11.2315,50.1938],[11.2304,50.1959],[11.2336,50.2008],[11.2264,50.2043],[11.2193,50.2037],[11.2187,50.2022],[11.2107,50.2026],[11.2102,50.2006],[11.2085,50.2034],[11.207,50.2023],[11.205,50.2042],[11.1994,50.2046],[11.2007,50.2018],[11.1982,50.2022],[11.1978,50.1984],[11.191,50.1963],[11.18,50.1851],[11.1594,50.1891],[11.1584,50.1903],[11.1601,50.1935],[11.1539,50.1961],[11.1529,50.1983],[11.1403,50.1952],[11.1396,50.1927],[11.1342,50.1932],[11.1313,50.1951],[11.124,50.1945],[11.1235,50.196],[11.1165,50.1913],[11.1106,50.1942],[11.1092,50.1934],[11.1071,50.1952],[11.1098,50.198],[11.1088,50.2007],[11.1183,50.2],[11.1183,50.2035],[11.1138,50.2056],[11.1091,50.2046],[11.1027,50.2106],[11.0949,50.2093],[11.0884,50.2043],[11.0803,50.2094],[11.0735,50.2101],[11.0708,50.2089],[11.0669,50.2108],[11.0645,50.2055],[11.0607,50.2086],[11.0473,50.2125],[11.043,50.2159],[11.0394,50.2132],[11.0359,50.2141],[11.0338,50.2152],[11.0343,50.2189],[11.0241,50.2184],[11.0201,50.2196],[11.0163,50.2161],[10.9985,50.2154],[10.9839,50.2114],[10.9853,50.2078],[10.9882,50.2058],[10.9978,50.204],[10.9963,50.2025],[10.9994,50.1998],[11.0069,50.2002],[11.0011,50.1981],[11.004,50.1956],[11.011,50.1938],[11.0106,50.1917],[11.0083,50.1919],[11.0039,50.1883],[11.0012,50.1838],[11.0092,50.1796],[11.0077,50.1775],[10.9932,50.177],[10.9904,50.1746],[10.9861,50.176],[10.9834,50.1733],[10.9769,50.1746],[10.9622,50.1724],[10.9605,50.1745],[10.9528,50.171],[10.9561,50.1665],[10.9565,50.1627],[10.9542,50.1619],[10.9541,50.1594],[10.9507,50.1567],[10.9523,50.1558],[10.9424,50.1542],[10.9386,50.1552],[10.9371,50.1531],[10.9288,50.1508],[10.9204,50.1502],[10.9249,50.1479],[10.9259,50.1446],[10.9177,50.1428],[10.9154,50.1406],[10.922,50.1413],[10.9248,50.1382],[10.9291,50.1397],[10.9295,50.1356],[10.9343,50.1364],[10.9439,50.1283],[10.9475,50.128],[10.9483,50.1267],[10.9455,50.1261],[10.9486,50.1225],[10.9417,50.1187],[10.9372,50.1126],[10.9306,50.1132],[10.9267,50.1169],[10.9164,50.1192],[10.9142,50.119],[10.9112,50.1135],[10.8995,50.1132],[10.8905,50.111],[10.8912,50.1098],[10.8882,50.1091],[10.8836,50.1046],[10.8834,50.1035],[10.8866,50.103],[10.8865,50.1016],[10.8849,50.1014],[10.8857,50.1007],[10.8804,50.0949],[10.8867,50.0922],[10.8915,50.0877],[10.8872,50.0806],[10.8886,50.0743],[10.8858,50.0727],[10.8756,50.0759]]]}},{"type":"Feature","properties":{"name":"Landkreis Neumarkt in der Oberpfalz","osm_relation":62620},"geometry":{"type":"Polygon","coordinates":[[[11.1859,49.3003],[11.1876,49.2974],[11.1979,49.2901],[11.2157,49.2924],[11.2165,49.2885],[11.203,49.2767],[11.2049,49.2743],[11.2152,49.2742],[11.2143,49.2768],[11.2163,49.2783],[11.2159,49.2767],[11.2196,49.277],[11.2274,49.2745],[11.227,49.2786],[11.2316,49.2774],[11.2318,49.2761],[11.2388,49.2761],[11.2411,49.2714],[11.2464,49.2695],[11.2513,49.2721],[11.2599,49.2739],[11.2746,49.2739],[11.2838,49.272],[11.2817,49.2698],[11.2849,49.2704],[11.2888,49.2688],[11.285,49.2673],[11.292,49.267],[11.291,49.2652],[11.2882,49.2647],[11.2758,49.2674],[11.2692,49.2651],[11.264,49.2606],[11.2698,49.2615],[11.2773,49.2596],[11.2762,49.2578],[11.273,49.2575],[11.2776,49.2534],[11.2817,49.2541],[11.2858,49.2608],[11.2883,49.2601],[11.2866,49.2575],[11.2922,49.2569],[11.2878,49.2543],[11.2917,49.2521],[11.2901,49.2504],[11.2964,49.2498],[11.3034,49.2437],[11.299,49.2391],[11.2943,49.2383],[11.2928,49.2359],[11.3051,49.2216],[11.3029,49.221],[11.3077,49.2192],[11.3108,49.2141],[11.3147,49.2145],[11.3192,49.2097],[11.3223,49.2028],[11.3199,49.2029],[11.3181,49.207],[11.3122,49.2097],[11.3119,49.2071],[11.3028,49.2074],[11.2919,49.2105],[11.2628,49.2115],[11.2619,49.2083],[11.2658,49.2082],[11.2664,49.2013],[11.2622,49.2006],[11.2622,49.1966],[11.2716,49.1962],[11.2717,49.1919],[11.2703,49.1921],[11.2693,49.1886],[11.2865,49.1874],[11.2865,49.1828],[11.2902,49.1818],[11.2945,49.1845],[11.2978,49.184],[11.3136,49.1783],[11.3082,49.1631],[11.3111,49.1632],[11.3095,49.1615],[11.3101,49.1584],[11.3126,49.1559],[11.319,49.158],[11.3192,49.156],[11.3255,49.1556],[11.3242,49.1477],[11.3266,49.1448],[11.3261,49.1436],[11.3277,49.1431],[11.3231,49.1387],[11.3247,49.1384],[11.3242,49.1333],[11.3217,49.1331],[11.319,49.1289],[11.3254,49.1249],[11.3226,49.1229],[11.3249,49.1195],[11.3229,49.119],[11.3253,49.1173],[11.3348,49.1162],[11.3452,49.1175],[11.3485,49.1172],[11.3503,49.1153],[11.3525,49.1178],[11.3552,49.117],[11.3537,49.1155],[11.3562,49.1149],[11.3569,49.1128],[11.359,49.1129],[11.3616,49.0992],[11.368,49.0997],[11.3596,49.0974],[11.3524,49.0917],[11.3529,49.09],[11.3605,49.0891],[11.3669,49.0917],[11.3772,49.0889],[11.3789,49.0868],[11.3787,49.0838],[11.3835,49.0831],[11.3813,49.0784],[11.3839,49.0774],[11.3869,49.0807],[11.3914,49.0803],[11.3938,49.0823],[11.3902,49.0864],[11.396,49.0874],[11.3958,49.0861],[11.398,49.0855],[11.3949,49.0829],[11.3975,49.0811],[11.4178,49.0725],[11.4213,49.0723],[11.4275,49.0666],[11.4291,49.0675],[11.4364,49.0652],[11.4513,49.0638],[11.4575,49.064],[11.4568,49.0656],[11.4599,49.0656],[11.4611,49.0619],[11.4647,49.0637],[11.4655,49.0625],[11.4661,49.0658],[11.4883,49.0638],[11.4948,49.0691],[11.4963,49.0728],[11.4999,49.0739],[11.499,49.0755],[11.5041,49.0769],[11.5047,49.0755],[11.5085,49.0758],[11.5122,49.074],[11.5109,49.0722],[11.5199,49.0719],[11.5235,49.0732],[11.5241,49.0719],[11.5274,49.0724],[11.5266,49.0705],[11.5297,49.0709],[11.5302,49.0693],[11.5382,49.0698],[11.5386,49.0663],[11.5433,49.0662],[11.5449,49.0642],[11.5363,49.0612],[11.5407,49.0603],[11.5395,49.0578],[11.5374,49.0584],[11.534,49.0519],[11.5322,49.0513],[11.5338,49.0493],[11.5303,49.0443],[11.5335,49.0435],[11.5335,49.041],[11.5267,49.0419],[11.5223,49.0446],[11.5149,49.0432],[11.5227,49.038],[11.5185,49.0359],[11.5203,49.0347],[11.5167,49.0334],[11.5163,49.0319],[11.5206,49.0313],[11.5221,49.0292],[11.5296,49.0299],[11.5308,49.0284],[11.5406,49.0266],[11.5402,49.0251],[11.5425,49.0244],[11.5416,49.0175],[11.5444,49.016],[11.542,49.0163],[11.5413,49.0147],[11.5429,49.0142],[11.541,49.0094],[11.535,49.011],[11.5371,49.0085],[11.5364,49.0068],[11.5437,49.0059],[11.5458,49.0033],[11.553,49.0049],[11.5518,48.9972],[11.5546,48.9951],[11.5575,48.9953],[11.5531,48.9939],[11.5529,48.9921],[11.5561,48.9924],[11.5628,48.9885],[11.5704,48.9886],[11.5729,48.9906],[11.5762,48.9893],[11.5792,48.9841],[11.5789,48.9744],[11.5823,48.9726],[11.586,48.9652],[11.5916,48.9632],[11.5923,48.9619],[11.5898,48.9598],[11.595,48.9599],[11.5936,48.9573],[11.5948,48.9539],[11.5994,48.9515],[11.5977,48.9549],[11.599,48.9561],[11.5949,48.9574],[11.5989,48.9619],[11.6064,48.9645],[11.607,48.9716],[11.6088,48.9721],[11.6083,48.9742],[11.6106,48.976],[11.6096,48.9773],[11.6115,48.9775],[11.612,48.9802],[11.6183,48.9815],[11.6218,48.984],[11.6136,48.9861],[11.6178,48.9892],[11.6135,48.991],[11.6158,48.9927],[11.6106,48.9945],[11.6175,48.9978],[11.6136,49.0008],[11.6138,49.0086],[11.6171,49.0096],[11.6219,49.0067],[11.6258,49.0067],[11.6279,49.0041],[11.6279,49.0054],[11.6329,49.0066],[11.6346,49.0053],[11.6463,49.0047],[11.6496,49.0095],[11.6582,49.0137],[11.6571,49.0155],[11.6602,49.0158],[11.6592,49.0205],[11.66,49.023],[11.6624,49.0233],[11.6624,49.0268],[11.66,49.0273],[11.6605,49.0295],[11.6637,49.0295],[11.6647,49.0319],[11.6634,49.0325],[11.6656,49.0371],[11.6715,49.0445],[11.6781,49.0452],[11.6747,49.0511],[11.6827,49.0517],[11.6892,49.056],[11.6896,49.0584],[11.6834,49.0637],[11.6749,49.0636],[11.6763,49.0653],[11.6756,49.0677],[11.6792,49.0669],[11.6788,49.0715],[11.6756,49.0706],[11.6743,49.0729],[11.6779,49.0763],[11.6753,49.0774],[11.6765,49.0789],[11.6827,49.0799],[11.6936,49.0765],[11.691,49.0797],[11.6955,49.0825],[11.6947,49.0841],[11.6982,49.0876],[11.6925,49.0898],[11.6986,49.094],[11.7004,49.0948],[11.704,49.0923],[11.7086,49.0923],[11.7141,49.0974],[11.7189,49.0963],[11.7195,49.0978],[11.7367,49.1007],[11.7355,49.1034],[11.7406,49.1008],[11.7406,49.1033],[11.7466,49.1032],[11.7428,49.1061],[11.7443,49.1073],[11.7511,49.1047],[11.7496,49.1119],[11.7476,49.114],[11.7485,49.1168],[11.75,49.117],[11.7464,49.1203],[11.7502,49.1235],[11.7582,49.1235],[11.7594,49.1247],[11.7638,49.1236],[11.7631,49.127],[11.7651,49.1278],[11.7635,49.1277],[11.7613,49.131],[11.7695,49.1318],[11.7805,49.1293],[11.7801,49.1331],[11.7741,49.1361],[11.7772,49.1386],[11.7856,49.1413],[11.7868,49.1517],[11.7894,49.1537],[11.7959,49.1548],[11.7932,49.1599],[11.7943,49.1648],[11.7999,49.1695],[11.8072,49.1715],[11.8092,49.1741],[11.8143,49.1727],[11.8149,49.1691],[11.8171,49.1689],[11.8184,49.1666],[11.8186,49.1633],[11.8245,49.1608],[11.8244,49.1594],[11.821,49.1599],[11.8232,49.1572],[11.8289,49.1605],[11.8445,49.151],[11.8427,49.154],[11.8485,49.1543],[11.8504,49.1579],[11.8528,49.1577],[11.8536,49.1557],[11.8616,49.1555],[11.863,49.1593],[11.8583,49.1607],[11.8616,49.1656],[11.8614,49.1703],[11.8816,49.1701],[11.8855,49.1715],[11.8856,49.1737],[11.8906,49.1755],[11.9066,49.1733],[11.9108,49.1799],[11.9256,49.1887],[11.9363,49.1875],[11.9366,49.1976],[11.9425,49.2038],[11.942,49.2051],[11.9385,49.2056],[11.9422,49.207],[11.9397,49.2169],[11.9359,49.2199],[11.9339,49.2257],[11.9292,49.2295],[11.9313,49.234],[11.9305,49.2363],[11.9265,49.2385],[11.9305,49.2391],[11.9287,49.247],[11.9256,49.2523],[11.9279,49.2572],[11.9239,49.2594],[11.9201,49.2645],[11.9127,49.264],[11.9148,49.2668],[11.914,49.2683],[11.8789,49.2768],[11.8588,49.2853],[11.852,49.2843],[11.8458,49.2862],[11.8328,49.284],[11.8269,49.2879],[11.8281,49.2888],[11.8159,49.289],[11.8138,49.2908],[11.8083,49.2887],[11.7956,49.2951],[11.7909,49.2933],[11.7911,49.2948],[11.7936,49.2954],[11.79,49.296],[11.7902,49.2975],[11.7833,49.302],[11.7806,49.302],[11.7813,49.3029],[11.7769,49.3063],[11.7616,49.3112],[11.7596,49.3104],[11.7607,49.3139],[11.7576,49.3156],[11.7407,49.3177],[11.7367,49.3227],[11.7425,49.3242],[11.7376,49.3262],[11.7225,49.3376],[11.7147,49.3404],[11.7117,49.3367],[11.7072,49.3349],[11.7084,49.3297],[11.707,49.327],[11.7006,49.327],[11.6977,49.3231],[11.6989,49.3209],[11.7042,49.3211],[11.7024,49.3186],[11.7053,49.3165],[11.702,49.3153],[11.7031,49.3144],[11.7016,49.3129],[11.6977,49.3149],[11.6934,49.3136],[11.6922,49.3105],[11.6944,49.3095],[11.6889,49.3076],[11.6871,49.3087],[11.6885,49.3105],[11.6867,49.3122],[11.687,49.3155],[11.6841,49.3159],[11.6843,49.3207],[11.6887,49.3214],[11.6894,49.3239],[11.6848,49.325],[11.6806,49.3198],[11.6779,49.3197],[11.6729,49.3231],[11.6698,49.3199],[11.6619,49.3196],[11.6595,49.3225],[11.6646,49.3247],[11.6615,49.3265],[11.6642,49.3281],[11.6633,49.3297],[11.6597,49.3303],[11.6594,49.3322],[11.6573,49.3323],[11.6578,49.3337],[11.6499,49.3352],[11.6491,49.3372],[11.6481,49.336],[11.6365,49.3364],[11.6292,49.3428],[11.6327,49.3451],[11.6297,49.3468],[11.6331,49.3487],[11.6309,49.3506],[11.6373,49.3516],[11.632,49.3578],[11.6239,49.3608],[11.629,49.3613],[11.6292,49.3629],[11.6323,49.3637],[11.6318,49.3649],[11.6349,49.367],[11.6408,49.3666],[11.6394,49.3693],[11.6377,49.369],[11.638,49.372],[11.6428,49.3725],[11.6404,49.3733],[11.6408,49.3744],[11.6343,49.374],[11.6301,49.3767],[11.6322,49.3785],[11.6316,49.3806],[11.6376,49.3812],[11.6379,49.383],[11.6341,49.3847],[11.633,49.3891],[11.6281,49.3858],[11.6244,49.3873],[11.6217,49.3927],[11.613,49.3969],[11.6044,49.3906],[11.5973,49.3912],[11.5972,49.388],[11.5885,49.3897],[11.5887,49.392],[11.5852,49.394],[11.5855,49.3955],[11.5836,49.3952],[11.5835,49.3977],[11.5733,49.4021],[11.5748,49.4031],[11.5718,49.4049],[11.5746,49.4065],[11.5743,49.4089],[11.5706,49.4109],[11.573,49.4151],[11.5677,49.4156],[11.5627,49.4188],[11.5581,49.4195],[11.5591,49.4163],[11.5568,49.4162],[11.5513,49.4118],[11.5438,49.4093],[11.5429,49.411],[11.5372,49.4091],[11.525,49.4135],[11.5089,49.4147],[11.5077,49.4151],[11.5093,49.4172],[11.5051,49.4187],[11.4917,49.419],[11.4902,49.4221],[11.487,49.4221],[11.4857,49.4252],[11.4825,49.4271],[11.4703,49.4249],[11.4645,49.4219],[11.4616,49.4229],[11.4587,49.4326],[11.4481,49.4273],[11.4501,49.424],[11.4486,49.4217],[11.4517,49.4201],[11.4484,49.4194],[11.4489,49.4181],[11.4447,49.4149],[11.4479,49.4151],[11.4467,49.4135],[11.4497,49.4134],[11.4512,49.414],[11.4511,49.416],[11.4531,49.4163],[11.4539,49.4145],[11.4589,49.4158],[11.461,49.4113],[11.4475,49.4055],[11.4454,49.4068],[11.4439,49.4058],[11.443,49.4014],[11.4381,49.4005],[11.4403,49.3985],[11.4372,49.3971],[11.4381,49.3956],[11.4233,49.3928],[11.4226,49.3917],[11.4278,49.3898],[11.4197,49.3859],[11.4208,49.3759],[11.4121,49.3746],[11.4097,49.3719],[11.4023,49.3744],[11.3945,49.37],[11.4063,49.3669],[11.4064,49.3653],[11.405,49.3636],[11.3992,49.3644],[11.3938,49.3568],[11.3876,49.3567],[11.3848,49.3584],[11.3787,49.3532],[11.3762,49.3542],[11.3787,49.356],[11.3772,49.3588],[11.3711,49.3571],[11.374,49.3533],[11.3783,49.3516],[11.376,49.3493],[11.3772,49.3476],[11.3807,49.3452],[11.3826,49.3456],[11.3854,49.3423],[11.39,49.3419],[11.3897,49.3389],[11.3867,49.3382],[11.3852,49.3335],[11.3798,49.331],[11.383,49.3277],[11.3819,49.3261],[11.3732,49.3247],[11.3708,49.327],[11.3644,49.3262],[11.363,49.3233],[11.3677,49.3214],[11.3594,49.3184],[11.3488,49.3178],[11.3451,49.3196],[11.3449,49.3153],[11.3461,49.3146],[11.3427,49.3111],[11.3399,49.3124],[11.3394,49.3094],[11.3333,49.3083],[11.3341,49.3054],[11.3365,49.3055],[11.3345,49.3047],[11.3351,49.303],[11.3316,49.3021],[11.329,49.3035],[11.33,49.3068],[11.3288,49.3073],[11.3262,49.3025],[11.317,49.3087],[11.304,49.3088],[11.3021,49.3131],[11.2928,49.3172],[11.2897,49.3157],[11.2916,49.3151],[11.2907,49.3132],[11.2833,49.3146],[11.2733,49.313],[11.2779,49.3154],[11.2764,49.3162],[11.2772,49.3183],[11.272,49.3224],[11.2657,49.3221],[11.2666,49.3247],[11.2571,49.3238],[11.2468,49.3252],[11.2409,49.3245],[11.239,49.321],[11.2518,49.3161],[11.2513,49.3089],[11.25,49.3083],[11.2434,49.3066],[11.2334,49.3129],[11.2199,49.3159],[11.213,49.3124],[11.2081,49.3118],[11.2086,49.3091],[11.2024,49.3055],[11.1884,49.3048],[11.189,49.3006],[11.1859,49.3003]]]}},{"type":"Feature","properties":{"name":"Landkreis Neustadt an der Aisch-Bad Windsheim","osm_relation":62514},"geometry":{"type":"Polygon","coordinates":[[[10.0695,49.5925],[10.0727,49.591],[10.0707,49.5882],[10.0731,49.5805],[10.0752,49.5806],[10.0754,49.5775],[10.0726,49.5723],[10.0744,49.5683],[10.0717,49.5673],[10.0747,49.5649],[10.0786,49.565],[10.0765,49.5634],[10.081,49.5602],[10.0807,49.5572],[10.0837,49.5547],[10.0826,49.5506],[10.0831,49.5474],[10.0845,49.5474],[10.0839,49.5422],[10.0874,49.5423],[10.0919,49.5344],[10.0886,49.5337],[10.0897,49.5304],[10.0877,49.5306],[10.088,49.5284],[10.0788,49.5273],[10.0805,49.5244],[10.079,49.5239],[10.0821,49.52],[10.0779,49.5188],[10.0835,49.5145],[10.0797,49.513],[10.0825,49.5112],[10.1057,49.5151],[10.1084,49.5113],[10.1155,49.5123],[10.1164,49.5104],[10.1213,49.511],[10.1207,49.5073],[10.1173,49.5072],[10.1186,49.5043],[10.1034,49.4986],[10.105,49.4957],[10.1011,49.4942],[10.1003,49.4915],[10.1023,49.4897],[10.101,49.4857],[10.1053,49.4836],[10.1048,49.4826],[10.108,49.4828],[10.1114,49.4779],[10.1163,49.4788],[10.1158,49.473],[10.1298,49.4709],[10.1347,49.4724],[10.134,49.4755],[10.1386,49.476],[10.138,49.4789],[10.1397,49.4779],[10.1471,49.48],[10.1516,49.48],[10.1524,49.4786],[10.1604,49.479],[10.1601,49.477],[10.1642,49.478],[10.166,49.474],[10.1729,49.4756],[10.1713,49.4791],[10.1755,49.4804],[10.175,49.4832],[10.1792,49.4869],[10.1781,49.4886],[10.1847,49.49],[10.1852,49.4919],[10.1876,49.4884],[10.1961,49.4898],[10.198,49.4915],[10.2034,49.4905],[10.2055,49.492],[10.2208,49.4908],[10.2225,49.4888],[10.2344,49.4884],[10.2402,49.4848],[10.2394,49.4823],[10.2408,49.4822],[10.2409,49.4784],[10.2437,49.4748],[10.2534,49.4764],[10.2562,49.4717],[10.2581,49.4734],[10.2626,49.4729],[10.2688,49.4678],[10.2669,49.4654],[10.263,49.4655],[10.2595,49.4619],[10.2606,49.4608],[10.2568,49.4604],[10.2582,49.4589],[10.2527,49.4568],[10.2539,49.4527],[10.246,49.4524],[10.2508,49.4475],[10.2533,49.448],[10.2534,49.4447],[10.2567,49.4404],[10.2571,49.44],[10.2589,49.4415],[10.2594,49.4413],[10.2651,49.4337],[10.2734,49.4355],[10.2762,49.4331],[10.2751,49.4315],[10.2767,49.4292],[10.2762,49.4275],[10.2824,49.4251],[10.2797,49.421],[10.2879,49.4145],[10.2957,49.4126],[10.311,49.4186],[10.3163,49.4229],[10.3327,49.4288],[10.3383,49.4332],[10.343,49.4336],[10.3444,49.431],[10.3411,49.4278],[10.3471,49.4226],[10.3494,49.4103],[10.3634,49.4124],[10.3665,49.4149],[10.38,49.4143],[10.3869,49.4123],[10.3911,49.4201],[10.3976,49.4223],[10.4051,49.4225],[10.4036,49.4258],[10.3962,49.4281],[10.4024,49.4327],[10.4303,49.428],[10.4359,49.4283],[10.4423,49.4207],[10.4486,49.4177],[10.4446,49.4148],[10.4469,49.4125],[10.461,49.4163],[10.4598,49.4188],[10.4611,49.4232],[10.4653,49.4242],[10.469,49.4148],[10.468,49.4135],[10.474,49.4153],[10.4757,49.4119],[10.4812,49.4163],[10.4715,49.4235],[10.4806,49.4211],[10.4778,49.4264],[10.4854,49.4298],[10.4828,49.4309],[10.4884,49.4334],[10.4916,49.4314],[10.4952,49.4317],[10.4969,49.4328],[10.4957,49.436],[10.5049,49.4372],[10.5059,49.4352],[10.5106,49.4354],[10.5145,49.4368],[10.5149,49.4392],[10.5091,49.4384],[10.5078,49.4414],[10.5101,49.4452],[10.5071,49.447],[10.5094,49.4467],[10.5081,49.449],[10.515,49.4488],[10.5204,49.4508],[10.5227,49.4475],[10.5292,49.448],[10.5273,49.4459],[10.5301,49.4437],[10.5387,49.4431],[10.5389,49.4414],[10.5367,49.4407],[10.538,49.4381],[10.5467,49.4394],[10.547,49.4365],[10.5497,49.4384],[10.5548,49.4372],[10.5536,49.4412],[10.5572,49.4448],[10.5626,49.4418],[10.5683,49.4425],[10.5709,49.4401],[10.5703,49.4384],[10.5731,49.4382],[10.5877,49.4433],[10.6035,49.4467],[10.605,49.4446],[10.6105,49.4463],[10.6089,49.447],[10.6114,49.4485],[10.6141,49.4463],[10.6127,49.4459],[10.6136,49.4434],[10.6189,49.441],[10.6119,49.44],[10.6131,49.4386],[10.6102,49.4351],[10.6119,49.4318],[10.5961,49.4319],[10.5989,49.4287],[10.5969,49.424],[10.598,49.4222],[10.6055,49.4233],[10.6112,49.4224],[10.6091,49.4239],[10.611,49.4239],[10.6108,49.4257],[10.6133,49.4266],[10.6132,49.4301],[10.6276,49.4264],[10.6316,49.4215],[10.6337,49.4211],[10.6378,49.4252],[10.6382,49.4223],[10.641,49.4218],[10.648,49.4229],[10.6533,49.4256],[10.6718,49.4249],[10.6726,49.4299],[10.6918,49.4327],[10.6973,49.4358],[10.6994,49.4396],[10.6986,49.4432],[10.6955,49.4422],[10.6906,49.4447],[10.69,49.4493],[10.6902,49.4522],[10.6949,49.4549],[10.695,49.4579],[10.6907,49.4599],[10.696,49.4599],[10.6977,49.462],[10.6947,49.4664],[10.6951,49.4686],[10.6968,49.4685],[10.6955,49.4706],[10.7006,49.4719],[10.6975,49.4749],[10.6988,49.4766],[10.6956,49.4763],[10.6892,49.4807],[10.6829,49.4818],[10.6833,49.4887],[10.6865,49.4912],[10.6803,49.4942],[10.6896,49.4977],[10.6914,49.4963],[10.6947,49.4968],[10.6961,49.4992],[10.6989,49.4991],[10.697,49.4965],[10.6982,49.4949],[10.7034,49.4959],[10.7066,49.497],[10.7055,49.4999],[10.7082,49.5001],[10.7087,49.5039],[10.7113,49.5049],[10.7193,49.5043],[10.7214,49.502],[10.7368,49.504],[10.7405,49.5032],[10.7393,49.5077],[10.7416,49.5144],[10.755,49.5134],[10.7559,49.5117],[10.7568,49.5157],[10.7587,49.5157],[10.7557,49.5201],[10.7586,49.52],[10.7572,49.5208],[10.7652,49.5188],[10.7659,49.5164],[10.769,49.5161],[10.7675,49.5153],[10.7692,49.514],[10.768,49.5138],[10.7712,49.511],[10.7895,49.5102],[10.7877,49.5137],[10.7894,49.5172],[10.7874,49.5255],[10.7954,49.5249],[10.7942,49.5263],[10.7972,49.524],[10.7989,49.5256],[10.7982,49.5269],[10.8005,49.5279],[10.7995,49.5292],[10.8034,49.5297],[10.803,49.5314],[10.8099,49.5298],[10.813,49.536],[10.8158,49.5358],[10.8161,49.5379],[10.8103,49.5441],[10.8143,49.5449],[10.8119,49.5496],[10.8216,49.5516],[10.8143,49.5538],[10.8152,49.5577],[10.8109,49.5581],[10.8086,49.5625],[10.8047,49.5615],[10.8029,49.5634],[10.8038,49.5658],[10.7959,49.5671],[10.7959,49.5696],[10.793,49.5721],[10.7957,49.5767],[10.7955,49.5795],[10.7914,49.5794],[10.7908,49.5824],[10.7879,49.5825],[10.785,49.5851],[10.7773,49.5863],[10.772,49.5822],[10.7633,49.5815],[10.7566,49.5834],[10.7583,49.5809],[10.7566,49.5815],[10.7543,49.5915],[10.7558,49.5958],[10.7552,49.6017],[10.7598,49.6012],[10.7646,49.6043],[10.7736,49.6053],[10.7747,49.6067],[10.7633,49.6056],[10.7564,49.6101],[10.7539,49.6094],[10.7548,49.6116],[10.7537,49.613],[10.7602,49.6167],[10.7603,49.6192],[10.7585,49.6208],[10.7612,49.6239],[10.761,49.6273],[10.7746,49.6288],[10.7771,49.6319],[10.7841,49.6342],[10.7832,49.6397],[10.7864,49.6416],[10.781,49.6422],[10.7884,49.6516],[10.7844,49.6561],[10.7653,49.6591],[10.7641,49.6612],[10.7609,49.662],[10.7592,49.6666],[10.7532,49.6692],[10.7438,49.6703],[10.7459,49.6715],[10.7437,49.6727],[10.7453,49.6736],[10.7423,49.6785],[10.7382,49.6789],[10.737,49.6821],[10.7343,49.6816],[10.7297,49.6857],[10.7001,49.6883],[10.6977,49.6916],[10.6879,49.6896],[10.6863,49.6869],[10.6879,49.6854],[10.6736,49.6852],[10.6702,49.6841],[10.6707,49.6829],[10.6662,49.6823],[10.6658,49.68],[10.6619,49.6822],[10.6447,49.679],[10.6247,49.6778],[10.6028,49.6793],[10.6043,49.6835],[10.6144,49.6854],[10.6139,49.6868],[10.6182,49.6892],[10.6076,49.6909],[10.5952,49.6897],[10.5941,49.6963],[10.5951,49.6971],[10.5928,49.6979],[10.5954,49.6979],[10.5919,49.7029],[10.5951,49.7061],[10.5948,49.7092],[10.5981,49.7095],[10.5985,49.7065],[10.602,49.7081],[10.6123,49.707],[10.6109,49.7088],[10.6155,49.7086],[10.6184,49.7112],[10.6178,49.7133],[10.6203,49.7143],[10.6198,49.7173],[10.6236,49.7203],[10.6518,49.7208],[10.6543,49.7211],[10.6537,49.7228],[10.6421,49.7326],[10.6429,49.7353],[10.6418,49.7359],[10.6432,49.737],[10.6389,49.7416],[10.6313,49.7377],[10.6319,49.7393],[10.63,49.7401],[10.6182,49.739],[10.6046,49.7413],[10.6027,49.7435],[10.5888,49.7446],[10.585,49.7488],[10.5794,49.7485],[10.5762,49.7511],[10.5594,49.7526],[10.5469,49.7566],[10.5437,49.7554],[10.5437,49.7538],[10.5399,49.7531],[10.528,49.7532],[10.5266,49.7554],[10.5078,49.7518],[10.4963,49.7532],[10.4922,49.7489],[10.4949,49.7473],[10.4913,49.7428],[10.479,49.7446],[10.4637,49.7405],[10.4466,49.7482],[10.4357,49.7502],[10.4347,49.7466],[10.4271,49.7412],[10.4271,49.738],[10.423,49.7363],[10.4222,49.7313],[10.4163,49.7312],[10.4217,49.7451],[10.4178,49.7402],[10.4115,49.7431],[10.4123,49.7419],[10.4076,49.7385],[10.4071,49.7365],[10.3988,49.735],[10.3929,49.7292],[10.3737,49.7207],[10.3721,49.7183],[10.3742,49.7168],[10.3701,49.7114],[10.3524,49.7055],[10.3538,49.7035],[10.3507,49.7022],[10.3538,49.7009],[10.3528,49.7],[10.3435,49.7003],[10.342,49.7046],[10.3388,49.7042],[10.3362,49.6999],[10.3328,49.6984],[10.3393,49.6978],[10.3409,49.6957],[10.3463,49.6946],[10.355,49.6946],[10.3538,49.6929],[10.3618,49.691],[10.3656,49.6934],[10.3678,49.6904],[10.3762,49.6909],[10.3826,49.694],[10.3808,49.6918],[10.3873,49.6907],[10.3852,49.685],[10.3764,49.6837],[10.3753,49.6856],[10.3777,49.6879],[10.3755,49.6892],[10.3732,49.6885],[10.3735,49.6868],[10.3694,49.6862],[10.3669,49.6832],[10.3676,49.6813],[10.3631,49.6796],[10.3602,49.6807],[10.3577,49.6776],[10.3607,49.6778],[10.368,49.672],[10.369,49.6676],[10.3626,49.6653],[10.368,49.6632],[10.3662,49.6618],[10.3698,49.6576],[10.3792,49.6504],[10.3831,49.6391],[10.3878,49.634],[10.3741,49.6314],[10.365,49.632],[10.3615,49.63],[10.36,49.626],[10.3483,49.6223],[10.3299,49.6238],[10.3256,49.6227],[10.3247,49.6253],[10.3135,49.6252],[10.3097,49.6248],[10.3081,49.6211],[10.3065,49.6212],[10.3013,49.6272],[10.2966,49.6244],[10.293,49.6257],[10.2881,49.621],[10.2828,49.6191],[10.2693,49.6252],[10.2671,49.6241],[10.2493,49.6252],[10.2387,49.6296],[10.2279,49.6298],[10.2216,49.6328],[10.2194,49.6329],[10.2194,49.6314],[10.2123,49.6314],[10.2003,49.6258],[10.1998,49.6204],[10.2019,49.6148],[10.1999,49.6028],[10.1957,49.6032],[10.1958,49.5999],[10.1913,49.6016],[10.1797,49.5981],[10.175,49.5994],[10.1722,49.5877],[10.1578,49.5941],[10.1572,49.5993],[10.1554,49.5991],[10.154,49.6035],[10.1517,49.6035],[10.148,49.6088],[10.1499,49.6093],[10.1485,49.6118],[10.1322,49.6112],[10.1267,49.6147],[10.1243,49.6141],[10.1164,49.6213],[10.1103,49.6215],[10.0996,49.6191],[10.1002,49.6175],[10.0975,49.6171],[10.0993,49.6125],[10.0899,49.611],[10.0908,49.6077],[10.0868,49.608],[10.0864,49.6027],[10.0822,49.6024],[10.083,49.5984],[10.0748,49.5963],[10.076,49.5948],[10.0695,49.5925]]]}},{"type":"Feature","properties":{"name":"Landkreis Neustadt an der Waldnaab","osm_relation":975339},"geometry":{"type":"MultiPolygon","coordinates":[[[[11.6287,49.7639],[11.6324,49.7655],[11.6294,49.7628],[11.6338,49.7614],[11.6315,49.7606],[11.6316,49.7591],[11.6397,49.757],[11.6372,49.7551],[11.6372,49.7528],[11.6473,49.7491],[11.6456,49.7424],[11.6496,49.7426],[11.6488,49.7388],[11.6436,49.739],[11.6434,49.7366],[11.6497,49.737],[11.6507,49.7326],[11.6478,49.7257],[11.6505,49.7243],[11.654,49.7188],[11.6536,49.7153],[11.6511,49.7134],[11.6561,49.7118],[11.6611,49.7167],[11.6651,49.7175],[11.6595,49.7132],[11.6659,49.7099],[11.6663,49.7075],[11.6644,49.7075],[11.6648,49.7036],[11.6697,49.7022],[11.6546,49.7017],[11.6557,49.6989],[11.6545,49.6951],[11.65,49.6933],[11.6516,49.6918],[11.6474,49.6879],[11.6506,49.6875],[11.6487,49.686],[11.649,49.6833],[11.653,49.6806],[11.6565,49.6805],[11.656,49.6794],[11.6617,49.6743],[11.6513,49.6717],[11.6486,49.6637],[11.6518,49.6633],[11.6542,49.6549],[11.6488,49.6488],[11.6418,49.648],[11.6448,49.6395],[11.6399,49.6309],[11.6479,49.6282],[11.6548,49.6287],[11.6555,49.6261],[11.6605,49.6264],[11.6641,49.6242],[11.6681,49.625],[11.6799,49.6233],[11.6822,49.6244],[11.6888,49.6231],[11.6906,49.6234],[11.6927,49.6281],[11.7016,49.629],[11.7101,49.6258],[11.7128,49.6263],[11.7148,49.6233],[11.7369,49.6237],[11.7421,49.6255],[11.7404,49.6301],[11.7426,49.6319],[11.74,49.6328],[11.7405,49.6336],[11.7464,49.6326],[11.7529,49.6347],[11.7592,49.6329],[11.7573,49.6376],[11.762,49.6369],[11.7696,49.6387],[11.7742,49.642],[11.7796,49.6494],[11.7891,49.6524],[11.8012,49.6509],[11.8091,49.6537],[11.8252,49.647],[11.8316,49.6428],[11.8307,49.6405],[11.8408,49.6422],[11.8434,49.6405],[11.8565,49.6381],[11.8607,49.6388],[11.8628,49.6369],[11.8752,49.6345],[11.8806,49.6359],[11.8794,49.6378],[11.8844,49.6377],[11.8899,49.641],[11.9006,49.6389],[11.8949,49.6416],[11.8992,49.6436],[11.9061,49.6418],[11.9128,49.6443],[11.9148,49.6423],[11.9141,49.6384],[11.9179,49.6381],[11.9271,49.6396],[11.9363,49.639],[11.9364,49.6439],[11.9416,49.6443],[11.9538,49.6412],[11.9596,49.6415],[11.9599,49.6403],[11.9745,49.6402],[11.9761,49.6333],[11.9793,49.6294],[11.978,49.6274],[11.9747,49.6274],[11.9816,49.622],[11.9779,49.6182],[11.974,49.6182],[11.9679,49.6144],[11.9719,49.6136],[11.9735,49.6102],[11.9859,49.6104],[11.9933,49.6046],[11.9873,49.5989],[11.9829,49.5973],[11.9881,49.5859],[11.9776,49.5836],[11.98,49.5814],[11.9836,49.5813],[11.9842,49.5778],[11.9901,49.5772],[11.9921,49.5745],[11.9958,49.5742],[11.9984,49.5766],[12.0021,49.5755],[12.0111,49.5775],[12.0297,49.5781],[12.0309,49.5765],[12.0285,49.5754],[12.0311,49.569],[12.0325,49.5696],[12.0324,49.5727],[12.0356,49.5737],[12.0342,49.575],[12.0362,49.574],[12.0445,49.5771],[12.0506,49.5767],[12.0503,49.5785],[12.052,49.5789],[12.071,49.5781],[12.0701,49.5773],[12.0729,49.5741],[12.0671,49.5722],[12.0693,49.5698],[12.0679,49.5681],[12.0682,49.5649],[12.0724,49.5649],[12.0724,49.5628],[12.0749,49.562],[12.0761,49.5647],[12.0832,49.5614],[12.1001,49.5596],[12.0985,49.5633],[12.1026,49.5632],[12.1011,49.5658],[12.1046,49.5675],[12.1096,49.5644],[12.1104,49.5613],[12.1131,49.5596],[12.1222,49.5577],[12.1191,49.5529],[12.1204,49.5523],[12.1155,49.5503],[12.1155,49.5481],[12.1177,49.5482],[12.1307,49.5507],[12.134,49.5497],[12.1252,49.5562],[12.1257,49.5588],[12.128,49.5612],[12.1393,49.5636],[12.1481,49.5682],[12.1518,49.5659],[12.1587,49.5662],[12.1615,49.5637],[12.1614,49.5687],[12.1739,49.5668],[12.1765,49.5682],[12.1758,49.5697],[12.1843,49.5701],[12.1781,49.5716],[12.185,49.5747],[12.1844,49.5815],[12.18,49.5819],[12.1799,49.584],[12.1882,49.5829],[12.1875,49.5872],[12.1912,49.5911],[12.1947,49.5909],[12.194,49.5939],[12.198,49.5935],[12.1993,49.5903],[12.2094,49.5867],[12.2156,49.5885],[12.2188,49.5872],[12.2194,49.5854],[12.2265,49.5891],[12.2279,49.5887],[12.2268,49.5831],[12.2329,49.5843],[12.2327,49.5805],[12.2349,49.5776],[12.2466,49.5748],[12.2425,49.5721],[12.2444,49.5697],[12.24,49.569],[12.2442,49.5669],[12.2408,49.5645],[12.2368,49.5654],[12.2366,49.5631],[12.2401,49.5616],[12.2388,49.5609],[12.2407,49.5588],[12.2454,49.5577],[12.2449,49.551],[12.2555,49.5522],[12.259,49.5502],[12.2608,49.5477],[12.2576,49.5444],[12.2596,49.54],[12.2585,49.5377],[12.2627,49.5393],[12.2651,49.5386],[12.2764,49.5441],[12.2817,49.5417],[12.2829,49.5369],[12.2883,49.538],[12.2904,49.5353],[12.2971,49.5375],[12.3002,49.5369],[12.2975,49.5305],[12.2922,49.5284],[12.2986,49.5265],[12.2912,49.5217],[12.2914,49.5182],[12.294,49.5174],[12.2985,49.5201],[12.2995,49.5188],[12.3028,49.5194],[12.3042,49.5179],[12.3036,49.514],[12.3057,49.513],[12.3104,49.5165],[12.3187,49.5131],[12.3229,49.5139],[12.3237,49.5156],[12.3253,49.5128],[12.326,49.5138],[12.3369,49.5111],[12.3417,49.5055],[12.3457,49.5069],[12.3492,49.5039],[12.3505,49.5059],[12.3531,49.5044],[12.354,49.5059],[12.3526,49.5071],[12.3556,49.5091],[12.3541,49.5106],[12.3511,49.5086],[12.3482,49.5102],[12.3484,49.5171],[12.3568,49.5151],[12.3637,49.5159],[12.3623,49.5176],[12.3633,49.517],[12.3658,49.513],[12.367,49.5182],[12.3737,49.5215],[12.3958,49.5197],[12.3996,49.526],[12.3988,49.5278],[12.4038,49.529],[12.4049,49.5308],[12.4027,49.532],[12.4041,49.5328],[12.406,49.5307],[12.4198,49.5317],[12.4304,49.5289],[12.4315,49.5272],[12.4275,49.5256],[12.429,49.5241],[12.4251,49.5217],[12.4281,49.5206],[12.4355,49.5223],[12.4414,49.5216],[12.445,49.5236],[12.4441,49.5252],[12.4501,49.527],[12.4493,49.5286],[12.4526,49.5315],[12.4506,49.5366],[12.447,49.5383],[12.4603,49.539],[12.4707,49.5416],[12.4728,49.5501],[12.4809,49.5538],[12.4849,49.5465],[12.4901,49.545],[12.4986,49.5454],[12.5031,49.5481],[12.5149,49.5403],[12.5282,49.5349],[12.536,49.5368],[12.541,49.5418],[12.547,49.5427],[12.5498,49.5477],[12.5488,49.5503],[12.5519,49.5509],[12.557,49.5505],[12.5554,49.5469],[12.5564,49.5437],[12.5623,49.5464],[12.5648,49.5522],[12.5694,49.5496],[12.5766,49.5484],[12.5828,49.5415],[12.5858,49.5416],[12.5884,49.5447],[12.5905,49.541],[12.589,49.5394],[12.5939,49.5422],[12.5844,49.5488],[12.5804,49.5557],[12.5741,49.5598],[12.5742,49.5644],[12.5708,49.5694],[12.5738,49.575],[12.5742,49.5811],[12.5767,49.5863],[12.5641,49.5968],[12.5623,49.609],[12.5569,49.6143],[12.5607,49.6196],[12.5458,49.6213],[12.5361,49.6179],[12.5281,49.6181],[12.5269,49.6223],[12.5326,49.6239],[12.5343,49.6261],[12.5232,49.6285],[12.5226,49.6338],[12.5281,49.6377],[12.5286,49.64],[12.5251,49.6421],[12.5183,49.6431],[12.5172,49.6454],[12.5214,49.6492],[12.5208,49.6505],[12.5244,49.6516],[12.5262,49.6543],[12.5231,49.6558],[12.5225,49.6607],[12.53,49.6661],[12.5297,49.6683],[12.5226,49.6768],[12.5218,49.6867],[12.5147,49.6878],[12.5053,49.6852],[12.4914,49.686],[12.4851,49.6879],[12.484,49.694],[12.4573,49.702],[12.453,49.7011],[12.4425,49.7038],[12.4352,49.7124],[12.4329,49.718],[12.4294,49.7201],[12.4257,49.7306],[12.4132,49.7322],[12.4125,49.7359],[12.4058,49.7403],[12.4043,49.7457],[12.4057,49.7482],[12.4006,49.7538],[12.4015,49.7586],[12.394,49.7571],[12.3955,49.7556],[12.3923,49.754],[12.3877,49.7537],[12.3847,49.757],[12.3779,49.7568],[12.3782,49.7585],[12.3849,49.7606],[12.3813,49.7618],[12.3819,49.7658],[12.3793,49.768],[12.3766,49.7673],[12.3726,49.7709],[12.3615,49.7698],[12.3568,49.7655],[12.3512,49.7665],[12.3456,49.7621],[12.3354,49.7584],[12.321,49.7591],[12.3253,49.7634],[12.3246,49.7643],[12.3112,49.7627],[12.31,49.7643],[12.2989,49.7668],[12.2955,49.7711],[12.2897,49.7698],[12.2867,49.7715],[12.2831,49.771],[12.2723,49.7665],[12.2736,49.7638],[12.2651,49.7639],[12.2632,49.7627],[12.2597,49.7655],[12.2608,49.7665],[12.2558,49.7671],[12.2545,49.7704],[12.2507,49.7706],[12.248,49.7675],[12.2365,49.7713],[12.2368,49.7758],[12.2335,49.7783],[12.2352,49.7803],[12.2293,49.7838],[12.2338,49.7871],[12.2296,49.7893],[12.2298,49.7918],[12.2318,49.7929],[12.231,49.7946],[12.2352,49.7963],[12.2363,49.7993],[12.2307,49.8025],[12.2235,49.8009],[12.2122,49.8009],[12.2121,49.8021],[12.2089,49.8009],[12.21,49.8021],[12.209,49.8038],[12.2104,49.8047],[12.2084,49.8052],[12.2082,49.8029],[12.202,49.8026],[12.2012,49.8034],[12.2034,49.8056],[12.2109,49.8072],[12.2114,49.8098],[12.1998,49.812],[12.2007,49.8144],[12.1991,49.8164],[12.1906,49.8171],[12.1842,49.8214],[12.186,49.8228],[12.1909,49.8217],[12.1944,49.8228],[12.1876,49.8293],[12.1936,49.8333],[12.1821,49.8387],[12.1807,49.8406],[12.1822,49.8423],[12.1785,49.8426],[12.1814,49.843],[12.179,49.8432],[12.1792,49.8458],[12.1773,49.8465],[12.1787,49.8514],[12.1741,49.8536],[12.1736,49.8563],[12.1693,49.8558],[12.1703,49.8524],[12.1674,49.8507],[12.1655,49.8447],[12.1589,49.8447],[12.1592,49.8434],[12.1448,49.8396],[12.1399,49.8327],[12.1363,49.8305],[12.137,49.8285],[12.1335,49.823],[12.1345,49.8228],[12.1324,49.8215],[12.1292,49.8207],[12.124,49.8233],[12.1229,49.8227],[12.1237,49.8214],[12.1164,49.8223],[12.1129,49.8196],[12.1089,49.82],[12.1087,49.8229],[12.1031,49.8235],[12.1019,49.822],[12.1041,49.8198],[12.1034,49.8183],[12.0938,49.8137],[12.0924,49.8108],[12.0947,49.8091],[12.0941,49.8036],[12.0997,49.8013],[12.097,49.7985],[12.0985,49.7979],[12.0965,49.796],[12.0927,49.7956],[12.0935,49.7938],[12.092,49.7935],[12.0931,49.7926],[12.0886,49.7908],[12.0868,49.7881],[12.0878,49.7854],[12.0816,49.7873],[12.0816,49.7853],[12.0781,49.7838],[12.0692,49.7877],[12.0703,49.7884],[12.0622,49.7888],[12.054,49.7948],[12.0501,49.7933],[12.0519,49.7898],[12.0467,49.789],[12.0445,49.7848],[12.0382,49.7873],[12.02,49.7895],[12.0179,49.7867],[12.0116,49.785],[12.0053,49.7886],[12.0046,49.7908],[12.0115,49.7953],[12.0242,49.792],[12.0252,49.7933],[12.0168,49.8081],[12.0049,49.8164],[11.9942,49.8176],[11.9927,49.8222],[11.9856,49.8202],[11.9814,49.8161],[11.9793,49.8161],[11.9791,49.814],[11.9729,49.8142],[11.9535,49.8052],[11.9459,49.8058],[11.9351,49.8124],[11.9292,49.8107],[11.9262,49.8075],[11.9204,49.806],[11.9097,49.7997],[11.9064,49.8035],[11.8993,49.8044],[11.9007,49.8069],[11.8974,49.808],[11.8904,49.8035],[11.885,49.8105],[11.8776,49.8155],[11.8729,49.8159],[11.8736,49.8182],[11.8658,49.8228],[11.865,49.8249],[11.8625,49.8263],[11.8587,49.8257],[11.8586,49.8288],[11.8661,49.8327],[11.8626,49.8377],[11.8581,49.8381],[11.8579,49.8417],[11.856,49.8419],[11.8571,49.8435],[11.8553,49.8454],[11.8563,49.8469],[11.8485,49.8513],[11.8449,49.8497],[11.8379,49.8522],[11.8319,49.8503],[11.8311,49.8493],[11.835,49.8482],[11.836,49.8462],[11.8263,49.8446],[11.8274,49.8418],[11.8247,49.8416],[11.8227,49.8425],[11.8242,49.8438],[11.8235,49.845],[11.804,49.849],[11.8027,49.8483],[11.8042,49.8448],[11.8021,49.8448],[11.801,49.8424],[11.7935,49.838],[11.7853,49.8359],[11.7873,49.8376],[11.7804,49.8374],[11.7808,49.8388],[11.7745,49.8388],[11.7712,49.8412],[11.7679,49.8409],[11.7648,49.8373],[11.7656,49.8365],[11.7614,49.8348],[11.7603,49.8352],[11.7634,49.8376],[11.7626,49.8385],[11.7543,49.8374],[11.7474,49.8411],[11.7428,49.8383],[11.7373,49.8402],[11.7336,49.8392],[11.7333,49.8378],[11.7392,49.8349],[11.7332,49.8339],[11.731,49.8317],[11.7263,49.8316],[11.7274,49.8277],[11.7213,49.8275],[11.7213,49.8236],[11.7228,49.8236],[11.7243,49.8199],[11.7235,49.8183],[11.7085,49.8181],[11.705,49.82],[11.7053,49.8211],[11.7004,49.82],[11.7015,49.8165],[11.6993,49.8164],[11.7001,49.8072],[11.6928,49.8043],[11.6984,49.8022],[11.6922,49.8028],[11.6841,49.8065],[11.683,49.8045],[11.6793,49.8054],[11.6732,49.811],[11.6699,49.8076],[11.6619,49.8053],[11.6589,49.8021],[11.654,49.803],[11.6497,49.8062],[11.6467,49.8043],[11.6446,49.8074],[11.6419,49.8057],[11.6416,49.8036],[11.6381,49.8018],[11.6402,49.8007],[11.6388,49.7976],[11.6405,49.7957],[11.6351,49.7916],[11.6341,49.7878],[11.6452,49.7861],[11.6464,49.779],[11.6452,49.7773],[11.6468,49.7765],[11.6331,49.7715],[11.6303,49.7738],[11.6316,49.7694],[11.6287,49.7639]],[[11.9894,49.7005],[11.9905,49.7008],[11.992,49.7007],[11.9908,49.7002],[11.9894,49.7005]],[[12.0644,49.6747],[12.0689,49.6791],[12.0711,49.6757],[12.0739,49.6753],[12.0777,49.6794],[12.0711,49.6801],[12.0751,49.6843],[12.0832,49.6843],[12.0845,49.6904],[12.0879,49.6922],[12.0744,49.6967],[12.0747,49.7002],[12.0804,49.7018],[12.0929,49.7008],[12.1029,49.6975],[12.1036,49.6983],[12.0942,49.7017],[12.0886,49.7016],[12.0947,49.7019],[12.1138,49.695],[12.1155,49.7013],[12.1229,49.7042],[12.1274,49.7104],[12.1334,49.711],[12.1414,49.7081],[12.1468,49.7138],[12.1463,49.7093],[12.1486,49.7079],[12.152,49.7014],[12.154,49.7025],[12.1532,49.7048],[12.1664,49.7071],[12.1726,49.7027],[12.1816,49.7026],[12.1858,49.6994],[12.1833,49.6971],[12.187,49.6974],[12.1876,49.694],[12.1915,49.6945],[12.1902,49.6907],[12.1933,49.6898],[12.1904,49.6864],[12.1917,49.6859],[12.2045,49.6855],[12.2078,49.6872],[12.2079,49.6892],[12.2086,49.6869],[12.2104,49.6875],[12.2129,49.6849],[12.2188,49.6854],[12.2205,49.684],[12.2192,49.6833],[12.2213,49.6821],[12.2241,49.6861],[12.2256,49.6835],[12.2267,49.6842],[12.2285,49.6826],[12.2265,49.6821],[12.2272,49.6798],[12.2243,49.6799],[12.2235,49.6728],[12.2316,49.6701],[12.2282,49.6679],[12.2273,49.6656],[12.2293,49.668],[12.234,49.6692],[12.2444,49.6667],[12.2476,49.6677],[12.2488,49.6641],[12.2535,49.6664],[12.2556,49.67],[12.2577,49.667],[12.2574,49.6642],[12.2611,49.6599],[12.2664,49.6594],[12.2646,49.6586],[12.265,49.6574],[12.2603,49.6566],[12.2639,49.6541],[12.2604,49.6507],[12.2615,49.6493],[12.2543,49.6484],[12.2547,49.6446],[12.2581,49.6399],[12.2552,49.6362],[12.2563,49.6339],[12.253,49.6364],[12.2517,49.6349],[12.247,49.6347],[12.2462,49.6322],[12.2388,49.6318],[12.2336,49.6324],[12.2376,49.6399],[12.2327,49.6432],[12.229,49.6435],[12.2289,49.648],[12.2343,49.6491],[12.2256,49.6498],[12.2252,49.6512],[12.2218,49.6523],[12.2203,49.6606],[12.2162,49.6575],[12.2116,49.6608],[12.2131,49.6622],[12.2092,49.6625],[12.2049,49.6602],[12.2055,49.6555],[12.2031,49.653],[12.1926,49.6543],[12.1935,49.6535],[12.1864,49.6531],[12.1848,49.6538],[12.1839,49.6579],[12.1784,49.6627],[12.1718,49.6627],[12.1726,49.6613],[12.1685,49.6628],[12.1678,49.659],[12.1621,49.6551],[12.1571,49.6486],[12.1584,49.6462],[12.1567,49.6438],[12.1589,49.6432],[12.1588,49.6419],[12.1557,49.6425],[12.1538,49.6402],[12.1497,49.6398],[12.1435,49.6339],[12.1455,49.6315],[12.1479,49.6321],[12.1487,49.6283],[12.1443,49.6241],[12.1384,49.6247],[12.14,49.6161],[12.1389,49.618],[12.135,49.6185],[12.1344,49.6162],[12.1299,49.6144],[12.1266,49.6157],[12.1245,49.621],[12.1156,49.6248],[12.1154,49.629],[12.1186,49.6296],[12.119,49.6354],[12.1149,49.6388],[12.1138,49.6423],[12.0931,49.6423],[12.094,49.6438],[12.092,49.6446],[12.096,49.648],[12.0977,49.6533],[12.0865,49.6574],[12.0832,49.6573],[12.0818,49.6621],[12.0845,49.663],[12.0864,49.6688],[12.071,49.6728],[12.0693,49.6713],[12.0644,49.6747]],[[12.0672,49.6812],[12.0652,49.6821],[12.0672,49.6813],[12.0672,49.6812]]],[[[12.1072,49.6899],[12.1086,49.6887],[12.1089,49.6894],[12.1072,49.6899]]]]}},{"type":"Feature","properties":{"name":"Landkreis Nürnberger Land","osm_relation":62744},"geometry":{"type":"MultiPolygon","coordinates":[[[[11.1285,49.4423],[11.1289,49.4404],[11.1362,49.4385],[11.1326,49.4323],[11.1746,49.4151],[11.1767,49.4146],[11.1814,49.4179],[11.1782,49.4231],[11.1797,49.4287],[11.1934,49.4282],[11.1936,49.4248],[11.2005,49.4234],[11.2006,49.422],[11.2117,49.4224],[11.2135,49.4209],[11.2073,49.4204],[11.208,49.4186],[11.1997,49.4163],[11.1976,49.4141],[11.1817,49.4167],[11.1765,49.414],[11.1857,49.4089],[11.195,49.4064],[11.188,49.4075],[11.1761,49.4137],[11.1752,49.4129],[11.1791,49.4084],[11.1894,49.3899],[11.1694,49.3885],[11.1724,49.3863],[11.1807,49.3855],[11.1571,49.3853],[11.1528,49.3834],[11.1578,49.3837],[11.1567,49.3803],[11.1533,49.3783],[11.1637,49.3769],[11.1922,49.3806],[11.1956,49.3782],[11.1999,49.3783],[11.2005,49.3733],[11.1962,49.3728],[11.1957,49.3705],[11.188,49.3706],[11.1877,49.3691],[11.1921,49.3702],[11.201,49.3696],[11.2027,49.3624],[11.2109,49.3599],[11.2121,49.362],[11.2182,49.3611],[11.2239,49.3588],[11.2211,49.3575],[11.2139,49.359],[11.2135,49.3566],[11.1982,49.3587],[11.1961,49.358],[11.1965,49.3565],[11.2139,49.3513],[11.227,49.3509],[11.2285,49.3458],[11.227,49.3429],[11.2366,49.3426],[11.2389,49.3403],[11.2358,49.3365],[11.2387,49.3359],[11.2378,49.3345],[11.2425,49.3344],[11.2437,49.3322],[11.2467,49.3334],[11.2487,49.3313],[11.2486,49.3289],[11.2501,49.329],[11.2507,49.3271],[11.2472,49.3252],[11.2571,49.3238],[11.2666,49.3247],[11.2657,49.3221],[11.272,49.3224],[11.2772,49.3183],[11.2764,49.3162],[11.2779,49.3154],[11.2733,49.313],[11.2833,49.3146],[11.2907,49.3132],[11.2916,49.3151],[11.2897,49.3157],[11.2928,49.3172],[11.3021,49.3131],[11.304,49.3088],[11.317,49.3087],[11.3262,49.3025],[11.3288,49.3073],[11.33,49.3068],[11.329,49.3035],[11.3316,49.3021],[11.3351,49.303],[11.3345,49.3047],[11.3364,49.3052],[11.3341,49.3054],[11.3333,49.3083],[11.3394,49.3094],[11.3399,49.3124],[11.3427,49.3111],[11.3461,49.3146],[11.3449,49.3153],[11.3451,49.3196],[11.3488,49.3178],[11.3594,49.3184],[11.3677,49.3214],[11.363,49.3233],[11.3644,49.3262],[11.3708,49.327],[11.3732,49.3247],[11.3819,49.3261],[11.383,49.3277],[11.3798,49.331],[11.3852,49.3335],[11.3867,49.3382],[11.3897,49.3389],[11.39,49.3419],[11.3854,49.3423],[11.3826,49.3456],[11.3807,49.3452],[11.3772,49.3476],[11.376,49.3493],[11.3783,49.3516],[11.374,49.3533],[11.3711,49.3571],[11.3772,49.3588],[11.3787,49.356],[11.3762,49.3542],[11.3787,49.3532],[11.3848,49.3584],[11.3876,49.3567],[11.3938,49.3568],[11.3992,49.3644],[11.405,49.3636],[11.4064,49.3653],[11.4063,49.3669],[11.3945,49.37],[11.4023,49.3744],[11.4097,49.3719],[11.4121,49.3746],[11.4208,49.3759],[11.4197,49.3859],[11.4278,49.3898],[11.4226,49.3917],[11.4233,49.3928],[11.4381,49.3956],[11.4372,49.3971],[11.4403,49.3985],[11.4381,49.4005],[11.443,49.4014],[11.4439,49.4058],[11.4454,49.4068],[11.4475,49.4055],[11.461,49.4113],[11.4589,49.4158],[11.4539,49.4145],[11.4531,49.4163],[11.4511,49.416],[11.4512,49.414],[11.4497,49.4134],[11.4467,49.4135],[11.4479,49.4151],[11.4447,49.4149],[11.4489,49.4181],[11.4484,49.4194],[11.4517,49.4201],[11.4486,49.4217],[11.4501,49.424],[11.4481,49.4273],[11.4489,49.4283],[11.4587,49.4326],[11.4616,49.4229],[11.4645,49.4219],[11.4703,49.4249],[11.4825,49.4271],[11.4857,49.4252],[11.487,49.4221],[11.4902,49.4221],[11.4917,49.419],[11.5051,49.4187],[11.5093,49.4172],[11.5077,49.4151],[11.5089,49.4147],[11.525,49.4135],[11.5372,49.4091],[11.5429,49.411],[11.5435,49.4092],[11.5449,49.4095],[11.5532,49.4125],[11.5546,49.4149],[11.5591,49.4163],[11.5555,49.4288],[11.5573,49.4331],[11.5676,49.4419],[11.5669,49.4441],[11.5683,49.4457],[11.57,49.4452],[11.5803,49.4528],[11.5809,49.4563],[11.5901,49.4639],[11.5899,49.4653],[11.592,49.4657],[11.5962,49.4738],[11.589,49.4769],[11.5896,49.4811],[11.5923,49.4845],[11.588,49.4846],[11.5883,49.4863],[11.5858,49.4851],[11.5842,49.4869],[11.5837,49.4858],[11.5803,49.4869],[11.5788,49.4851],[11.5786,49.4891],[11.5739,49.489],[11.5752,49.4902],[11.5708,49.4906],[11.5664,49.4943],[11.5638,49.4984],[11.5639,49.5001],[11.5671,49.501],[11.5673,49.5041],[11.5375,49.5055],[11.5337,49.5074],[11.5349,49.5102],[11.5323,49.511],[11.5345,49.5138],[11.5452,49.5168],[11.5437,49.5176],[11.5471,49.5187],[11.5484,49.5211],[11.5445,49.5225],[11.5448,49.5249],[11.5429,49.5268],[11.5464,49.5275],[11.5463,49.5293],[11.5444,49.5293],[11.5455,49.5303],[11.5435,49.5306],[11.5465,49.531],[11.5456,49.5321],[11.5468,49.5334],[11.5407,49.5364],[11.5433,49.5391],[11.5464,49.5378],[11.5511,49.5388],[11.5499,49.5405],[11.5512,49.5422],[11.5492,49.5445],[11.5363,49.5448],[11.5368,49.5425],[11.5314,49.5446],[11.5345,49.545],[11.5339,49.5467],[11.5214,49.5465],[11.5195,49.5493],[11.515,49.5485],[11.5135,49.5493],[11.5177,49.5515],[11.5138,49.5505],[11.5109,49.5533],[11.5136,49.5548],[11.5164,49.5543],[11.5132,49.5572],[11.5271,49.5598],[11.5257,49.5618],[11.5273,49.5628],[11.5251,49.5634],[11.5307,49.565],[11.531,49.5633],[11.5379,49.5629],[11.5377,49.5617],[11.5423,49.5598],[11.5448,49.5602],[11.5543,49.5645],[11.5533,49.5686],[11.5498,49.5704],[11.5516,49.5738],[11.5558,49.5731],[11.5579,49.5757],[11.5635,49.5757],[11.5706,49.5791],[11.5761,49.5791],[11.5743,49.5813],[11.572,49.5799],[11.5647,49.585],[11.5644,49.5894],[11.5706,49.5924],[11.5677,49.5943],[11.5686,49.5974],[11.5627,49.5966],[11.5637,49.5951],[11.5595,49.5937],[11.5567,49.5956],[11.5603,49.596],[11.56,49.5983],[11.5563,49.5983],[11.5579,49.6004],[11.5529,49.6007],[11.5502,49.6039],[11.5516,49.6058],[11.5561,49.6067],[11.559,49.6051],[11.5594,49.6074],[11.5624,49.6069],[11.5614,49.609],[11.5628,49.6095],[11.5605,49.6125],[11.5782,49.6143],[11.577,49.6161],[11.5804,49.6151],[11.5806,49.6186],[11.5912,49.6115],[11.6016,49.6232],[11.5978,49.6233],[11.6011,49.6261],[11.5994,49.6262],[11.596,49.6336],[11.5939,49.6341],[11.5939,49.6362],[11.5953,49.6363],[11.5893,49.6414],[11.5851,49.6431],[11.5823,49.6423],[11.5827,49.6406],[11.5708,49.6399],[11.5705,49.6429],[11.5748,49.6465],[11.5712,49.6499],[11.5681,49.6501],[11.5692,49.6515],[11.5634,49.6557],[11.563,49.6601],[11.5649,49.6616],[11.5702,49.6612],[11.5757,49.6643],[11.5735,49.6657],[11.5738,49.6691],[11.5602,49.6786],[11.5601,49.6813],[11.5645,49.6845],[11.5653,49.686],[11.5619,49.689],[11.544,49.6925],[11.5437,49.6939],[11.5439,49.6947],[11.5558,49.6957],[11.5567,49.697],[11.5631,49.6961],[11.5576,49.7025],[11.5584,49.7063],[11.5621,49.7065],[11.5612,49.709],[11.5593,49.7096],[11.5609,49.71],[11.5587,49.7122],[11.5592,49.7159],[11.5579,49.7104],[11.5606,49.7067],[11.559,49.7069],[11.5556,49.7056],[11.555,49.7043],[11.561,49.6975],[11.5461,49.6962],[11.5407,49.6933],[11.547,49.6896],[11.5573,49.6894],[11.5642,49.6857],[11.5586,49.6817],[11.5585,49.6797],[11.5557,49.6774],[11.5583,49.676],[11.5564,49.6725],[11.5609,49.6712],[11.5647,49.6645],[11.5574,49.6599],[11.5605,49.6569],[11.5575,49.6552],[11.5598,49.6541],[11.5607,49.6509],[11.5585,49.6489],[11.5598,49.6471],[11.5564,49.6468],[11.5571,49.6423],[11.553,49.6434],[11.5505,49.6424],[11.5504,49.6406],[11.5467,49.6404],[11.5429,49.6439],[11.5446,49.6416],[11.5379,49.643],[11.539,49.6459],[11.5357,49.6443],[11.5379,49.6446],[11.5373,49.6431],[11.5349,49.6445],[11.5297,49.6442],[11.5249,49.6467],[11.5208,49.6465],[11.5214,49.6483],[11.5191,49.6476],[11.5139,49.6498],[11.507,49.6479],[11.5075,49.6467],[11.5,49.6485],[11.4933,49.6466],[11.4887,49.6397],[11.4862,49.6403],[11.4869,49.6417],[11.4822,49.6415],[11.481,49.6445],[11.4728,49.6446],[11.4721,49.6434],[11.4747,49.6405],[11.4684,49.6398],[11.4708,49.6372],[11.4605,49.6355],[11.4612,49.6333],[11.4578,49.6331],[11.4565,49.6299],[11.4599,49.6296],[11.4572,49.6294],[11.4587,49.6282],[11.4562,49.627],[11.4455,49.6264],[11.4314,49.6289],[11.4303,49.6268],[11.429,49.628],[11.4285,49.6268],[11.4308,49.6251],[11.4331,49.6258],[11.4294,49.6227],[11.4316,49.6187],[11.4289,49.6166],[11.429,49.6148],[11.4265,49.6139],[11.4253,49.6158],[11.4213,49.6162],[11.4152,49.6218],[11.4133,49.6216],[11.4151,49.622],[11.4143,49.626],[11.4044,49.6227],[11.3968,49.6259],[11.3962,49.6274],[11.399,49.6288],[11.3999,49.6312],[11.3977,49.6313],[11.3974,49.6337],[11.3911,49.6327],[11.394,49.6402],[11.3912,49.6418],[11.3945,49.6425],[11.3897,49.6462],[11.3919,49.6471],[11.3885,49.6483],[11.3895,49.65],[11.3871,49.6507],[11.3876,49.6541],[11.3818,49.6548],[11.3784,49.6593],[11.371,49.6588],[11.3724,49.6625],[11.3771,49.6665],[11.3767,49.669],[11.3736,49.6694],[11.3649,49.6652],[11.3613,49.6666],[11.3528,49.6647],[11.3516,49.6627],[11.3447,49.6609],[11.3413,49.6572],[11.3427,49.6556],[11.3407,49.6531],[11.3419,49.6522],[11.3332,49.6471],[11.3326,49.645],[11.3365,49.6442],[11.3367,49.6433],[11.3327,49.6427],[11.3322,49.6371],[11.3228,49.6377],[11.3206,49.6368],[11.3259,49.6355],[11.3197,49.6355],[11.3199,49.6323],[11.316,49.6322],[11.3143,49.6341],[11.3041,49.6318],[11.3021,49.6293],[11.2981,49.6302],[11.3002,49.6295],[11.2961,49.6266],[11.2965,49.6238],[11.2953,49.6227],[11.2998,49.6231],[11.3003,49.6209],[11.297,49.6208],[11.2967,49.6176],[11.2924,49.6161],[11.2872,49.6186],[11.2865,49.6071],[11.2807,49.6043],[11.2811,49.6025],[11.2789,49.6013],[11.2837,49.5996],[11.2839,49.5961],[11.2863,49.5961],[11.2843,49.5947],[11.2886,49.5928],[11.2818,49.5892],[11.2739,49.5879],[11.2708,49.5835],[11.2686,49.5832],[11.2684,49.5817],[11.2717,49.5817],[11.2737,49.579],[11.2762,49.5793],[11.2735,49.581],[11.2797,49.5821],[11.2831,49.5806],[11.2811,49.5768],[11.2773,49.578],[11.2726,49.5772],[11.2726,49.5784],[11.269,49.5767],[11.2671,49.578],[11.2656,49.576],[11.2688,49.5731],[11.2657,49.5717],[11.2693,49.5694],[11.2693,49.5679],[11.2639,49.5707],[11.259,49.5705],[11.2596,49.5752],[11.249,49.5713],[11.238,49.5733],[11.2372,49.57],[11.2344,49.5693],[11.2349,49.5674],[11.2242,49.5668],[11.216,49.5685],[11.2115,49.5677],[11.2119,49.5656],[11.2075,49.567],[11.2026,49.5656],[11.2038,49.5641],[11.1959,49.5599],[11.1896,49.5607],[11.1923,49.5537],[11.197,49.5498],[11.196,49.5482],[11.1975,49.5436],[11.1946,49.5398],[11.1912,49.5388],[11.1911,49.5351],[11.1892,49.5362],[11.1896,49.5382],[11.1887,49.5375],[11.1885,49.5356],[11.1925,49.531],[11.1902,49.5271],[11.1872,49.5262],[11.1853,49.5226],[11.1859,49.5203],[11.1803,49.5146],[11.1825,49.5123],[11.1794,49.5112],[11.1792,49.509],[11.1843,49.5025],[11.1777,49.4939],[11.1734,49.4921],[11.1697,49.4926],[11.1683,49.491],[11.1712,49.4857],[11.1707,49.4811],[11.1733,49.4775],[11.1815,49.4782],[11.1819,49.4764],[11.1795,49.4745],[11.1835,49.4695],[11.1885,49.4675],[11.1733,49.4643],[11.1722,49.4618],[11.1634,49.461],[11.1612,49.4591],[11.1516,49.4578],[11.1483,49.4589],[11.1424,49.4562],[11.1439,49.4538],[11.1367,49.4529],[11.139,49.4508],[11.1529,49.4533],[11.153,49.4488],[11.1552,49.4466],[11.1534,49.445],[11.1475,49.4436],[11.1372,49.4468],[11.1371,49.4453],[11.1339,49.445],[11.1337,49.4428],[11.1285,49.4423]],[[11.2482,49.4264],[11.2574,49.4297],[11.2559,49.4323],[11.2529,49.4324],[11.2523,49.4347],[11.2487,49.4358],[11.2511,49.4388],[11.2487,49.4408],[11.2555,49.4404],[11.2563,49.4391],[11.2663,49.4406],[11.2681,49.44],[11.2688,49.4345],[11.2826,49.4166],[11.2623,49.4164],[11.2644,49.4101],[11.2592,49.4094],[11.2584,49.4152],[11.2557,49.4168],[11.2617,49.4173],[11.2602,49.4253],[11.2549,49.4238],[11.2482,49.4264]]],[[[11.1767,49.3967],[11.1769,49.3922],[11.1865,49.3934],[11.1845,49.3971],[11.1819,49.3958],[11.1795,49.3973],[11.1767,49.3967]]]]}},{"type":"Feature","properties":{"name":"Landkreis Roth","osm_relation":62431},"geometry":{"type":"Polygon","coordinates":[[[10.837,49.1959],[10.8416,49.1955],[10.8418,49.1941],[10.8452,49.1928],[10.8416,49.1902],[10.8423,49.1881],[10.8556,49.1886],[10.8595,49.1876],[10.8585,49.1859],[10.8653,49.1889],[10.8685,49.1876],[10.8758,49.1885],[10.8727,49.1875],[10.8726,49.1841],[10.8657,49.1769],[10.8615,49.1751],[10.8596,49.1723],[10.8602,49.1705],[10.8551,49.1698],[10.8559,49.1653],[10.8544,49.1611],[10.8623,49.1612],[10.865,49.1579],[10.8681,49.1574],[10.8697,49.1593],[10.8722,49.1592],[10.8734,49.1574],[10.8719,49.1554],[10.8758,49.1551],[10.8757,49.1537],[10.8956,49.1513],[10.9057,49.1432],[10.9062,49.1374],[10.9101,49.1397],[10.9116,49.1376],[10.9171,49.1375],[10.9222,49.1338],[10.924,49.1359],[10.928,49.1327],[10.9378,49.1313],[10.9409,49.1372],[10.9405,49.1396],[10.943,49.1411],[10.938,49.145],[10.9388,49.1485],[10.9578,49.1498],[10.9657,49.1518],[10.9682,49.1495],[10.9777,49.1536],[10.9811,49.153],[10.9858,49.1575],[10.9945,49.1562],[10.9979,49.1539],[10.9961,49.1532],[10.997,49.1518],[10.995,49.1517],[10.9978,49.1497],[10.997,49.1473],[10.9932,49.146],[10.9953,49.1445],[10.9997,49.1456],[11.0007,49.1436],[11.0045,49.1433],[11.0127,49.1451],[11.0148,49.1429],[11.0191,49.1431],[11.018,49.1385],[11.0231,49.1399],[11.025,49.1371],[11.0239,49.1363],[11.0359,49.1357],[11.0381,49.1336],[11.0363,49.1317],[11.0386,49.1299],[11.0492,49.1275],[11.0483,49.1262],[11.051,49.1249],[11.0572,49.1245],[11.06,49.1263],[11.0538,49.1274],[11.0577,49.1296],[11.0598,49.1275],[11.0675,49.1295],[11.0708,49.1228],[11.0725,49.1229],[11.0709,49.1216],[11.0803,49.1222],[11.0802,49.12],[11.0833,49.1176],[11.0783,49.1123],[11.0817,49.1106],[11.0791,49.1074],[11.0816,49.1082],[11.0815,49.1062],[11.0852,49.1064],[11.0857,49.1049],[11.0896,49.1058],[11.0895,49.1044],[11.0956,49.1016],[11.093,49.0995],[11.1002,49.0966],[11.1084,49.0961],[11.1142,49.0892],[11.1185,49.0895],[11.1195,49.088],[11.1225,49.0878],[11.1227,49.0859],[11.1343,49.0868],[11.1365,49.0839],[11.1413,49.0858],[11.1415,49.0835],[11.1527,49.0805],[11.1581,49.0825],[11.1603,49.0869],[11.1667,49.0843],[11.1651,49.0832],[11.1718,49.077],[11.1686,49.0727],[11.1733,49.0664],[11.1776,49.0673],[11.1759,49.0648],[11.1809,49.0616],[11.1796,49.0604],[11.1818,49.0594],[11.1811,49.058],[11.1874,49.0562],[11.1924,49.0529],[11.1928,49.0508],[11.2013,49.0466],[11.2054,49.0477],[11.2095,49.0459],[11.2103,49.0479],[11.2159,49.0484],[11.2166,49.0509],[11.2248,49.0481],[11.2255,49.0517],[11.2473,49.0472],[11.2515,49.0489],[11.253,49.0528],[11.2554,49.0528],[11.2516,49.0462],[11.2489,49.0458],[11.2512,49.0434],[11.2516,49.0451],[11.2534,49.0453],[11.2541,49.0417],[11.2518,49.0393],[11.2558,49.0377],[11.2552,49.0344],[11.2594,49.0339],[11.2645,49.0283],[11.2696,49.0279],[11.2656,49.0273],[11.2669,49.0173],[11.2637,49.0178],[11.2634,49.0143],[11.2673,49.0136],[11.2659,49.0124],[11.2668,49.011],[11.2703,49.0115],[11.2699,49.0099],[11.2715,49.0094],[11.275,49.0101],[11.2767,49.0067],[11.283,49.0074],[11.2862,49.0043],[11.297,49.0061],[11.2943,49.0075],[11.2979,49.0114],[11.2947,49.0114],[11.2934,49.0154],[11.2936,49.0165],[11.2973,49.0164],[11.2998,49.0096],[11.3017,49.0098],[11.302,49.0078],[11.305,49.0075],[11.3049,49.0056],[11.307,49.0054],[11.3058,49.0038],[11.3119,49.0019],[11.319,49.0021],[11.3269,48.998],[11.3328,48.9995],[11.3322,49.0005],[11.3339,49.001],[11.3328,49.0033],[11.3353,49.0077],[11.342,49.0067],[11.3434,49.0085],[11.3426,49.0139],[11.3461,49.0141],[11.3476,49.0166],[11.3513,49.0165],[11.346,49.0197],[11.3507,49.0211],[11.3555,49.0167],[11.3626,49.0165],[11.3658,49.014],[11.3721,49.017],[11.3814,49.0171],[11.3791,49.0217],[11.3824,49.0247],[11.3849,49.0233],[11.3865,49.031],[11.4006,49.0301],[11.4069,49.0323],[11.4056,49.0337],[11.4131,49.036],[11.4126,49.0346],[11.4144,49.035],[11.414,49.0371],[11.4072,49.0379],[11.405,49.0501],[11.4013,49.0499],[11.4007,49.0536],[11.4077,49.0538],[11.4091,49.0508],[11.4266,49.0517],[11.4256,49.0555],[11.421,49.0577],[11.4178,49.0617],[11.4118,49.0631],[11.4142,49.0617],[11.4127,49.0592],[11.4081,49.0601],[11.4081,49.0587],[11.4039,49.0586],[11.4037,49.0616],[11.3997,49.0616],[11.3987,49.0652],[11.3974,49.0649],[11.4003,49.0665],[11.3964,49.0669],[11.3968,49.0719],[11.3867,49.0748],[11.3889,49.0785],[11.3839,49.0774],[11.3813,49.0784],[11.3835,49.0831],[11.3787,49.0838],[11.3789,49.0868],[11.3772,49.0889],[11.3669,49.0917],[11.3605,49.0891],[11.3529,49.09],[11.3524,49.0917],[11.3596,49.0974],[11.3681,49.0994],[11.3616,49.0992],[11.359,49.1129],[11.3569,49.1128],[11.3562,49.1149],[11.3537,49.1155],[11.3552,49.117],[11.3525,49.1178],[11.3503,49.1153],[11.3485,49.1172],[11.3452,49.1175],[11.3348,49.1162],[11.3253,49.1173],[11.3229,49.119],[11.3249,49.1195],[11.3226,49.1229],[11.3254,49.1249],[11.319,49.1289],[11.3217,49.1331],[11.3242,49.1333],[11.3247,49.1384],[11.3231,49.1387],[11.3277,49.1431],[11.3261,49.1436],[11.3266,49.1448],[11.3242,49.1477],[11.3255,49.1556],[11.3192,49.156],[11.319,49.158],[11.3126,49.1559],[11.3101,49.1584],[11.3095,49.1615],[11.3111,49.1632],[11.3082,49.1631],[11.3136,49.1783],[11.2978,49.184],[11.2945,49.1845],[11.2902,49.1818],[11.2865,49.1828],[11.2865,49.1874],[11.2693,49.1886],[11.2703,49.1921],[11.2717,49.1919],[11.2716,49.1962],[11.2622,49.1966],[11.2622,49.2006],[11.2664,49.2013],[11.2658,49.2082],[11.2619,49.2083],[11.2628,49.2115],[11.2919,49.2105],[11.3028,49.2074],[11.3119,49.2071],[11.3122,49.2097],[11.3181,49.207],[11.3199,49.2029],[11.3223,49.203],[11.3192,49.2097],[11.3147,49.2145],[11.3108,49.2141],[11.3077,49.2192],[11.3029,49.221],[11.3051,49.2216],[11.2928,49.2359],[11.2943,49.2383],[11.299,49.2391],[11.3034,49.2437],[11.2964,49.2498],[11.2901,49.2504],[11.2917,49.2521],[11.2878,49.2543],[11.2922,49.2569],[11.2866,49.2575],[11.2883,49.2601],[11.2858,49.2608],[11.2817,49.2541],[11.2776,49.2534],[11.273,49.2575],[11.2762,49.2578],[11.2773,49.2596],[11.2698,49.2615],[11.264,49.2606],[11.2692,49.2651],[11.2758,49.2674],[11.2882,49.2647],[11.291,49.2652],[11.2917,49.2673],[11.285,49.2673],[11.2888,49.2688],[11.2849,49.2704],[11.2817,49.2698],[11.2838,49.272],[11.2746,49.2739],[11.2599,49.2739],[11.2513,49.2721],[11.2464,49.2695],[11.2411,49.2714],[11.2388,49.2761],[11.2318,49.2761],[11.2316,49.2774],[11.227,49.2786],[11.2274,49.2745],[11.2196,49.277],[11.2159,49.2767],[11.2163,49.2783],[11.2143,49.2768],[11.2152,49.2742],[11.2049,49.2743],[11.203,49.2767],[11.2165,49.2885],[11.2157,49.2924],[11.1979,49.2901],[11.1872,49.2978],[11.1859,49.3003],[11.189,49.3006],[11.1884,49.3048],[11.2024,49.3055],[11.2086,49.3091],[11.2081,49.3118],[11.213,49.3124],[11.2199,49.3159],[11.2334,49.3129],[11.2434,49.3066],[11.2485,49.3077],[11.2513,49.3089],[11.2518,49.3161],[11.239,49.321],[11.2409,49.3245],[11.2469,49.3247],[11.2471,49.3262],[11.2507,49.3271],[11.2503,49.3286],[11.2486,49.3289],[11.2487,49.3311],[11.2467,49.3334],[11.2437,49.3322],[11.2425,49.3344],[11.2378,49.3345],[11.2387,49.3359],[11.2358,49.3365],[11.2389,49.3401],[11.2372,49.3423],[11.227,49.3429],[11.2285,49.3458],[11.227,49.3509],[11.2139,49.3513],[11.1965,49.3565],[11.1961,49.358],[11.1982,49.3587],[11.2135,49.3566],[11.2139,49.359],[11.2211,49.3575],[11.2239,49.3588],[11.2182,49.3611],[11.2121,49.362],[11.2109,49.3599],[11.2027,49.3624],[11.201,49.3696],[11.1921,49.3702],[11.1877,49.3691],[11.188,49.3706],[11.1957,49.3705],[11.1962,49.3728],[11.2005,49.3733],[11.1999,49.3783],[11.1956,49.3782],[11.1922,49.3806],[11.1637,49.3769],[11.153,49.3785],[11.1567,49.3803],[11.1578,49.3837],[11.1528,49.3834],[11.1571,49.3853],[11.1807,49.3855],[11.1724,49.3863],[11.1657,49.3904],[11.1457,49.3872],[11.1332,49.3918],[11.1295,49.3916],[11.1286,49.3898],[11.1161,49.3906],[11.1108,49.3925],[11.1121,49.3912],[11.1107,49.3906],[11.1104,49.3867],[11.1005,49.377],[11.1066,49.3779],[11.1103,49.3762],[11.1125,49.3732],[11.1196,49.3712],[11.1228,49.3686],[11.1162,49.3684],[11.111,49.3722],[11.1071,49.3724],[11.1065,49.3705],[11.1016,49.3725],[11.1,49.3721],[11.1078,49.3671],[11.1086,49.3689],[11.1107,49.3662],[11.1095,49.3649],[11.1113,49.3638],[11.115,49.3643],[11.1142,49.3627],[11.1215,49.3621],[11.1222,49.3596],[11.1203,49.3582],[11.1221,49.3582],[11.1222,49.3574],[11.1121,49.3566],[11.1086,49.3535],[11.1096,49.3519],[11.1067,49.3529],[11.1023,49.3497],[11.0969,49.3491],[11.0957,49.3507],[11.0936,49.3485],[11.0919,49.35],[11.091,49.3482],[11.0881,49.3479],[11.0884,49.3455],[11.0905,49.3459],[11.0918,49.3441],[11.0912,49.3424],[11.0798,49.3394],[11.0818,49.3352],[11.078,49.3355],[11.0788,49.3332],[11.0828,49.3327],[11.0873,49.3141],[11.0786,49.3133],[11.0792,49.3159],[11.0772,49.3165],[11.0792,49.318],[11.0776,49.3189],[11.0714,49.3181],[11.0715,49.3167],[11.0612,49.3187],[11.0625,49.3157],[11.0575,49.3142],[11.055,49.3167],[11.0517,49.316],[11.0523,49.3146],[11.0473,49.3141],[11.0473,49.3124],[11.0451,49.3117],[11.0438,49.3093],[11.0451,49.3072],[11.0413,49.3065],[11.0418,49.2996],[11.0337,49.2996],[11.0408,49.2985],[11.0399,49.2969],[11.0245,49.2934],[11.0149,49.2938],[11.0101,49.2965],[11.0096,49.298],[11.0115,49.3002],[11.0105,49.3013],[11.0149,49.3028],[11.0152,49.3052],[11.0094,49.304],[11.008,49.306],[11.0023,49.3068],[11.0032,49.3112],[11.0053,49.3122],[10.9989,49.3123],[10.9997,49.314],[10.997,49.3139],[10.9974,49.3163],[10.9949,49.3166],[10.9951,49.3211],[10.9816,49.3186],[10.9792,49.3244],[10.9763,49.3243],[10.9793,49.3252],[10.9785,49.3263],[10.9861,49.3316],[10.9929,49.3327],[10.9926,49.3383],[10.9824,49.3428],[10.9827,49.3447],[10.9774,49.3461],[10.9793,49.3495],[10.9727,49.3517],[10.9704,49.3565],[10.9744,49.361],[10.9797,49.36],[10.9785,49.3619],[10.9843,49.3617],[10.9825,49.3633],[10.9885,49.3651],[10.9876,49.3672],[10.992,49.3695],[10.9873,49.3744],[10.991,49.3735],[10.9978,49.376],[10.9937,49.3766],[10.9938,49.3793],[10.9908,49.3824],[10.9786,49.3834],[10.9783,49.3845],[10.9705,49.3806],[10.9532,49.3819],[10.9542,49.3806],[10.9506,49.3806],[10.952,49.3786],[10.9498,49.3771],[10.9505,49.3746],[10.9409,49.3752],[10.9377,49.3774],[10.9368,49.3749],[10.9348,49.3745],[10.9372,49.3688],[10.9337,49.3691],[10.9351,49.3666],[10.9247,49.3712],[10.9258,49.3678],[10.934,49.3648],[10.9312,49.3582],[10.9276,49.3574],[10.9288,49.3562],[10.9123,49.3603],[10.9083,49.3589],[10.9071,49.3554],[10.8993,49.3569],[10.8724,49.3546],[10.8678,49.3562],[10.8667,49.3522],[10.8623,49.349],[10.8616,49.3431],[10.8631,49.3431],[10.8636,49.3398],[10.8667,49.3389],[10.8665,49.3351],[10.8651,49.3346],[10.8655,49.3297],[10.8684,49.3283],[10.8693,49.3249],[10.8727,49.3249],[10.873,49.323],[10.8691,49.3225],[10.8719,49.3197],[10.8638,49.3174],[10.8668,49.3148],[10.8754,49.3169],[10.8822,49.3152],[10.8875,49.3165],[10.8841,49.3126],[10.886,49.3119],[10.8856,49.3092],[10.8876,49.3065],[10.8933,49.308],[10.8978,49.3073],[10.8965,49.305],[10.8998,49.3001],[10.9002,49.2946],[10.9027,49.2949],[10.9072,49.2922],[10.9078,49.2864],[10.9015,49.2836],[10.9035,49.2804],[10.9,49.2798],[10.9021,49.2781],[10.9009,49.2747],[10.896,49.27],[10.8981,49.2659],[10.9009,49.2668],[10.903,49.2651],[10.9009,49.2638],[10.903,49.2632],[10.9039,49.2598],[10.9027,49.2598],[10.9012,49.2548],[10.9035,49.2526],[10.9079,49.2529],[10.9086,49.2545],[10.9114,49.2549],[10.9134,49.2466],[10.9065,49.2429],[10.8981,49.2432],[10.8934,49.2353],[10.893,49.2319],[10.8871,49.2331],[10.8773,49.231],[10.8738,49.2295],[10.8718,49.2259],[10.8589,49.2205],[10.8627,49.2161],[10.856,49.2156],[10.8549,49.2115],[10.8586,49.2105],[10.8591,49.2121],[10.8623,49.2123],[10.8627,49.2079],[10.8489,49.2046],[10.8372,49.1984],[10.837,49.1959]],[[11.1139,49.365],[11.1126,49.3665],[11.1142,49.3652],[11.1139,49.365]]]}},{"type":"Feature","properties":{"name":"Landkreis Tirschenreuth","osm_relation":62575},"geometry":{"type":"MultiPolygon","coordinates":[[[[11.8034,49.9523],[11.8064,49.9501],[11.8109,49.9521],[11.8082,49.9521],[11.8077,49.9537],[11.8034,49.9523]]],[[[11.811,49.9525],[11.8145,49.9498],[11.8125,49.9465],[11.8197,49.9446],[11.8207,49.9404],[11.8167,49.941],[11.8148,49.9372],[11.8165,49.9368],[11.8119,49.9329],[11.8209,49.9309],[11.8223,49.9354],[11.827,49.9354],[11.8315,49.9277],[11.8309,49.9248],[11.8349,49.9204],[11.8347,49.916],[11.8382,49.9136],[11.8353,49.9103],[11.8366,49.9077],[11.8394,49.9076],[11.8372,49.9069],[11.8373,49.9052],[11.8265,49.9053],[11.8229,49.9025],[11.8243,49.9012],[11.8281,49.902],[11.8287,49.9013],[11.8262,49.9005],[11.8293,49.899],[11.8317,49.9007],[11.8405,49.8988],[11.8394,49.8958],[11.8417,49.8929],[11.8455,49.8934],[11.8467,49.8954],[11.8497,49.894],[11.8478,49.8919],[11.8549,49.8923],[11.852,49.8876],[11.8543,49.8865],[11.8493,49.8853],[11.8469,49.8818],[11.8446,49.8829],[11.839,49.8787],[11.8456,49.8754],[11.8445,49.8708],[11.8419,49.8688],[11.8442,49.8672],[11.8423,49.8651],[11.854,49.857],[11.8585,49.8565],[11.8619,49.852],[11.857,49.8473],[11.8548,49.8471],[11.8563,49.8469],[11.8553,49.8454],[11.8571,49.8435],[11.856,49.8419],[11.8579,49.8417],[11.8581,49.8381],[11.8626,49.8377],[11.8661,49.8327],[11.8586,49.8288],[11.8587,49.8257],[11.8625,49.8263],[11.865,49.8249],[11.8658,49.8228],[11.8736,49.8182],[11.8729,49.8159],[11.8776,49.8155],[11.885,49.8105],[11.8904,49.8035],[11.8974,49.808],[11.9007,49.8069],[11.8993,49.8044],[11.9064,49.8035],[11.9097,49.7997],[11.9204,49.806],[11.9262,49.8075],[11.9292,49.8107],[11.9351,49.8124],[11.9459,49.8058],[11.9535,49.8052],[11.9729,49.8142],[11.9791,49.814],[11.9793,49.8161],[11.9814,49.8161],[11.9856,49.8202],[11.9927,49.8222],[11.9942,49.8176],[12.0049,49.8164],[12.0168,49.8081],[12.0252,49.7933],[12.0242,49.792],[12.0115,49.7953],[12.0046,49.7908],[12.0053,49.7886],[12.0116,49.785],[12.0179,49.7867],[12.02,49.7895],[12.0382,49.7873],[12.0445,49.7848],[12.0467,49.789],[12.0519,49.7898],[12.0501,49.7933],[12.054,49.7948],[12.0622,49.7888],[12.0703,49.7884],[12.0692,49.7877],[12.0781,49.7838],[12.0816,49.7853],[12.0816,49.7873],[12.0878,49.7854],[12.0868,49.7881],[12.0886,49.7908],[12.0931,49.7926],[12.092,49.7935],[12.0935,49.7938],[12.0927,49.7956],[12.0965,49.796],[12.0985,49.7979],[12.097,49.7985],[12.0997,49.8013],[12.0941,49.8036],[12.0947,49.8091],[12.0924,49.8108],[12.0938,49.8137],[12.1034,49.8183],[12.1041,49.8198],[12.1019,49.822],[12.1031,49.8235],[12.1087,49.8229],[12.1089,49.82],[12.1129,49.8196],[12.1164,49.8223],[12.1237,49.8214],[12.1229,49.8227],[12.124,49.8233],[12.1292,49.8207],[12.1324,49.8215],[12.1345,49.8228],[12.1335,49.823],[12.137,49.8285],[12.1363,49.8305],[12.1399,49.8327],[12.1448,49.8396],[12.1592,49.8434],[12.1589,49.8447],[12.1655,49.8447],[12.1674,49.8507],[12.1703,49.8524],[12.1693,49.8558],[12.1736,49.8563],[12.1741,49.8536],[12.1787,49.8514],[12.1773,49.8465],[12.1792,49.8458],[12.179,49.8432],[12.1814,49.843],[12.1785,49.8426],[12.1822,49.8423],[12.1807,49.8406],[12.1821,49.8387],[12.1936,49.8333],[12.1876,49.8293],[12.1944,49.8228],[12.1909,49.8217],[12.186,49.8228],[12.1842,49.8214],[12.1906,49.8171],[12.1991,49.8164],[12.2007,49.8144],[12.1998,49.812],[12.2114,49.8098],[12.2109,49.8072],[12.2034,49.8056],[12.2012,49.8034],[12.202,49.8026],[12.2082,49.8029],[12.2084,49.8052],[12.2104,49.8047],[12.209,49.8038],[12.21,49.8021],[12.2089,49.8009],[12.2121,49.8021],[12.2122,49.8009],[12.2235,49.8009],[12.2307,49.8025],[12.2363,49.7993],[12.2352,49.7963],[12.231,49.7946],[12.2318,49.7929],[12.2298,49.7918],[12.2296,49.7893],[12.2338,49.7871],[12.2293,49.7838],[12.2352,49.7803],[12.2335,49.7783],[12.2368,49.7758],[12.2365,49.7713],[12.248,49.7675],[12.2507,49.7706],[12.2545,49.7704],[12.2558,49.7671],[12.2608,49.7665],[12.2597,49.7655],[12.2632,49.7627],[12.2651,49.7639],[12.2736,49.7638],[12.2723,49.7665],[12.2831,49.771],[12.2867,49.7715],[12.2897,49.7698],[12.2955,49.7711],[12.2989,49.7668],[12.31,49.7643],[12.3112,49.7627],[12.3246,49.7643],[12.3253,49.7634],[12.321,49.7591],[12.3354,49.7584],[12.3456,49.7621],[12.3512,49.7665],[12.3568,49.7655],[12.3615,49.7698],[12.3726,49.7709],[12.3766,49.7673],[12.3793,49.768],[12.3819,49.7658],[12.3813,49.7618],[12.3849,49.7606],[12.3782,49.7585],[12.3779,49.7568],[12.3847,49.757],[12.3877,49.7537],[12.3923,49.754],[12.3955,49.7556],[12.394,49.7571],[12.4015,49.7586],[12.4048,49.7628],[12.4693,49.7871],[12.4727,49.7861],[12.4749,49.7902],[12.4742,49.792],[12.4698,49.7924],[12.4654,49.7951],[12.4706,49.7995],[12.4705,49.8023],[12.464,49.8101],[12.4673,49.8131],[12.4734,49.8151],[12.4763,49.8249],[12.4731,49.8337],[12.4832,49.8419],[12.498,49.8375],[12.4991,49.8473],[12.4974,49.8515],[12.4979,49.8569],[12.5077,49.8576],[12.5121,49.8594],[12.5186,49.8691],[12.5187,49.8772],[12.5216,49.8817],[12.5355,49.8908],[12.5399,49.8912],[12.5481,49.8989],[12.551,49.9039],[12.5512,49.9093],[12.549,49.9132],[12.5483,49.9193],[12.5427,49.9235],[12.5223,49.9277],[12.5121,49.9276],[12.493,49.9332],[12.4943,49.9368],[12.4783,49.9355],[12.4749,49.9385],[12.4701,49.9458],[12.47,49.9483],[12.4783,49.9568],[12.4816,49.9583],[12.4906,49.9586],[12.494,49.9699],[12.4996,49.972],[12.49,49.9816],[12.4766,49.9807],[12.4754,49.9838],[12.4685,49.9894],[12.47,49.9909],[12.4607,49.9949],[12.4538,49.9935],[12.4536,49.9917],[12.4407,49.9864],[12.4315,49.9844],[12.4314,49.9886],[12.4257,49.991],[12.4353,49.9935],[12.4353,49.9984],[12.432,50.0002],[12.4317,50.0025],[12.4243,50.0003],[12.4145,50.0046],[12.4021,50.005],[12.4023,50.0077],[12.3974,50.0089],[12.4028,50.0131],[12.4004,50.015],[12.3866,50.0125],[12.3797,50.0139],[12.3778,50.0165],[12.3787,50.0191],[12.3675,50.0174],[12.3657,50.0228],[12.3574,50.0256],[12.355,50.0288],[12.349,50.0321],[12.3497,50.0333],[12.3474,50.0367],[12.3397,50.0393],[12.3357,50.0385],[12.3335,50.0348],[12.3288,50.0322],[12.3259,50.0328],[12.3245,50.0338],[12.3255,50.037],[12.3245,50.0388],[12.3157,50.046],[12.3192,50.0487],[12.3173,50.0534],[12.3144,50.0525],[12.3112,50.0554],[12.299,50.0586],[12.2793,50.0552],[12.2781,50.0577],[12.2713,50.0614],[12.261,50.0585],[12.2566,50.0538],[12.2583,50.052],[12.2577,50.0488],[12.2483,50.044],[12.2466,50.0394],[12.241,50.0354],[12.2358,50.0371],[12.2205,50.0339],[12.2196,50.0353],[12.2039,50.0349],[12.2029,50.0333],[12.1981,50.033],[12.1971,50.0232],[12.2,50.021],[12.2013,50.0169],[12.1989,50.0139],[12.2005,50.0109],[12.1994,50.0083],[12.2008,50.0079],[12.1934,50.0036],[12.1934,50.0021],[12.1982,49.9991],[12.1946,49.9975],[12.1909,49.9989],[12.192,50.0008],[12.1468,49.9931],[12.1459,49.987],[12.1391,49.9897],[12.1262,49.9881],[12.1191,49.9863],[12.1159,49.9835],[12.1091,49.9812],[12.1087,49.9774],[12.0938,49.9757],[12.0764,49.9845],[12.0776,49.9863],[12.0762,49.9868],[12.0786,49.9876],[12.0771,49.9881],[12.0802,49.9926],[12.0707,49.9953],[12.0505,49.9799],[12.0374,49.9856],[12.0332,49.9893],[12.028,49.9887],[12.0325,49.9888],[12.0357,49.9867],[12.03,49.9853],[12.0293,49.9874],[12.0272,49.9875],[12.0284,49.9837],[12.0255,49.9806],[12.0256,49.9852],[12.0211,49.9853],[12.0204,49.9838],[12.0181,49.9865],[12.0196,49.9896],[12.0178,49.9884],[12.016,49.9917],[12.0132,49.988],[12.0158,49.9877],[12.0173,49.9847],[12.0117,49.9822],[12.0033,49.9812],[11.991,49.9823],[11.9845,49.9803],[11.9774,49.9834],[11.9669,49.9786],[11.9143,49.9707],[11.9032,49.9792],[11.9019,49.9772],[11.9045,49.9748],[11.9015,49.9727],[11.9013,49.9703],[11.8854,49.9691],[11.8834,49.9676],[11.8772,49.9683],[11.8784,49.9672],[11.8716,49.9663],[11.8683,49.9608],[11.8648,49.9599],[11.8566,49.961],[11.8512,49.9585],[11.8492,49.9613],[11.8335,49.961],[11.8328,49.9626],[11.8298,49.963],[11.8229,49.963],[11.8164,49.9606],[11.8137,49.9623],[11.8154,49.9638],[11.8141,49.9636],[11.8112,49.9611],[11.8113,49.9584],[11.8141,49.956],[11.811,49.9525]]]]}},{"type":"Feature","properties":{"name":"Landkreis Weißenburg-Gunzenhausen","osm_relation":62390},"geometry":{"type":"MultiPolygon","coordinates":[[[[10.7843,49.2021],[10.7817,49.2016],[10.7814,49.2026],[10.7839,49.2034],[10.7773,49.2047],[10.7717,49.2035],[10.7689,49.2011],[10.7629,49.2006],[10.7592,49.2037],[10.7488,49.1972],[10.7401,49.1971],[10.7406,49.1958],[10.7362,49.1929],[10.7374,49.1896],[10.7346,49.1869],[10.7312,49.1857],[10.723,49.1867],[10.716,49.1814],[10.7166,49.1798],[10.7088,49.1784],[10.7099,49.1732],[10.7142,49.1701],[10.7104,49.1673],[10.7103,49.1686],[10.703,49.1684],[10.6997,49.1622],[10.698,49.1618],[10.6988,49.1599],[10.6975,49.1581],[10.6929,49.1553],[10.6955,49.1516],[10.6821,49.1477],[10.677,49.1401],[10.6704,49.141],[10.671,49.1395],[10.6677,49.1376],[10.6681,49.1335],[10.6635,49.1326],[10.6624,49.1342],[10.6609,49.1324],[10.6543,49.1321],[10.6546,49.1286],[10.6572,49.1281],[10.6559,49.1266],[10.6568,49.1251],[10.6508,49.1224],[10.6552,49.1192],[10.6564,49.1173],[10.654,49.1168],[10.6554,49.1159],[10.6638,49.1167],[10.665,49.1135],[10.6631,49.1148],[10.6641,49.1126],[10.662,49.1124],[10.6614,49.1091],[10.6648,49.1086],[10.6564,49.1092],[10.6556,49.1075],[10.651,49.1073],[10.6512,49.1057],[10.6536,49.1052],[10.6535,49.1033],[10.6511,49.1034],[10.6524,49.1025],[10.6483,49.1022],[10.6485,49.1006],[10.6473,49.1007],[10.6484,49.0976],[10.6456,49.0904],[10.6472,49.0884],[10.6493,49.0894],[10.6519,49.0882],[10.6563,49.085],[10.6551,49.0837],[10.6565,49.083],[10.6758,49.0834],[10.674,49.0829],[10.6741,49.0799],[10.6713,49.0798],[10.6735,49.0724],[10.6791,49.073],[10.6879,49.0711],[10.684,49.0667],[10.6868,49.064],[10.6808,49.0596],[10.6877,49.0472],[10.6853,49.0461],[10.6857,49.0422],[10.6827,49.041],[10.6801,49.0428],[10.6767,49.0389],[10.6793,49.0366],[10.6793,49.034],[10.676,49.0324],[10.6739,49.0247],[10.6678,49.0229],[10.6685,49.0196],[10.667,49.0172],[10.6532,49.016],[10.6512,49.0187],[10.6464,49.0171],[10.6451,49.0187],[10.6431,49.0183],[10.6439,49.0177],[10.6411,49.0147],[10.643,49.014],[10.6435,49.011],[10.6389,49.0079],[10.6372,49.0032],[10.6389,48.9983],[10.6345,48.9984],[10.6349,48.9958],[10.6288,48.9957],[10.6297,48.9923],[10.6365,48.9909],[10.6354,48.9875],[10.6441,48.9855],[10.6405,48.9814],[10.6608,48.9859],[10.6714,48.9822],[10.675,48.9777],[10.6749,48.9737],[10.6781,48.9724],[10.6794,48.9669],[10.682,48.9644],[10.6857,48.9646],[10.6833,48.9632],[10.6858,48.9625],[10.6879,48.9591],[10.6922,48.9595],[10.6907,48.9585],[10.6935,48.9569],[10.6939,48.9521],[10.6924,48.9519],[10.6923,48.9496],[10.6893,48.9485],[10.689,48.9442],[10.6953,48.945],[10.7016,48.9435],[10.7006,48.939],[10.6921,48.9399],[10.6913,48.9349],[10.6864,48.9354],[10.6876,48.9332],[10.685,48.9296],[10.6706,48.9238],[10.67,48.9205],[10.6817,48.9137],[10.6749,48.9112],[10.6774,48.9117],[10.6786,48.9095],[10.6833,48.9118],[10.6838,48.9103],[10.6979,48.9077],[10.6989,48.9064],[10.6961,48.9058],[10.6966,48.9044],[10.7071,48.9081],[10.7114,48.9038],[10.7113,48.9003],[10.7171,48.8994],[10.7231,48.9006],[10.7241,48.9039],[10.728,48.9045],[10.7286,48.9084],[10.7347,48.9145],[10.7371,48.9205],[10.7346,48.9241],[10.7538,48.9251],[10.7564,48.9238],[10.7592,48.9194],[10.7652,48.9163],[10.7764,48.9162],[10.778,48.917],[10.7786,48.9201],[10.7745,48.92],[10.7702,48.9249],[10.7706,48.9263],[10.7741,48.9256],[10.7744,48.9285],[10.7864,48.9369],[10.7882,48.94],[10.7927,48.9394],[10.7945,48.943],[10.7985,48.9429],[10.7964,48.9414],[10.7979,48.9406],[10.8036,48.9436],[10.8038,48.9469],[10.8062,48.9488],[10.8114,48.9474],[10.8137,48.9491],[10.8161,48.9477],[10.8175,48.9493],[10.8175,48.9477],[10.8143,48.9458],[10.8173,48.943],[10.8143,48.9423],[10.8155,48.941],[10.8124,48.9395],[10.812,48.9369],[10.8215,48.9348],[10.8223,48.9341],[10.8183,48.9332],[10.8255,48.9312],[10.8277,48.9254],[10.8272,48.9212],[10.8294,48.9211],[10.8297,48.9188],[10.8284,48.9186],[10.8301,48.9184],[10.8326,48.9131],[10.8306,48.9135],[10.8298,48.9163],[10.8276,48.9159],[10.8284,48.9147],[10.8216,48.9119],[10.8205,48.91],[10.8079,48.9077],[10.8153,48.9013],[10.8184,48.9013],[10.8198,48.8985],[10.8234,48.8984],[10.8248,48.8961],[10.8298,48.8951],[10.8336,48.8959],[10.8311,48.9],[10.8364,48.896],[10.8491,48.8954],[10.8537,48.897],[10.8611,48.8951],[10.8637,48.8934],[10.8612,48.8933],[10.8602,48.8896],[10.855,48.8904],[10.8573,48.8887],[10.8531,48.8851],[10.8652,48.8853],[10.8672,48.8831],[10.8707,48.8828],[10.8703,48.8804],[10.868,48.8796],[10.8681,48.8756],[10.8941,48.8792],[10.9058,48.8823],[10.9077,48.8795],[10.9123,48.8794],[10.9117,48.8776],[10.9177,48.8756],[10.9147,48.8754],[10.9147,48.8735],[10.9188,48.8744],[10.9256,48.8728],[10.9304,48.8677],[10.9284,48.8651],[10.9314,48.8626],[10.9473,48.8644],[10.9629,48.8583],[10.9661,48.8606],[10.9627,48.8614],[10.9633,48.8635],[10.9661,48.8629],[10.963,48.8651],[10.9638,48.8692],[10.9695,48.8719],[10.974,48.8787],[11.0081,48.8864],[11.0144,48.887],[11.0185,48.8846],[11.0318,48.887],[11.0271,48.8897],[11.0295,48.8953],[11.0395,48.8978],[11.0448,48.9009],[11.0383,48.9043],[11.0314,48.9056],[11.0333,48.9093],[11.0367,48.9096],[11.0381,48.9063],[11.0453,48.902],[11.0466,48.9057],[11.0501,48.9083],[11.0586,48.9094],[11.0583,48.9132],[11.0716,48.9113],[11.0741,48.9147],[11.0729,48.9178],[11.0627,48.9269],[11.0509,48.9319],[11.0711,48.9501],[11.0699,48.9506],[11.0714,48.9519],[11.0703,48.9536],[11.0781,48.9566],[11.0831,48.9605],[11.0942,48.9619],[11.1013,48.9662],[11.1422,48.9651],[11.1394,48.9664],[11.1393,48.9682],[11.1441,48.9704],[11.1448,48.9731],[11.1409,48.9733],[11.1468,48.9807],[11.148,48.9848],[11.1426,48.9889],[11.1455,48.9896],[11.1432,48.9914],[11.1548,48.9929],[11.1591,48.996],[11.1626,48.996],[11.1634,48.9992],[11.1565,49.0002],[11.1554,49.0026],[11.1647,49.0043],[11.1641,49.0064],[11.1599,49.0079],[11.1596,49.0118],[11.1637,49.0121],[11.1622,49.0136],[11.1633,49.0148],[11.1735,49.0155],[11.1757,49.0161],[11.1755,49.0177],[11.1787,49.0172],[11.1783,49.0154],[11.1801,49.0143],[11.1856,49.014],[11.1815,49.0164],[11.1834,49.0183],[11.1898,49.0186],[11.1896,49.0229],[11.1838,49.0234],[11.186,49.0268],[11.1816,49.0272],[11.1804,49.0255],[11.1795,49.0259],[11.1876,49.0362],[11.2013,49.0466],[11.1928,49.0508],[11.1924,49.0529],[11.1874,49.0562],[11.1811,49.058],[11.1818,49.0594],[11.1796,49.0604],[11.1809,49.0616],[11.1759,49.0648],[11.1776,49.0673],[11.1733,49.0664],[11.1686,49.0727],[11.1718,49.077],[11.1651,49.0832],[11.1667,49.0843],[11.1603,49.0869],[11.1581,49.0825],[11.1527,49.0805],[11.1415,49.0835],[11.1413,49.0858],[11.1365,49.0839],[11.1343,49.0868],[11.1227,49.0859],[11.1225,49.0878],[11.1195,49.088],[11.1185,49.0895],[11.1142,49.0892],[11.1084,49.0961],[11.1002,49.0966],[11.093,49.0995],[11.0956,49.1016],[11.0895,49.1044],[11.0896,49.1058],[11.0857,49.1049],[11.0852,49.1064],[11.0815,49.1062],[11.0816,49.1082],[11.0791,49.1074],[11.0817,49.1106],[11.0783,49.1123],[11.0833,49.1176],[11.0802,49.12],[11.0803,49.1222],[11.0709,49.1216],[11.0725,49.1229],[11.0708,49.1228],[11.0675,49.1295],[11.0598,49.1275],[11.0577,49.1296],[11.0538,49.1274],[11.06,49.1263],[11.0572,49.1245],[11.051,49.1249],[11.0483,49.1262],[11.0492,49.1275],[11.0386,49.1299],[11.0363,49.1317],[11.0381,49.1336],[11.0359,49.1357],[11.0239,49.1363],[11.025,49.1371],[11.0231,49.1399],[11.018,49.1385],[11.0191,49.1431],[11.0148,49.1429],[11.0127,49.1451],[11.0045,49.1433],[11.0007,49.1436],[10.9997,49.1456],[10.9953,49.1445],[10.9932,49.146],[10.9979,49.1489],[10.995,49.1517],[10.997,49.1518],[10.9972,49.1556],[10.9858,49.1575],[10.9811,49.153],[10.9777,49.1536],[10.9682,49.1495],[10.9657,49.1518],[10.9578,49.1498],[10.9388,49.1485],[10.938,49.145],[10.943,49.1411],[10.9405,49.1396],[10.9409,49.1372],[10.9378,49.1313],[10.928,49.1327],[10.924,49.1359],[10.9222,49.1338],[10.9171,49.1375],[10.9116,49.1376],[10.9101,49.1397],[10.9062,49.1374],[10.9057,49.1432],[10.8956,49.1513],[10.8757,49.1537],[10.8758,49.1551],[10.8719,49.1554],[10.8734,49.1574],[10.8722,49.1592],[10.8697,49.1593],[10.8681,49.1574],[10.865,49.1579],[10.8623,49.1612],[10.8544,49.1611],[10.8559,49.1653],[10.8551,49.1698],[10.8602,49.1705],[10.8596,49.1723],[10.8615,49.1751],[10.8657,49.1769],[10.8726,49.1841],[10.8727,49.1875],[10.8758,49.1885],[10.8685,49.1876],[10.8653,49.1889],[10.8585,49.1859],[10.8595,49.1876],[10.8556,49.1886],[10.8423,49.1881],[10.8416,49.1903],[10.8454,49.1924],[10.8416,49.1955],[10.8372,49.1955],[10.8377,49.1978],[10.8249,49.1961],[10.8246,49.1948],[10.8199,49.1992],[10.8164,49.1967],[10.8056,49.1989],[10.7942,49.197],[10.7931,49.1977],[10.7948,49.1988],[10.7941,49.2016],[10.7874,49.2016],[10.7788,49.1967],[10.783,49.2004],[10.7805,49.2007],[10.7843,49.2021]],[[10.7125,49.1776],[10.7105,49.1786],[10.7127,49.1778],[10.7125,49.1776]]],[[[10.7843,49.2021],[10.7858,49.2019],[10.7884,49.2022],[10.7882,49.2026],[10.7843,49.2021]]]]}},{"type":"Feature","properties":{"name":"Landkreis Wunsiedel im Fichtelgebirge","osm_relation":62491},"geometry":{"type":"Polygon","coordinates":[[[11.7888,50.1034],[11.8012,50.1009],[11.8093,50.0975],[11.8117,50.0943],[11.8104,50.0906],[11.8184,50.0881],[11.8164,50.0861],[11.8171,50.0848],[11.8077,50.0841],[11.8046,50.0853],[11.8015,50.0843],[11.7992,50.0801],[11.7979,50.0818],[11.7967,50.0767],[11.8015,50.0719],[11.8058,50.0701],[11.8118,50.0714],[11.8279,50.0678],[11.8337,50.0648],[11.833,50.0606],[11.8351,50.0543],[11.8458,50.047],[11.8546,50.0467],[11.8667,50.0424],[11.8737,50.0329],[11.8604,50.0296],[11.8579,50.0275],[11.8589,50.0232],[11.8764,50.017],[11.8795,50.0121],[11.8859,50.0067],[11.8993,49.999],[11.8984,49.9927],[11.902,49.9879],[11.8999,49.9854],[11.9013,49.9827],[11.9039,49.9817],[11.9032,49.9792],[11.905,49.977],[11.9143,49.9707],[11.9669,49.9786],[11.9774,49.9834],[11.9845,49.9803],[11.991,49.9823],[12.0033,49.9812],[12.0117,49.9822],[12.0173,49.9847],[12.0158,49.9877],[12.0132,49.988],[12.016,49.9917],[12.0178,49.9884],[12.0196,49.9896],[12.0181,49.9865],[12.0204,49.9838],[12.0211,49.9853],[12.0256,49.9852],[12.0255,49.9806],[12.0284,49.9837],[12.0272,49.9875],[12.0293,49.9874],[12.03,49.9853],[12.0357,49.9867],[12.0325,49.9888],[12.028,49.9887],[12.0332,49.9893],[12.0374,49.9856],[12.0505,49.9799],[12.0707,49.9953],[12.0802,49.9926],[12.0771,49.9881],[12.0786,49.9876],[12.0762,49.9868],[12.0776,49.9863],[12.0764,49.9845],[12.0938,49.9757],[12.1087,49.9774],[12.1091,49.9812],[12.1159,49.9835],[12.1191,49.9863],[12.1262,49.9881],[12.1391,49.9897],[12.1459,49.987],[12.1468,49.9931],[12.192,50.0008],[12.1909,49.9989],[12.1946,49.9975],[12.1982,49.9991],[12.1934,50.0021],[12.1934,50.0036],[12.2008,50.0079],[12.1994,50.0083],[12.2005,50.0109],[12.1989,50.0139],[12.2013,50.0169],[12.2,50.021],[12.1971,50.0232],[12.1981,50.033],[12.2029,50.0333],[12.2039,50.0349],[12.2196,50.0353],[12.2205,50.0339],[12.2358,50.0371],[12.241,50.0354],[12.2466,50.0394],[12.2483,50.044],[12.2577,50.0488],[12.2583,50.052],[12.2566,50.0538],[12.261,50.0587],[12.2597,50.0611],[12.2608,50.0644],[12.2754,50.0765],[12.2655,50.079],[12.253,50.0874],[12.2524,50.0916],[12.2486,50.0908],[12.2484,50.0928],[12.2461,50.0924],[12.2444,50.0947],[12.2479,50.0956],[12.2467,50.0975],[12.2314,50.0943],[12.2303,50.0964],[12.2274,50.0971],[12.2287,50.1024],[12.2213,50.1039],[12.2105,50.1017],[12.2063,50.1069],[12.2006,50.1089],[12.1996,50.1118],[12.2026,50.1154],[12.1996,50.1173],[12.1963,50.1229],[12.1974,50.1262],[12.1961,50.1327],[12.1974,50.1356],[12.1946,50.1377],[12.1952,50.1432],[12.1985,50.1437],[12.2004,50.1458],[12.2036,50.1457],[12.2013,50.1483],[12.2035,50.1506],[12.2001,50.1515],[12.2114,50.1589],[12.216,50.1682],[12.2073,50.1695],[12.2083,50.1744],[12.2039,50.1807],[12.2012,50.1886],[12.1889,50.1955],[12.1913,50.1977],[12.1976,50.1979],[12.1971,50.1991],[12.1916,50.1987],[12.1901,50.2008],[12.1827,50.1992],[12.1816,50.2006],[12.1862,50.2031],[12.1841,50.2051],[12.1783,50.2048],[12.1754,50.2128],[12.1664,50.212],[12.1649,50.2135],[12.1597,50.2112],[12.1579,50.2145],[12.1638,50.2177],[12.163,50.2199],[12.149,50.2152],[12.1414,50.2177],[12.1367,50.2155],[12.1347,50.2162],[12.1291,50.2116],[12.1233,50.217],[12.1196,50.2148],[12.0932,50.2182],[12.0907,50.22],[12.0916,50.224],[12.0866,50.2243],[12.0846,50.2275],[12.0828,50.227],[12.0844,50.2246],[12.0802,50.2236],[12.0779,50.2208],[12.0705,50.2227],[12.0669,50.2206],[12.0679,50.2176],[12.0637,50.2154],[12.0552,50.215],[12.0556,50.2124],[12.0503,50.2093],[12.0494,50.2064],[12.0439,50.2017],[12.0441,50.1982],[12.0475,50.1975],[12.0444,50.1941],[12.0379,50.1932],[12.0325,50.1903],[12.0263,50.1911],[12.0319,50.1837],[12.0144,50.1788],[11.9993,50.1705],[11.9956,50.172],[11.989,50.1696],[11.9879,50.1718],[11.9914,50.1748],[11.9895,50.1771],[11.9903,50.1816],[11.987,50.1841],[11.9869,50.1859],[11.9937,50.1881],[11.9734,50.189],[11.9745,50.1913],[11.9726,50.1918],[11.9727,50.1943],[11.9655,50.1984],[11.9659,50.2021],[11.9647,50.2031],[11.9609,50.2016],[11.959,50.1993],[11.9597,50.1983],[11.9551,50.1955],[11.954,50.1977],[11.9553,50.1989],[11.9513,50.2014],[11.9494,50.1999],[11.9461,50.2005],[11.9465,50.1978],[11.945,50.1969],[11.9437,50.197],[11.9432,50.1995],[11.9371,50.1999],[11.9331,50.198],[11.9351,50.1947],[11.9333,50.1921],[11.9358,50.1891],[11.9412,50.1912],[11.9431,50.1882],[11.9407,50.1831],[11.9439,50.1816],[11.9326,50.1793],[11.9376,50.1738],[11.9226,50.1701],[11.9206,50.1682],[11.9221,50.1677],[11.9217,50.1663],[11.9183,50.1639],[11.8912,50.1504],[11.8851,50.1454],[11.8864,50.1436],[11.8848,50.1393],[11.8804,50.1376],[11.8737,50.1377],[11.8698,50.1325],[11.8609,50.1271],[11.8523,50.1265],[11.8485,50.1193],[11.8407,50.1195],[11.8349,50.1172],[11.8324,50.1133],[11.8241,50.1087],[11.8122,50.1044],[11.8004,50.107],[11.7888,50.1034]]]}}]}
